,HS JANV-DEC 2024,,,,,,,,,,,,,,,,,
,,,,,,,,,,,,,,,,,,
Matricule,Ancienneté,Date d'ancienneté,N-J-W,HEURES TRAVAILLES,taux horaire,Sal_ Brut,HSUP75,NBREHS75,HSUP100,NBREHS100,TOTAL COST,TOTAL HS,DIRECTION II,Direction,Sous-service,Section analytique,Site,Emploi type
00007,35.68,6/1/1989,260.00,2069.18,157.694,,181.833,7.250,,,,,INDUS,011,28,DIR-INDUS,KAL,MOI
00013,35.43,9/1/1989,264.00,2004.18,153.180,,,,,,,,GA,001,1,DG,LAC,
00041,30.25,11/1/1994,263.00,2101.86,102.994,,,,,,,,INDUS,004,15,WAREHOUSE,KAL,MAG
00042,24.82,4/1/2000,264.00,1964.61,207.020,,,,,,,,GA,002,38,DAF,KAL,
00075,24.47,8/4/2000,261.50,2083.18,119.538,,,,,,,,INDUS,011,28,DIR-INDUS,KAL,MOI
00086,14.57,6/22/2010,238.00,1845.92,56.083,,,,,,,,INDUS,009,32,CQ,KAL,
00096,32.09,1/1/1993,255.00,2053.77,142.757,,24.278,1.000,,,,,INDUS,011,28,DIR-INDUS,KAL,MOI
00107,24.19,11/14/2000,262.50,2109.01,129.040,,125.494,6.750,,,,,INDUS,011,28,FABRIQUANT,KAL,MOD
00112,24.15,12/1/2000,264.00,2004.50,433.908,,,,,,,,FOE,013,9,LINE_12,LAC,FF-MANAGER
00120,27.24,11/1/1997,66.00,1995.00,153.801,,,,,,,,GA,002,2,DAF,KAL,DIRECTEUR
00120,27.24,11/1/1997,198.00,1995.00,533.739,,,,,,,,GA,002,2,DAF,KAL,DIRECTEUR
00210,26.35,9/22/1998,264.00,2199.93,151.836,,,,,,,,INDUS,009,33,MQU,KAL,
00221,26.23,11/3/1998,264.00,1962.28,277.604,,,,,,,,INDUS,009,32,CQ,KAL,
00230,25.91,3/1/1999,264.00,2084.75,130.472,,,,,,,,GA,002,4,DAF,KAL,
00259,30.42,9/1/1994,264.00,2067.00,1159.644,,,,,,,,SHO,012,24,SHO-EXPORT,LAC,SA-MANAGER
00283,23.06,1/1/2002,264.00,2229.00,1722.780,,,,,,,,GA,001,1,DG,LAC,DIRECTEUR
00294,25.02,1/19/2000,257.50,2009.27,105.005,,,,,,,,INDUS,011,28,FABRIQUANT,KAL,MOD
00300,13.35,9/8/2011,168.50,1303.82,45.968,,,,105.639,8.250,,,INDUS,011,28,COND-IIAIR,KAL,MOD
00303,22.96,2/8/2002,264.00,2082.54,92.660,,,,,,,,INDUS,009,33,MQU,KAL,
00304,22.95,2/12/2002,256.00,2070.78,80.367,,,,353.759,24.000,,,INDUS,011,28,COND-IIAIR,KAL,MOD
00307,22.91,2/26/2002,178.50,1321.44,52.284,,,,201.245,14.750,,,INDUS,011,28,COND-IIAIR,KAL,MOD
00327,22.77,4/18/2002,264.00,2055.53,78.916,,,,,,,,INDUS,004,15,WAREHOUSE,KAL,
00329,13.59,6/14/2011,252.00,2042.86,73.866,,,,478.204,34.500,,,INDUS,004,15,WAREHOUSE,KAL,MAG
00332,22.77,4/16/2002,264.00,2063.63,127.468,,700.421,35.000,,,,,INDUS,011,28,FABRIQUANT,KAL,MOD
00361,22.49,7/29/2002,264.00,820.07,191.488,,,,,,,,GA,002,23,AFF-JUR,KAL,
00361,22.49,7/29/2002,,820.07,,,,,,,,,GA,015,3,AFF-JUR,KAL,
00372,22.37,9/9/2002,254.50,2010.27,69.803,,,,,,,,INDUS,011,28,COND-IIAIR,KAL,MOD
00386,22.30,10/7/2002,264.00,1937.17,142.156,,,,,,,,SHO,013,24,SHO,LAC,
00396,22.20,11/11/2002,264.00,1983.17,314.728,,,,,,,,INDUS,009,33,MQU,KAL,
00399,22.20,11/11/2002,252.00,1958.67,69.507,,,,,,,,INDUS,009,32,COND-IIAIR,KAL,
00399,22.20,11/11/2002,,1958.67,,,,,,,,,INDUS,011,28,COND-IIAIR,KAL,MOD
00402,22.24,10/28/2002,264.00,2004.50,351.576,,,,,,,,FOE,013,9,LINE_08,LAC,SUP-MEDICA
00417,21.98,1/29/2003,249.00,1982.39,94.831,,,,,,,,INDUS,011,28,FABRIQUANT,KAL,MOD
00419,21.97,2/4/2003,245.50,1948.01,75.155,,,,92.351,7.000,,,INDUS,011,28,COND-IIAIR,KAL,MOD
00420,21.72,5/5/2003,264.00,1997.50,569.124,,,,,,,,SHO,013,24,MKTNG-COM,LAC,
00421,21.89,3/3/2003,264.00,1957.90,599.244,,,,,,,,INDUS,011,28,DIR-INDUS,KAL,MOI
00453,21.39,9/1/2003,261.00,2072.95,79.760,,,,108.883,8.250,,,INDUS,011,28,COND-IIAIR,KAL,MOD
00469,21.10,12/16/2003,262.50,1822.00,124.084,,181.622,9.000,,,,,INDUS,011,28,FABRIQUANT,KAL,MOD
00480,21.05,1/5/2004,264.00,2155.20,97.412,,1063.278,69.750,139.507,7.750,,,INDUS,011,28,FABRIQUANT,KAL,MOD
00482,21.04,1/6/2004,254.00,2035.82,66.810,,,,,,,,INDUS,011,28,COND-IIAIR,KAL,MOD
00514,20.66,5/24/2004,264.00,2229.00,187.512,,,,,,,,INDUS,004,18,LOGISTIQUE,KAL,MAG
00530,12.97,1/23/2012,260.00,2061.06,119.386,,,,,,,,INDUS,011,28,FABRIQUANT,KAL,MOD
00574,16.07,12/22/2008,264.00,2076.00,632.744,,,,,,,,INDUS,004,26,LOGISTIQUE,KAL,DIRECTEUR
00621,19.28,10/10/2005,44.00,2142.50,14.344,,,,,,,,INDUS,009,33,LOGISTIQUE,KAL,
00621,19.28,10/10/2005,220.00,2142.50,79.688,,,,,,,,INDUS,004,16,LOGISTIQUE,KAL,
00669,18.18,4/3/2006,105.00,753.50,68.975,,,,,,,,FOE,013,9,LINE_04,LAC,VISIT-MEDI
00676,18.70,5/9/2006,264.00,2109.77,69.444,,,,157.019,12.250,,,INDUS,014,13,PRT,KAL,
00677,16.24,10/21/2008,264.00,2148.98,56.140,,363.105,40.000,218.758,21.750,,,INDUS,011,31,EHS,KAL,EHS-MOI
00712,18.39,8/29/2006,247.50,1495.68,76.805,,,,,,,,INDUS,004,15,WAREHOUSE,KAL,RMG
00717,18.41,8/21/2006,170.59,1222.27,59.148,,,,,,,,INDUS,009,32,CQ,KAL,ANA
00718,18.41,8/21/2006,260.00,1872.98,217.394,,,,,,,,GA,002,8,LOGISTIQUE,LAC,
00718,18.41,8/21/2006,,1872.98,,,,,,,,,INDUS,004,26,LOGISTIQUE,LAC,
00759,18.01,1/15/2007,264.00,2047.60,82.920,,46.662,3.500,925.454,62.250,,,INDUS,011,28,FABRIQUANT,KAL,MOD
00804,17.58,6/21/2007,257.00,2030.84,46.578,,26.713,3.500,,,,,INDUS,011,31,EHS,KAL,EHS-MOI
00817,17.22,10/29/2007,258.00,2048.73,78.837,,42.387,3.250,431.985,30.500,,,INDUS,011,28,COND-IIAIR,KAL,MOD
00832,17.24,10/24/2007,264.00,2046.57,53.980,,,,48.094,5.500,,,INDUS,011,31,EHS,KAL,EHS-MOI
00833,17.24,10/21/2007,258.00,1945.15,70.974,,,,,,,,INDUS,011,31,EHS,KAL,EHS-MOI
00851,16.49,7/21/2008,264.00,2110.60,69.120,,,,,,,,INDUS,011,31,EHS,KAL,EHS-MOI
00856,17.00,1/18/2008,250.00,2015.89,101.988,,807.736,47.000,229.625,11.500,,,INDUS,011,28,FABRIQUANT,KAL,MOD
00859,17.00,1/17/2008,261.50,2064.72,109.017,,414.343,23.500,,,,,INDUS,011,28,FABRIQUANT,KAL,MOD
00895,16.71,5/2/2008,262.00,2116.20,85.726,,92.151,7.000,,,,,INDUS,004,15,WAREHOUSE,KAL,MAG
00902,16.68,5/12/2008,132.50,1011.77,24.895,,,,55.126,6.500,,,INDUS,011,28,COND-IIAIR,KAL,MOD
00927,16.51,7/16/2008,263.50,2071.39,51.104,,8.225,1.000,,,,,INDUS,011,31,EHS,KAL,EHS-MOI
00954,16.40,8/25/2008,258.50,2001.39,102.942,,,,308.409,16.500,,,INDUS,009,32,CQ,KAL,
00957,16.16,11/19/2008,263.00,2060.48,98.526,,,,1421.614,80.000,,,INDUS,011,30,MNT,KAL,MAINT-MOI
00961,16.16,11/20/2008,263.50,2089.30,96.942,,,,,,,,INDUS,011,28,FABRIQUANT,KAL,MOD
00964,16.25,10/16/2008,215.50,2165.07,72.335,,1131.177,82.750,303.495,20.750,,,INDUS,009,32,CQ,KAL,
00964,16.25,10/16/2008,44.00,2165.07,15.478,,144.470,10.000,,,,,INDUS,011,28,CQ,KAL,MOD
00964,16.25,10/16/2008,,2165.07,,,,,,,,,INDUS,009,32,CQ,KAL,CCQ
00966,16.26,10/15/2008,264.00,2095.70,64.100,,33.300,3.250,,,,,INDUS,011,28,DIR-INDUS,KAL,MOI
01002,15.97,1/27/2009,264.00,2076.50,210.248,,,,,,,,FOE,013,9,LINE_06,LAC,DELEGUE
01004,15.97,1/26/2009,264.00,1995.50,236.444,,,,,,,,FOE,013,9,LINE_04,LAC,
01010,15.96,1/29/2009,256.00,2053.08,68.399,,,,,,,,INDUS,011,28,DIR-INDUS,KAL,MOI
01030,15.77,4/9/2009,262.00,1799.15,72.920,,109.335,9.750,1185.766,91.000,,,INDUS,011,30,MNT,KAL,MAINT-MOI
01033,15.75,4/17/2009,262.00,1959.50,207.313,,,,,,,,FOE,013,9,LINE_07,LAC,VISIT-MEDI
01045,15.70,5/6/2009,263.50,2091.53,51.730,,,,208.433,22.500,,,INDUS,011,28,FABRIQUANT,KAL,MOD
01046,15.70,5/6/2009,236.50,1897.12,43.512,,23.310,3.000,280.711,32.250,,,INDUS,011,28,COND-IIAIR,KAL,MOD
01065,15.63,6/1/2009,264.00,2191.09,726.264,,,,,,,,RD,005,11,BUSDEV,KAL,
01077,4.08,12/7/2020,233.00,2032.30,35.799,,77.866,12.000,66.458,8.500,,,INDUS,011,28,FABRIQUANT,KAL,MOD
01077,4.08,12/7/2020,22.00,2032.30,3.665,,,,,,,,INDUS,011,28,FABRIQUANT,KAL,MOD
01089,15.41,8/19/2009,262.00,2129.44,46.718,,41.430,5.500,530.988,63.500,,,INDUS,011,28,COND-IIAIR,KAL,MOD
01105,15.24,10/19/2009,261.50,2090.90,73.786,,24.116,2.000,971.192,73.250,,,INDUS,004,15,WAREHOUSE,KAL,MAG
01116,6.67,2/26/2018,156.50,1116.47,23.291,,,,92.047,14.000,,,INDUS,011,28,COND-IIAIR,KAL,MOD
01120,15.18,11/11/2009,256.50,2022.39,47.457,,,,,,,,INDUS,011,28,FABRIQUANT,KAL,MOD
01123,14.61,11/25/2009,132.00,863.97,60.900,,,,,,,,RD,005,11,DEVAMM,KAL,
01127,11.21,10/28/2013,32.55,955.90,38.655,,,,,,,,GA,007,25,ITM,KAL,
01127,11.21,10/28/2013,127.32,955.90,158.042,,,,,,,,GA,007,25,ITM,KAL,
01129,15.05,12/29/2009,263.00,2122.51,80.158,,,,275.222,19.250,,,INDUS,004,15,WAREHOUSE,KAL,MAG
01135,15.00,1/14/2010,263.00,2197.71,46.779,,22.830,3.000,677.995,80.500,,,INDUS,011,28,COND-IIAIR,KAL,MOD
01137,15.03,1/4/2010,264.00,1995.50,224.584,,,,,,,,FOE,013,9,LINE_02,LAC,DELEGUE
01141,15.03,1/4/2010,154.00,1982.50,104.855,,,,,,,,FOE,013,9,LINE_04,LAC,VISIT-MEDI
01141,15.03,1/4/2010,110.00,1982.50,79.325,,,,,,,,FOE,013,9,LINE_04,LAC,VISIT-MEDI
01160,14.97,1/25/2010,264.00,2004.50,213.748,,,,,,,,FOE,013,9,LINE_02,LAC,DELEGUE
01181,14.79,4/2/2010,257.00,2012.79,47.804,,,,80.855,9.000,,,INDUS,011,30,MNT,KAL,MAINT-MOI
01198,14.65,5/21/2010,254.00,2077.92,41.792,,,,233.250,30.000,,,INDUS,011,28,COND-IIAIR,KAL,MOD
01204,14.65,5/24/2010,264.00,1881.17,201.496,,,,,,,,GA,002,5,DAF,KAL,
01207,14.58,6/16/2010,263.00,1942.21,101.515,,,,348.738,18.750,,,INDUS,004,15,WAREHOUSE,KAL,RMG
01224,14.54,6/30/2010,261.50,2041.99,80.050,,39.206,3.000,123.218,8.250,,,INDUS,004,15,WAREHOUSE,KAL,MAG
01239,14.44,7/27/2010,263.00,1993.50,218.238,,,,,,,,FOE,013,9,LINE_04,LAC,
01240,14.47,7/27/2010,44.00,1868.98,40.672,,,,,,,,GA,003,7,LOGISTIQUE,KAL,
01240,14.47,7/27/2010,219.50,1868.98,228.346,,,,,,,,INDUS,004,16,LOGISTIQUE,KAL,
01250,13.95,2/1/2011,206.00,1606.09,64.029,,88.746,6.750,157.770,10.500,,,INDUS,011,28,FABRIQUANT,KAL,MOD
01253,14.45,8/4/2010,264.00,2147.77,48.608,,91.374,11.750,575.385,67.000,,,INDUS,011,28,COND-IIAIR,KAL,MOD
01272,14.34,9/14/2010,264.00,2045.00,97.352,,,,,,,,GA,002,5,DAF,KAL,
01276,14.33,9/16/2010,255.00,1968.77,46.852,,,,,,,,INDUS,011,31,EHS,KAL,EHS-MOI
01279,13.95,2/1/2011,262.50,2060.60,52.735,,,,67.084,7.750,,,INDUS,011,28,COND-IIAIR,KAL,MOD
01286,14.28,10/4/2010,140.00,1013.70,23.136,,,,,,,,INDUS,011,28,FABRIQUANT,KAL,MOD
01293,14.24,10/18/2010,255.00,2014.47,81.707,,27.338,2.000,,,,,INDUS,011,28,FABRIQUANT,KAL,MOD
01311,13.95,2/1/2011,44.00,1313.03,18.878,,,,,,,,INDUS,011,31,EHS,KAL,EHS-MOI
01311,13.95,2/1/2011,166.00,1313.03,77.959,,,,,,,,INDUS,011,31,EHS,KAL,EHS-MOI
01317,14.14,11/24/2010,263.00,2113.21,64.855,,355.676,35.250,518.730,44.750,,,INDUS,011,28,COND-IIAIR,KAL,MOD
01319,14.13,11/29/2010,258.50,2047.50,48.282,,,,,,,,INDUS,011,28,COND-IIAIR,KAL,MOD
01334,14.03,1/3/2011,264.00,2125.50,409.804,,,,,,,,RD,006,27,AFF-REG,LAC,DIRECTEUR
01336,14.02,1/6/2011,263.50,2172.52,104.323,,,,755.209,39.750,,,INDUS,011,28,DIR-INDUS,KAL,MOI
01351,13.98,1/21/2011,262.00,2110.52,83.267,,823.054,62.250,126.959,9.000,,,INDUS,011,28,FABRIQUANT,KAL,MOD
01354,13.95,2/1/2011,219.00,1629.23,42.652,,12.591,1.500,,,,,INDUS,011,28,FABRIQUANT,KAL,MOD
01355,13.95,2/1/2011,243.50,1889.20,49.181,,,,56.691,6.500,,,INDUS,011,28,DIR-INDUS,KAL,MOI
01378,13.88,3/1/2011,262.00,2940.89,58.034,,,,983.583,95.240,,,INDUS,011,31,EHS,KAL,EHS-MOI
01379,13.88,3/1/2011,264.00,2728.53,59.024,,,,924.216,88.710,,,INDUS,011,31,EHS,KAL,EHS-MOI
01385,1.35,8/28/2023,2.00,679.84,0.201,,,,,,,,INDUS,011,28,COND-IIAIR,KAL,MOD
01385,0.54,2/5/2024,90.50,679.84,9.273,,,,60.951,12.500,,,INDUS,011,28,COND-IIAIR,KAL,MOD
01392,13.82,3/21/2011,263.00,1595.65,206.133,,,,,,,,GA,008,191,GRH,KAL,
01448,13.34,9/13/2011,258.00,2105.40,45.141,,33.462,4.500,370.892,45.250,,,INDUS,011,28,COND-IIAIR,KAL,MOD
01452,12.47,9/14/2011,,,,,,,,,,,INDUS,011,28,COND-IIAIR,KAL,MOD
01458,13.32,9/19/2011,257.50,2105.29,53.936,,145.223,16.250,603.434,60.500,,,INDUS,011,28,COND-IIAIR,KAL,MOD
01461,13.32,9/19/2011,262.50,2085.68,67.167,,51.940,5.250,,,,,INDUS,011,28,DIR-INDUS,KAL,MOI
01465,13.30,9/26/2011,65.00,1780.75,75.909,,,,,,,,GA,007,25,ITM,KAL,
01465,13.30,9/26/2011,194.00,1780.75,252.224,,,,,,,,GA,007,25,ITM,KAL,
01473,13.26,10/10/2011,254.00,2013.70,68.620,,,,,,,,INDUS,009,32,CQ,KAL,CCQ
01476,13.24,10/18/2011,255.50,2061.36,57.112,,262.293,27.500,155.333,14.250,,,INDUS,011,28,FABRIQUANT,KAL,MOD
01479,13.24,10/19/2011,262.50,2154.97,42.903,,10.429,1.500,347.907,45.250,,,INDUS,011,28,COND-IIAIR,KAL,MOD
01493,13.11,12/5/2011,264.00,2080.88,103.256,,367.107,23.500,677.890,40.250,,,INDUS,011,30,MNT,KAL,MAINT-MOI
01502,12.99,1/17/2012,263.01,1942.13,171.367,,,,,,,,INDUS,009,37,MQU,KAL,
01525,12.37,2/20/2012,122.00,865.98,49.814,,,,,,,,GA,002,8,DAF,KAL,
01549,12.69,5/7/2012,160.00,1243.04,28.537,,,,186.988,22.750,,,INDUS,011,28,COND-IIAIR,KAL,MOD
01551,12.69,5/7/2012,252.50,2002.45,42.354,,24.932,3.500,136.361,16.750,,,INDUS,011,28,COND-IIAIR,KAL,MOD
01552,12.69,5/7/2012,240.50,1956.05,37.684,,11.570,1.750,226.547,31.250,,,INDUS,011,28,COND-IIAIR,KAL,MOD
01553,12.69,5/7/2012,259.00,2103.79,42.695,,12.272,1.750,425.998,54.750,,,INDUS,011,28,COND-IIAIR,KAL,MOD
01556,8.77,4/4/2016,264.00,1298.13,378.340,,,,,,,,GA,002,4,DAF,KAL,
01561,12.62,5/30/2012,263.00,2183.40,53.369,,29.992,3.500,603.286,64.250,,,INDUS,011,30,MNT,KAL,MAINT-MOI
01575,11.94,2/4/2013,200.50,1484.76,33.242,,10.599,1.500,104.121,13.500,,,INDUS,011,28,COND-IIAIR,KAL,MOD
01579,12.55,6/25/2012,264.00,1962.54,65.992,,,,,,,,INDUS,009,32,CQ,KAL,CCQ
01590,11.82,7/5/2012,87.50,541.25,30.184,,,,,,,,INDUS,011,28,FABRIQUANT,KAL,MOD
01595,4.18,10/30/2020,220.00,2062.94,53.278,,,,,,,,INDUS,009,32,CQ,KAL,
01595,4.18,10/30/2020,44.00,2062.94,11.186,,,,,,,,INDUS,009,32,CQ,KAL,
01600,12.42,8/13/2012,264.00,2201.42,58.160,,205.801,22.500,933.148,90.000,,,INDUS,011,30,MNT,KAL,MAINT-MOI
01615,11.98,1/21/2013,258.00,2075.87,41.064,,20.460,3.000,308.100,40.500,,,INDUS,011,28,COND-IIAIR,KAL,MOD
01619,11.98,1/21/2013,258.50,2121.02,40.889,,30.450,4.500,350.143,46.250,,,INDUS,011,28,COND-IIAIR,KAL,MOD
01620,11.97,1/22/2013,262.00,2191.88,44.435,,162.316,22.500,760.740,94.500,,,INDUS,011,28,COND-IIAIR,KAL,MOD
01625,12.35,9/7/2012,16.00,2162.12,7.515,,,,,,,,INDUS,011,28,MQU,KAL,MOI
01625,12.35,9/7/2012,242.00,2162.12,123.759,,,,,,,,INDUS,009,33,MQU,KAL,
01634,11.98,1/21/2013,259.00,2028.20,80.608,,122.926,9.250,,,,,INDUS,011,28,DIR-INDUS,KAL,MOI
01655,11.98,1/21/2013,246.00,1898.89,98.023,,47.744,3.250,113.326,6.750,,,INDUS,011,28,FABRIQUANT,KAL,MOD
01660,11.97,1/23/2013,219.00,2026.53,53.062,,46.983,4.500,,,,,INDUS,009,32,FABRIQUANT,KAL,CCQ
01660,11.97,1/23/2013,44.00,2026.53,11.186,,,,,,,,INDUS,011,28,FABRIQUANT,KAL,MOD
01671,11.90,2/18/2013,254.00,2046.34,39.903,,18.376,2.750,236.344,31.750,,,INDUS,011,28,COND-IIAIR,KAL,MOD
01672,11.90,2/18/2013,180.00,1287.68,27.406,,,,33.825,4.500,,,INDUS,011,28,FABRIQUANT,KAL,MOD
01681,11.90,2/18/2013,61.50,1860.52,37.118,,,,,,,,GA,007,25,ITM,KAL,
01681,11.90,2/18/2013,187.50,1860.52,125.314,,,,,,,,GA,007,25,ITM,KAL,
01690,11.89,2/21/2013,259.00,2086.10,47.680,,11.880,1.500,400.912,46.250,,,INDUS,011,28,COND-IIAIR,KAL,MOD
01706,5.77,4/2/2019,256.50,2038.24,37.263,,10.805,1.750,319.811,47.000,,,INDUS,011,28,FABRIQUANT,KAL,MOD
01706,5.77,4/2/2019,,2038.24,,,,,,,,,INDUS,011,28,FABRIQUANT,KAL,MOD
01708,11.78,4/1/2013,264.00,2202.00,164.372,,,,,,,,INDUS,004,18,LOGISTIQUE,KAL,MAG
01710,8.77,4/4/2016,173.00,1263.61,23.699,,18.038,3.000,165.741,26.500,,,INDUS,011,28,FABRIQUANT,KAL,MOD
01710,8.77,4/4/2016,,1263.61,,,,,,,,,INDUS,011,28,FABRIQUANT,KAL,MOD
01712,8.77,4/4/2016,258.00,2039.65,41.178,,,,275.486,37.500,,,INDUS,011,28,FABRIQUANT,KAL,MOD
01712,8.77,4/4/2016,,2039.65,,,,,,,,,INDUS,011,28,FABRIQUANT,KAL,MOD
01715,11.78,4/1/2013,264.00,1246.85,159.560,,,,,,,,GA,008,19,GRH,KAL,RH
01731,10.76,4/29/2013,1.50,,0.252,,,,,,,,INDUS,011,28,COND-IIAIR,KAL,MOD
01737,11.71,4/29/2013,242.00,1897.25,63.931,,217.477,19.500,432.045,35.500,,,INDUS,011,28,COND-IIAIR,KAL,MOD
01742,11.69,5/6/2013,253.00,2006.05,36.795,,9.220,1.500,148.787,22.500,,,INDUS,011,28,COND-IIAIR,KAL,MOD
01743,11.69,5/6/2013,264.00,2183.96,72.244,,86.196,7.750,592.066,46.750,,,INDUS,004,15,WAREHOUSE,KAL,MAG
01745,11.68,5/7/2013,230.50,1736.34,33.821,,96.415,16.000,211.426,30.700,,,INDUS,011,28,COND-IIAIR,KAL,MOD
01748,11.11,7/23/2013,172.00,1279.17,22.094,,34.457,6.250,136.999,23.000,,,INDUS,011,28,COND-IIAIR,KAL,MOD
01753,11.65,5/21/2013,257.00,1995.94,62.785,,,,167.008,14.000,,,INDUS,004,15,WAREHOUSE,KAL,
01765,9.28,9/28/2015,260.00,2025.87,121.617,,,,,,,,INDUS,004,14,LOGISTIQUE,KAL,
01770,11.58,6/13/2013,256.00,1957.32,48.618,,15.938,2.000,83.136,9.750,,,INDUS,011,30,MNT,KAL,MAINT-MOI
01780,11.55,6/26/2013,220.50,1542.23,66.085,,31.373,2.750,,,,,INDUS,009,32,CQ,KAL,ANA
01793,11.51,7/10/2013,264.00,9.00,46.060,,,,,,,,INDUS,011,31,EHS,KAL,EHS-MOI
01796,11.45,8/1/2013,260.50,2117.37,105.899,,,,,,,,INDUS,004,18,LOGISTIQUE,KAL,
01810,11.37,8/29/2013,263.00,2147.73,68.692,,,,1289.712,105.500,,,INDUS,004,15,WAREHOUSE,KAL,MAG
01814,11.36,9/2/2013,264.00,2207.12,82.840,,121.335,9.000,834.550,56.250,,,INDUS,011,28,DIR-INDUS,KAL,MOI
01816,11.36,9/2/2013,263.00,2152.01,39.003,,9.408,1.500,275.156,39.750,,,INDUS,011,28,COND-IIAIR,KAL,MOD
01823,11.32,9/16/2013,262.00,2027.93,40.875,,18.382,2.750,,,,,INDUS,011,28,DIR-INDUS,KAL,MOD
01832,11.23,10/21/2013,252.00,1841.51,54.136,,,,,,,,INDUS,011,28,DIR-INDUS,KAL,MOI
01833,11.23,10/21/2013,209.00,1643.69,92.854,,987.956,53.000,1272.830,59.500,,,INDUS,011,28,FABRIQUANT,KAL,MOD
01836,11.23,10/21/2013,264.00,2003.96,180.404,,,,,,,,INDUS,011,30,MNT,KAL,MAINT-MOI
01850,10.78,10/21/2013,154.00,1035.00,91.116,,,,,,,,FOE,013,9,LINE_08,LAC,VISIT-MEDI
01853,11.21,10/28/2013,264.00,1977.50,197.060,,,,,,,,FOE,013,9,LINE_14,LAC,DELEGUE
01859,11.17,11/11/2013,66.00,1862.99,46.554,,,,347.640,10.500,,,GA,007,25,ITM,KAL,
01859,11.17,11/11/2013,198.00,1862.99,157.254,,,,,,,,GA,007,25,ITM,KAL,
01868,10.99,1/15/2014,247.50,1927.80,42.096,,23.671,3.250,195.712,24.500,,,INDUS,011,28,COND-IIAIR,KAL,MOD
01869,10.88,1/15/2014,242.00,1722.96,194.827,,,,,,,,INDUS,009,32,CQ,KAL,
01871,10.99,1/16/2014,264.00,2117.00,410.672,,,,,,,,GA,008,19,GRH,KAL,MANAGER
01882,9.90,2/17/2015,216.00,1623.28,268.595,,,,,,,,RD,005,11,DEVAMM,KAL,
01895,10.80,3/24/2014,264.00,2046.36,66.108,,,,,,,,GA,001,1,DG,LAC,
01900,10.69,5/5/2014,66.00,1374.33,29.016,,,,144.449,7.000,,,GA,007,25,ITM,KAL,
01900,10.69,5/5/2014,198.00,1374.33,104.360,,,,,,,,GA,007,25,ITM,KAL,
01937,10.40,8/18/2014,264.00,2099.00,652.444,,,,,,,,GA,007,25,ITM,KAL,DIRECTEUR
01939,10.28,8/19/2014,171.00,1293.50,91.275,,,,,,,,FOE,013,9,LINE_08,LAC,VISIT-MEDI
01952,10.05,12/22/2014,264.00,1592.10,181.164,,,,,,,,INDUS,011,30,MNT,KAL,MAINT-MOI
01958,9.99,1/15/2015,259.00,1941.50,155.142,,,,,,,,FOE,013,9,LINE_01,LAC,DELEGUE
01978,9.76,4/8/2015,264.00,2004.50,154.120,,,,,,,,FOE,013,9,LINE_07,LAC,DELEGUE
01981,9.65,5/18/2015,264.00,2075.38,171.548,,,,,,,,GA,002,5,DAF,KAL,
01987,9.59,6/8/2015,263.50,2049.83,154.929,,,,,,,,INDUS,011,30,MNT,KAL,MAINT-MOI
01989,9.59,6/8/2015,264.00,2031.83,106.724,,15.291,1.000,708.056,37.750,,,INDUS,009,32,CQ,KAL,ANA
02096,8.73,4/18/2016,263.00,2023.69,230.926,,,,,,,,INDUS,009,35,CQ,KAL,
02100,8.69,5/2/2016,264.00,2373.14,92.792,,353.822,25.150,815.711,50.170,,,INDUS,011,30,MNT,KAL,MAINT-MOI
02125,8.44,8/1/2016,251.00,1915.89,125.429,,85.400,4.000,491.753,21.250,,,INDUS,011,28,FABRIQUANT,KAL,MOD
02139,7.73,10/3/2016,110.00,672.50,50.513,,,,,,,,FOE,013,9,LINE_02,LAC,VISIT-MEDI
02141,8.27,10/3/2016,264.00,1950.50,206.884,,,,,,,,FOE,013,9,LINE_08,LAC,VISIT-MEDI
02141,8.27,10/3/2016,,1950.50,,,,,,,,,FOE,013,9,LINE_08,LAC,SUP-MEDICA
02154,8.21,10/24/2016,264.00,2225.94,95.000,,1667.077,109.500,2066.936,120.000,,,INDUS,009,32,CQ,KAL,ANA
02155,8.21,10/25/2016,264.00,2004.50,210.276,,,,,,,,FOE,013,9,LINE_04,LAC,VISIT-MEDI
02161,7.24,12/1/2016,34.00,180.00,17.802,,,,,,,,FOE,013,9,LINE_06,LAC,DELEGUE
02174,7.94,1/30/2017,220.00,1724.68,33.957,,,,53.152,7.750,,,INDUS,011,28,COND-IIAIR,KAL,MOD
02213,7.62,5/25/2017,198.00,1648.16,32.322,,30.580,4.500,93.195,12.000,,,INDUS,004,15,WAREHOUSE,KAL,MAG
02223,7.55,6/21/2017,,,,,,,,,,,FOE,013,9,LINE_04,LAC,
02225,7.52,7/3/2017,264.00,1393.86,324.780,,,,,,,,RD,006,27,AFF-REG,LAC,
02244,6.74,4/11/2018,244.00,1937.06,36.329,,21.982,3.500,168.001,24.750,,,INDUS,011,28,DIR-INDUS,KAL,MOI
02250,7.36,8/29/2017,263.00,2174.87,51.608,,61.654,8.000,371.913,41.250,,,INDUS,004,15,WAREHOUSE,KAL,MAG
02264,6.00,1/7/2019,254.00,1987.84,35.286,,,,,,,,INDUS,011,31,EHS,KAL,EHS-MOI
02268,8.97,1/19/2016,130.00,2045.50,147.622,,,,,,,,SHO,013,24,LINE_05,LAC,
02268,8.97,1/19/2016,132.00,2045.50,161.412,,,,,,,,FOE,013,9,LINE_05,LAC,
02268,8.97,1/19/2016,,2045.50,,,,,,,,,SHO,013,24,LINE_05,LAC,
02290,6.88,2/20/2018,264.00,2106.02,90.196,,,,461.841,29.250,,,INDUS,009,32,CQ,KAL,ANA
02294,6.39,3/5/2018,136.00,933.50,80.725,,,,,,,,FOE,013,9,LINE_08,LAC,DELEGUE
02302,3.22,10/14/2021,252.50,1992.58,108.276,,,,,,,,RD,005,11,DEVAMM,KAL,
02315,6.34,9/5/2018,264.00,2102.81,68.848,,,,,,,,INDUS,009,32,CQ,KAL,ANA
02325,6.36,8/28/2018,257.50,2092.62,36.845,,10.582,1.750,261.063,39.000,,,INDUS,011,28,COND-IIAIR,KAL,MOD
02328,6.53,6/27/2018,22.00,1359.44,17.102,,,,,,,,GA,015,3,AFF-JUR,LAC,
02328,6.53,6/27/2018,242.00,1359.44,219.498,,,,,,,,GA,015,3,AFF-JUR,LAC,
02341,1.23,10/9/2023,263.50,2091.34,55.394,,94.966,11.000,,,,,INDUS,009,32,CQ,KAL,ANA
02343,6.00,1/8/2019,22.00,2095.87,7.405,,,,,,,,INDUS,004,16,DIR-INDUS,KAL,
02343,6.00,1/8/2019,241.00,2095.87,92.223,,,,,,,,INDUS,011,28,DIR-INDUS,KAL,MOI
02351,6.30,9/21/2018,259.00,2045.11,38.103,,,,44.293,7.000,,,INDUS,011,28,COND-IIAIR,KAL,MOD
02353,6.46,7/23/2018,264.00,1452.73,569.420,,,,,,,,SHO,012,24,SHO-EXPORT,LAC,
02356,6.42,8/6/2018,264.00,2067.50,203.732,,,,,,,,FOE,013,9,LINE_09,LAC,VISIT-MEDI
02356,6.42,8/6/2018,,2067.50,,,,,,,,,FOE,013,9,LINE_09,LAC,
02367,5.92,9/25/2018,161.50,1183.61,20.429,,,,,,,,INDUS,011,28,COND-IIAIR,KAL,MOD
02368,6.28,9/25/2018,251.50,1984.51,125.710,,,,,,,,INDUS,011,28,DIR-INDUS,KAL,MOI
02375,6.24,10/11/2018,263.50,2109.47,68.150,,,,278.556,22.750,,,INDUS,004,15,WAREHOUSE,KAL,MAG
02377,6.23,10/16/2018,263.00,2246.37,36.978,,438.392,73.750,417.537,63.250,,,INDUS,011,31,EHS,KAL,EHS-MOI
02380,6.17,11/5/2018,264.00,2022.00,376.640,,,,,,,,GA,003,7,CG,KAL,
02385,6.13,11/19/2018,264.00,1968.50,181.124,,,,,,,,FOE,013,9,LINE_06,LAC,VISIT-MEDI
02385,6.13,11/19/2018,,1968.50,,,,,,,,,FOE,013,9,LINE_06,LAC,SUP-MEDICA
02390,5.94,1/28/2019,254.50,1936.20,36.463,,,,,,,,INDUS,011,28,FABRIQUANT,KAL,MOD
02390,5.94,1/28/2019,,1936.20,,,,,,,,,INDUS,011,28,FABRIQUANT,KAL,MOD
02394,6.04,12/24/2018,263.50,2137.03,69.902,,530.378,48.500,619.869,50.000,,,INDUS,009,32,CQ,KAL,ANA
02402,5.96,1/21/2019,263.00,1995.50,207.137,,,,,,,,FOE,013,9,LINE_04,LAC,VISIT-MEDI
02419,5.21,10/23/2019,220.00,1967.49,103.486,,154.777,8.250,,,,,RD,005,11,DEVAMM,KAL,
02419,5.21,10/23/2019,44.00,1967.49,21.366,,,,,,,,RD,005,11,DEVAMM,KAL,
02428,5.86,2/28/2019,259.00,2081.48,89.039,,208.903,15.250,677.544,41.000,,,INDUS,011,28,FABRIQUANT,KAL,MOD
02447,5.76,4/4/2019,264.00,2097.80,60.904,,,,774.203,69.250,,,INDUS,004,15,WAREHOUSE,KAL,MAG
02451,5.74,4/11/2019,255.00,2053.99,51.504,,,,203.419,21.500,,,INDUS,009,32,CQ,KAL,ANA
02452,5.73,4/15/2019,263.50,2052.85,92.137,,,,,,,,GA,002,8,LOGISTIQUE,KAL,
02452,5.73,4/15/2019,,2052.85,,,,,,,,,INDUS,004,26,LOGISTIQUE,KAL,
02455,4.67,5/4/2020,86.50,2143.67,11.128,,,,85.530,14.000,,,INDUS,011,28,COND-IIAIR,KAL,MOD
02455,4.67,5/4/2020,175.00,2143.67,25.414,,141.642,23.750,344.201,50.500,,,INDUS,011,28,COND-IIAIR,KAL,MOD
02459,0.89,2/12/2024,121.50,1239.65,12.396,,,,96.199,20.000,,,INDUS,011,28,COND-IIAIR,KAL,MOD
02459,0.13,11/14/2024,25.50,1239.65,2.739,,,,,,,,INDUS,011,28,COND-IIAIR,KAL,MOD
02464,5.10,5/20/2019,107.00,703.00,52.613,,,,,,,,FOE,013,9,LINE_10,LAC,DELEGUE
02467,5.63,5/23/2019,264.00,1995.50,175.212,,,,,,,,FOE,013,9,LINE_03,LAC,VISIT-MEDI
02470,5.53,6/27/2019,263.00,2126.31,41.025,,312.914,50.000,183.619,23.500,,,INDUS,011,28,COND-IIAIR,KAL,MOD
02474,5.57,6/12/2019,237.00,1820.21,82.578,,189.903,13.500,472.583,29.250,,,INDUS,011,28,FABRIQUANT,KAL,MOD
02481,4.92,2/3/2020,22.00,2142.19,2.869,,,,,,,,INDUS,011,28,COND-IIAIR,KAL,MOD
02481,4.92,2/3/2020,239.50,2142.19,34.414,,32.047,5.250,313.967,46.750,,,INDUS,011,28,COND-IIAIR,KAL,MOD
02482,4.58,6/27/2019,11.00,37.02,3.988,,,,93.584,5.500,,,INDUS,011,30,MNT,KAL,MAINT-MOI
02483,5.50,6/27/2019,250.00,1800.00,111.955,,,,,,,,FOE,013,9,LINE_06,LAC,VISIT-MEDI
02487,5.52,7/1/2019,264.00,2156.80,125.900,,2086.725,104.250,1221.898,53.500,,,INDUS,011,28,DIR-INDUS,KAL,MOI
02495,1.18,10/30/2023,260.50,2099.61,27.065,,56.244,12.750,364.843,73.500,,,INDUS,011,28,COND-IIAIR,KAL,MOD
02512,4.53,9/13/2019,48.00,297.00,21.600,,,,,,,,FOE,013,9,LINE_08,LAC,VISIT-MEDI
02517,5.24,10/10/2019,263.50,2014.30,101.728,,463.886,32.500,307.019,15.750,,,INDUS,011,28,FABRIQUANT,KAL,MOD
02521,5.21,10/23/2019,256.00,1960.35,90.472,,,,,,,,INDUS,009,32,CQ,KAL,ANA
02522,5.19,10/28/2019,264.00,1744.88,311.424,,,,,,,,SHO,013,24,MKTNG-COM,LAC,
02525,5.17,11/4/2019,264.00,977.50,332.616,,,,,,,,MEDIM,016,40,MEDIMARK,LAC,
02528,5.11,11/25/2019,264.00,2026.50,1067.432,,,,,,,,SHO,013,24,SHO,LAC,SA-MANAGER
02530,5.09,12/3/2019,261.50,2098.25,127.971,,788.813,40.000,446.543,19.500,,,INDUS,011,28,FABRIQUANT,KAL,MOD
02531,4.37,12/11/2019,88.00,564.50,34.264,,,,,,,,FOE,013,9,LINE_14,LAC,PHARMA
02533,4.46,1/9/2020,113.00,771.50,49.470,,,,,,,,FOE,013,9,LINE_02,LAC,VISIT-MEDI
02536,4.98,1/13/2020,263.00,1259.26,237.412,,,,,,,,SHO,013,24,DG,LAC,
02536,4.98,1/13/2020,,1259.26,,,,,,,,,GA,001,1,DG,LAC,
02545,4.91,2/7/2020,264.00,2004.50,140.360,,,,,,,,FOE,013,9,LINE_03,LAC,DELEGUE
02551,4.84,3/3/2020,44.00,2503.41,9.862,,,,142.223,13.520,,,INDUS,011,30,MNT,KAL,MAINT-MOI
02551,4.84,3/3/2020,220.00,2503.41,54.582,,338.267,36.750,883.171,76.640,,,INDUS,011,30,MNT,KAL,MAINT-MOI
02555,4.82,3/12/2020,264.00,2032.50,119.172,,,,,,,,FOE,013,9,LINE_06,LAC,VISIT-MEDI
02564,4.61,5/27/2020,264.00,2031.50,117.636,,,,,,,,FOE,013,9,LINE_14,LAC,PHARMA
02565,4.61,5/27/2020,264.00,1291.72,359.540,,,,,,,,SHO,013,24,MKTNG-COM,LAC,
02577,4.00,6/23/2020,116.00,769.50,50.672,,,,,,,,FOE,013,9,LINE_03,LAC,VISIT-MEDI
02596,4.29,9/21/2020,264.00,1977.50,123.652,,,,,,,,FOE,013,9,LINE_10,LAC,DELEGUE
02601,4.10,11/30/2020,224.50,1912.83,31.650,,25.857,4.250,374.962,56.500,,,INDUS,011,28,COND-IIAIR,KAL,MOD
02601,4.10,11/30/2020,16.50,1912.83,2.444,,,,,,,,INDUS,011,28,COND-IIAIR,KAL,MOD
02603,3.94,1/25/2021,,,,,,,,,,,FOE,013,9,LINE_07,LAC,VISIT-MEDI
02608,3.72,2/2/2021,198.00,1482.50,108.455,,,,,,,,FOE,013,9,LINE_14,LAC,PHARMA
02614,3.88,2/16/2021,264.00,2022.50,150.964,,,,,,,,FOE,013,9,LINE_04,LAC,VISIT-MEDI
02619,3.88,2/17/2021,261.00,1986.50,124.186,,,,,,,,FOE,013,9,LINE_07,LAC,DELEGUE
02622,3.16,2/24/2021,88.00,561.77,39.388,,,,,,,,RD,005,11,DEVAMM,KAL,
02634,3.55,4/5/2021,216.00,1536.50,102.073,,,,,,,,FOE,013,9,LINE_07,LAC,VISIT-MEDI
02641,1.90,2/7/2023,264.00,2119.57,36.538,,123.906,22.130,208.580,27.500,,,RD,005,11,DEVAMM,KAL,
02646,3.48,7/13/2021,263.00,1986.18,96.832,,,,,,,,GA,002,2,DAF,KAL,
02657,2.74,9/27/2021,132.00,878.83,90.588,,,,,,,,GA,008,19,GRH,KAL,RH
02659,2.31,9/30/2021,11.00,36.35,3.814,,,,,,,,INDUS,011,30,MNT,KAL,MAINT-MOI
02662,3.25,10/4/2021,264.00,2129.38,48.748,,142.711,19.000,164.677,20.000,,,INDUS,009,32,CQ,KAL,ANA
02665,3.17,11/1/2021,264.00,2131.84,68.020,,41.885,4.250,322.568,27.610,,,INDUS,011,30,MNT,KAL,MAINT-MOI
02666,2.70,11/8/2021,136.50,1067.82,110.810,,,,,,,,INDUS,011,28,DIR-INDUS,KAL,MOI
02669,3.09,12/2/2021,264.00,2049.50,140.144,,,,,,,,FOE,013,9,LINE_14,LAC,PHARMA
02670,3.02,12/27/2021,264.00,2144.70,142.760,,28.806,1.250,456.585,18.750,,,INDUS,009,37,MQU,KAL,
02673,3.00,1/3/2022,259.00,1941.50,125.557,,,,,,,,FOE,013,9,LINE_14,LAC,PHARMA
02674,2.22,1/3/2022,66.00,463.62,18.045,,,,,,,,INDUS,004,26,LOGISTIQUE,KAL,ACH
02676,2.61,1/11/2022,168.00,1131.50,78.931,,,,,,,,FOE,013,9,LINE_11,LAC,
02677,2.98,1/11/2022,261.00,2022.50,112.217,,,,,,,,FOE,013,9,LINE_06,LAC,
02678,2.45,1/11/2022,113.00,789.50,68.571,,,,,,,,FOE,013,9,LINE_03,LAC,
02679,2.98,1/11/2022,264.00,1986.50,141.320,,,,,,,,FOE,013,9,LINE_03,LAC,
02681,2.97,1/13/2022,264.00,2013.50,125.784,,,,,,,,FOE,013,9,LINE_10,LAC,
02683,2.94,1/24/2022,263.00,2025.00,105.453,,,,,,,,FOE,013,9,LINE_09,LAC,
02685,1.51,7/18/2022,7.00,,3.030,,,,,,,,INDUS,009,37,MQU,KAL,
02687,2.32,9/7/2022,44.00,1796.24,11.538,,,,,,,,INDUS,011,30,EHS,KAL,MAINT-MOI
02687,2.32,9/7/2022,132.00,1796.24,46.154,,,,,,,,INDUS,011,31,EHS,KAL,EHS-MOI
02687,2.32,9/7/2022,88.00,1796.24,52.892,,,,,,,,INDUS,011,31,EHS,KAL,EHS-MOI
02689,1.51,7/18/2022,15.00,55.18,6.492,,,,,,,,INDUS,009,33,MQU,KAL,
02691,2.82,3/9/2022,44.00,1677.45,42.048,,,,,,,,SHO,013,24,MKTNG-COM,LAC,
02691,2.82,3/9/2022,220.00,1677.45,242.424,,,,,,,,SHO,013,24,MKTNG-COM,LAC,
02694,2.84,3/1/2022,259.00,1941.50,141.945,,,,,,,,FOE,013,9,LINE_14,LAC,
02697,2.32,9/8/2022,22.00,2149.78,8.150,,,,,,,,INDUS,011,28,MQU,KAL,MOI
02697,2.32,9/8/2022,153.00,2149.78,62.163,,,,,,,,INDUS,009,33,MQU,KAL,
02697,2.32,9/8/2022,88.00,2149.78,38.084,,,,,,,,INDUS,009,33,MQU,KAL,
02698,1.88,3/8/2022,3.00,,2.442,,,,,,,,INDUS,009,32,CQ,KAL,
02703,1.86,4/14/2022,33.00,90.00,9.149,,,,,,,,FOE,013,9,LINE_10,LAC,
02706,2.70,4/21/2022,252.50,1982.05,30.639,,24.499,4.750,,,,,INDUS,011,31,EHS,KAL,EHS-MOI
02708,2.19,5/16/2022,133.00,933.50,51.975,,,,,,,,FOE,013,9,LINE_09,LAC,
02713,2.13,6/6/2022,136.00,933.50,57.580,,,,,,,,FOE,013,9,LINE_09,LAC,
02714,2.56,6/14/2022,261.00,2013.50,144.918,,,,,,,,FOE,013,9,LINE_06,LAC,
02715,2.55,6/15/2022,110.00,1646.51,31.250,,,,,,,,INDUS,009,33,MQU,KAL,
02715,2.55,6/15/2022,110.00,1646.51,58.715,,,,,,,,INDUS,009,33,MQU,KAL,
02719,1.59,6/20/2022,22.00,135.14,13.986,,,,,,,,INDUS,004,15,WAREHOUSE,KAL,
02730,2.48,7/13/2022,22.00,1982.00,9.368,,,,,,,,FOE,013,9,LINE_07,LAC,
02730,2.48,7/13/2022,241.00,1982.00,114.776,,,,,,,,FOE,013,9,LINE_07,LAC,
02731,2.48,7/11/2022,22.00,2049.50,10.560,,,,,,,,FOE,013,9,LINE_03,LAC,
02731,2.48,7/11/2022,241.00,2049.50,125.941,,,,,,,,FOE,013,9,LINE_03,LAC,
02732,2.46,7/18/2022,22.00,1797.50,9.368,,,,,,,,FOE,013,9,LINE_03,LAC,
02732,2.46,7/18/2022,226.00,1797.50,104.569,,,,,,,,FOE,013,9,LINE_03,LAC,
02733,2.42,8/1/2022,22.00,1899.30,11.002,,,,,,,,SHO,013,24,MKTNG-COM,LAC,
02733,2.42,8/1/2022,242.00,1899.30,131.758,,,,,,,,SHO,013,24,MKTNG-COM,LAC,
02738,2.40,8/9/2022,65.00,1995.50,27.678,,,,,,,,FOE,013,9,LINE_02,LAC,
02738,2.40,8/9/2022,195.00,1995.50,95.050,,,,,,,,FOE,013,9,LINE_02,LAC,
02739,2.37,8/22/2022,42.50,934.81,32.616,,,,,,,,GA,007,25,ITM,KAL,
02739,2.37,8/22/2022,21.50,934.81,16.500,,,,,,,,GA,007,25,ITM,KAL,
02739,2.17,8/22/2022,146.00,934.81,123.778,,,,,,,,GA,007,25,ITM,KAL,
02750,1.51,11/16/2022,110.00,747.00,170.740,,,,,,,,FOE,013,9,LINE_03,LAC,SUP-MEDICA
02750,2.13,11/16/2022,,747.00,,,,,,,,,FOE,013,9,LINE_03,LAC,SUP-MEDICA
02751,2.00,1/2/2023,132.00,2038.50,39.430,,,,,,,,FOE,013,9,LINE_02,LAC,
02751,2.00,1/2/2023,132.00,2038.50,45.666,,,,,,,,FOE,013,9,LINE_02,LAC,
02753,2.00,1/2/2023,263.00,2011.50,308.389,,,,,,,,FOE,013,9,LINE_02,LAC,SUP-MEDICA
02754,2.00,1/2/2023,264.00,1977.50,234.556,,,,,,,,FOE,013,9,LINE_03,LAC,
02756,2.00,1/2/2023,264.00,2018.00,260.460,,,,,,,,FOE,013,9,LINE_04,LAC,DELEGUE
02757,1.14,1/2/2023,36.00,216.00,26.893,,,,,,,,FOE,013,9,LINE_10,LAC,
02768,1.98,1/10/2023,264.00,1217.98,350.592,,,,,,,,SHO,013,24,LINE_12,LAC,
02768,1.98,1/10/2023,,1217.98,,,,,,,,,FOE,013,9,LINE_12,LAC,
02771,1.96,1/16/2023,132.00,2040.50,94.820,,,,,,,,FOE,013,9,LINE_11,LAC,DELEGUE
02771,1.96,1/16/2023,132.00,2040.50,96.720,,,,,,,,FOE,013,9,LINE_11,LAC,DELEGUE
02772,1.96,1/16/2023,264.00,2047.25,327.244,,,,,,,,INDUS,014,13,PRT,KAL,
02772,1.96,1/16/2023,,2047.25,,,,,,,,,INDUS,014,13,PRT,KAL,
02773,1.94,1/23/2023,264.00,1881.54,103.100,,,,,,,,GA,008,19,GRH,KAL,RH
02779,1.92,2/2/2023,,,,,,,,,,,INDUS,009,32,CQ,KAL,
02780,1.91,2/6/2023,256.50,2024.84,32.980,,37.695,7.000,169.243,27.500,,,INDUS,009,32,CQ,KAL,ANA
02785,1.85,2/15/2023,264.00,1913.15,118.482,,,,,,,,RD,005,11,DEVAMM,KAL,
02788,1.87,2/20/2023,176.00,1980.00,97.760,,,,,,,,FOE,013,9,LINE_10,LAC,DELEGUE
02788,1.84,2/20/2023,88.00,1980.00,50.788,,,,,,,,FOE,013,9,LINE_10,LAC,DELEGUE
02790,0.97,3/3/2023,23.50,154.87,3.492,,,,,,,,INDUS,004,26,LOGISTIQUE,KAL,
02795,1.83,3/7/2023,261.50,2044.12,104.755,,,,,,,,INDUS,011,28,DIR-INDUS,KAL,MOI
02798,0.94,3/15/2023,26.00,126.00,13.878,,,,,,,,FOE,013,9,LINE_08,LAC,DELEGUE
02800,1.24,3/28/2023,116.00,792.00,52.178,,,,,,,,FOE,013,9,LINE_14,LAC,
02801,0.98,3/28/2023,66.00,,35.229,,,,,,,,SHO,013,24,MKTNG-COM,LAC,
02802,1.77,3/28/2023,262.00,2068.37,99.260,,,,,,,,INDUS,011,28,DIR-INDUS,KAL,MOI
02803,1.73,4/11/2023,263.50,1907.38,367.860,,,,,,,,RD,005,11,BUSDEV,KAL,
02805,1.69,4/24/2023,264.00,1659.75,382.632,,,,,,,,MEDIM,016,40,MEDIMARK,LAC,
02806,1.67,5/2/2023,44.00,503.73,34.204,,,,,,,,SHO,013,24,LINE_15,LAC,
02806,0.97,5/2/2023,44.00,503.73,34.204,,,,,,,,FOE,013,9,LINE_15,LAC,
02807,1.67,5/4/2023,220.00,2191.61,102.200,,,,610.081,27.250,,,INDUS,004,15,WAREHOUSE,KAL,RMG
02807,1.67,5/4/2023,44.00,2191.61,21.372,,,,108.293,4.750,,,INDUS,004,15,WAREHOUSE,KAL,RMG
02808,1.66,5/8/2023,154.00,2065.38,23.555,,,,,,,,GA,002,4,DAF,KAL,
02808,1.66,5/8/2023,110.00,2065.38,30.075,,,,,,,,GA,002,4,DAF,KAL,
02810,1.37,8/21/2023,264.00,2137.13,51.328,,150.467,18.500,160.331,16.250,,,INDUS,009,32,CQ,KAL,ANA
02816,1.57,6/9/2023,264.00,2153.96,67.360,,111.278,10.750,747.914,63.360,,,INDUS,011,30,MNT,KAL,MAINT-MOI
02820,1.54,6/19/2023,264.00,2321.92,87.136,,641.847,46.000,1029.420,67.500,,,INDUS,011,30,MNT,KAL,MAINT-MOI
02826,1.48,7/10/2023,263.00,2022.50,103.426,,,,,,,,FOE,013,9,LINE_06,LAC,
02827,0.16,11/4/2024,35.00,359.25,4.590,,,,,,,,INDUS,009,32,CQ,KAL,ANA
02828,1.46,7/17/2023,264.00,1938.68,271.104,,,,,,,,INDUS,004,14,LOGISTIQUE,KAL,
02829,1.37,8/21/2023,110.00,1418.09,42.662,,,,,,,,GA,001,1,DEVAMM,KAL,
02829,1.37,8/21/2023,127.00,1418.09,59.240,,,,,,,,GA,001,1,DEVAMM,KAL,
02829,1.37,8/21/2023,,1418.09,,,,,,,,,RD,005,11,DEVAMM,KAL,
02830,0.58,8/22/2023,66.00,466.61,28.563,,,,,,,,SHO,013,24,MKTNG-COM,KAL,
02831,1.36,8/25/2023,87.00,2100.36,37.652,,,,,,,,INDUS,011,28,LOGISTIQUE,KAL,MOI
02831,1.36,8/25/2023,176.00,2100.36,105.784,,,,,,,,INDUS,009,32,LOGISTIQUE,KAL,
02832,1.35,8/29/2023,263.00,2047.50,94.561,,,,,,,,FOE,013,9,LINE_04,LAC,
02833,1.34,9/1/2023,132.00,2100.08,20.190,,,,,,,,GA,002,21,DAF,KAL,
02833,1.34,9/1/2023,132.00,2100.08,22.114,,,,,,,,GA,002,8,DAF,KAL,
02833,1.34,9/1/2023,,2100.08,,,,,,,,,GA,002,8,DAF,KAL,
02836,1.32,9/7/2023,264.00,2058.50,105.612,,,,,,,,FOE,013,9,LINE_03,LAC,
02837,1.04,9/8/2023,182.50,1351.24,18.672,,,,,,,,INDUS,011,31,EHS,KAL,EHS-MOI
02838,0.84,9/18/2023,135.50,973.31,37.047,,,,,,,,INDUS,009,32,CQ,KAL,ANA
02839,1.28,9/22/2023,197.50,1974.22,71.921,,,,,,,,RD,005,11,DEVAMM,KAL,
02839,1.28,9/22/2023,66.00,1974.22,44.250,,,,,,,,RD,005,11,DEVAMM,KAL,
02840,1.28,9/22/2023,263.00,2013.50,232.576,,,,,,,,FOE,013,9,LINE_11,LAC,SUP-MEDICA
02841,1.28,9/22/2023,198.00,2144.62,54.135,,25.265,2.250,,,,,INDUS,009,32,DEVAMM,KAL,ANA
02841,1.28,9/22/2023,66.00,2144.62,18.045,,,,,,,,INDUS,009,32,DEVAMM,KAL,ANA
02842,1.25,10/2/2023,264.00,2054.00,145.356,,,,,,,,FOE,013,9,LINE_11,LAC,
02843,1.25,10/3/2023,132.00,2091.02,44.430,,,,,,,,GA,003,7,CG,LAC,
02843,1.25,10/3/2023,132.00,2091.02,50.517,,,,,,,,GA,003,7,CG,LAC,
02844,0.46,10/4/2023,58.50,450.58,19.691,,,,,,,,INDUS,011,28,DIR-INDUS,KAL,MOI
02845,1.22,10/12/2023,264.00,2058.50,123.144,,,,,,,,FOE,013,9,LINE_14,LAC,PHARMA
02847,1.21,10/16/2023,242.00,1067.49,214.005,,,,,,,,MEDIM,016,40,MEDIMARK,LAC,
02847,1.21,10/16/2023,22.00,1067.49,19.455,,,,,,,,MEDIM,016,40,MEDIMARK,LAC,
02848,1.21,10/17/2023,66.00,1748.32,21.636,,,,,,,,GA,007,25,ITM,KAL,
02848,1.10,10/17/2023,174.00,1748.32,57.040,,,,,,,,GA,007,25,ITM,KAL,
02849,1.20,10/20/2023,88.00,2033.63,52.892,,,,,,,,INDUS,009,32,AFF-REG,KAL,
02849,1.20,10/20/2023,110.00,2033.63,66.115,,,,,,,,RD,005,11,AFF-REG,KAL,
02849,1.20,10/20/2023,66.00,2033.63,44.250,,,,,,,,RD,005,11,AFF-REG,KAL,
02850,1.19,10/23/2023,264.00,2040.50,114.252,,,,,,,,FOE,013,9,LINE_11,LAC,
02851,1.19,10/23/2023,242.00,1721.30,145.453,,,,,,,,MEDIM,016,40,MEDIMARK,LAC,
02851,1.19,10/23/2023,22.00,1721.30,13.223,,,,,,,,MEDIM,016,40,MEDIMARK,LAC,
02852,0.73,10/27/2023,137.00,967.10,82.343,,,,,,,,GA,008,19,GRH,KAL,RH
02853,1.14,11/10/2023,256.50,2109.99,37.706,,143.396,23.750,396.766,57.500,,,INDUS,011,28,COND-IIAIR,KAL,MOD
02854,1.13,11/15/2023,264.00,2120.02,118.482,,,,,,,,INDUS,009,33,DEVAMM,KAL,
02856,0.36,12/11/2023,72.00,500.90,68.805,,,,,,,,INDUS,009,32,CQ,KAL,
02857,0.92,12/22/2023,227.00,1738.50,300.775,,,,,,,,SHO,013,24,LINE_12,LAC,
02859,1.00,1/2/2024,254.00,2031.50,139.850,,,,,,,,FOE,013,9,LINE_10,LAC,
02865,0.94,1/22/2024,241.00,1950.50,187.345,,,,,,,,FOE,013,9,LINE_10,LAC,
02866,0.93,1/26/2024,238.00,2037.39,95.211,,398.431,24.250,704.149,37.500,,,INDUS,011,30,MNT,KAL,MAINT-MOI
02867,0.93,1/26/2024,236.00,2081.24,83.167,,557.211,38.500,665.759,40.250,,,INDUS,011,30,MNT,KAL,MAINT-MOI
02869,0.81,1/31/2024,205.00,1626.50,181.286,,,,,,,,FOE,013,9,LINE_07,LAC,DELEGUE
02870,0.64,1/31/2024,167.00,1131.50,56.211,,,,,,,,FOE,013,9,LINE_02,LAC,VISIT-MEDI
02872,0.71,2/5/2024,182.00,1446.12,97.145,,,,,,,,INDUS,009,32,CQ,KAL,
02873,0.91,2/5/2024,232.00,1997.49,40.558,,,,,,,,INDUS,009,32,CQ,KAL,ANA
02876,0.12,2/6/2024,13.00,106.10,1.305,,,,37.686,8.000,,,INDUS,011,28,COND-IIAIR,KAL,MOD
02878,0.33,9/3/2024,78.00,738.73,18.749,,,,,,,,INDUS,011,28,DIR-INDUS,KAL,MOI
02886,0.86,2/22/2024,217.50,1752.50,73.210,,,,,,,,FOE,013,9,LINE_06,LAC,
02887,0.85,2/26/2024,217.00,1387.59,247.054,,,,,,,,SHO,013,24,MKTNG-COM,LAC,
02890,0.81,3/11/2024,207.00,1662.50,100.037,,,,,,,,FOE,013,9,LINE_06,LAC,
02891,0.26,3/18/2024,62.00,455.16,6.222,,,,,,,,INDUS,011,31,EHS,KAL,EHS-MOI
02894,0.77,3/25/2024,194.00,1595.00,110.077,,,,,,,,FOE,013,9,LINE_10,LAC,
02895,0.41,3/25/2024,91.00,732.20,30.630,,,,,,,,INDUS,011,28,DIR-INDUS,KAL,MOI
02896,0.41,3/25/2024,89.00,615.51,29.957,,,,,,,,INDUS,011,28,FABRIQUANT,KAL,MOD
02897,0.43,4/15/2024,113.00,774.00,48.904,,,,,,,,FOE,013,9,LINE_14,LAC,
02898,0.71,4/15/2024,181.00,1141.86,233.079,,,,,,,,SHO,013,24,MKTNG-COM,LAC,
02899,0.66,5/6/2024,165.00,1330.27,57.690,,,,,,,,INDUS,009,33,MQU,KAL,
02900,0.64,5/13/2024,156.00,1341.00,72.766,,,,,,,,FOE,013,9,LINE_09,LAC,
02901,0.60,5/27/2024,150.00,1447.30,198.750,,,,,,,,INDUS,011,30,MNT,KAL,MAINT-MOI
02902,0.58,6/3/2024,146.00,1311.77,35.305,,89.378,9.000,133.018,11.720,,,INDUS,011,30,MNT,KAL,MAINT-MOI
02904,0.58,6/4/2024,145.00,1267.59,48.806,,,,,,,,INDUS,004,26,LOGISTIQUE,KAL,ACH
02905,0.29,6/6/2024,60.00,467.69,6.367,,,,44.113,8.750,,,INDUS,011,28,COND-IIAIR,KAL,MOD
02906,0.55,6/12/2024,139.00,1098.77,60.156,,,,,,,,SHO,013,24,MKTNG-COM,LAC,
02912,0.50,7/1/2024,126.00,1125.28,102.443,,,,,,,,INDUS,009,32,CQ,KAL,
02913,0.50,7/1/2024,126.00,1028.97,88.967,,,,,,,,INDUS,004,15,WAREHOUSE,KAL,
02914,0.50,7/1/2024,24.00,200.16,2.578,,,,,,,,INDUS,011,28,COND-IIAIR,KAL,MOD
02917,0.50,7/1/2024,126.00,1107.00,63.012,,,,,,,,FOE,013,9,LINE_14,LAC,
02918,0.50,7/1/2024,126.00,1089.00,97.948,,,,,,,,FOE,013,9,LINE_11,LAC,DELEGUE
02924,0.47,7/1/2024,104.00,900.00,48.511,,,,,,,,FOE,013,9,LINE_03,LAC,VISIT-MEDI
02926,0.48,7/9/2024,120.00,1075.50,68.089,,,,,,,,FOE,013,9,LINE_02,LAC,
02927,5.01,1/3/2020,105.00,226.92,126.395,,,,,,,,SHO,013,24,LINE_05,LAC,
02928,0.47,7/11/2024,118.00,1053.00,74.903,,,,,,,,FOE,013,9,LINE_03,LAC,
02930,0.46,7/15/2024,112.00,978.03,91.061,,,,,,,,INDUS,011,28,DIR-INDUS,KAL,MOI
02931,0.46,7/16/2024,114.00,1074.28,17.437,,,,,,,,GA,002,21,DAF,KAL,
02932,0.43,7/29/2024,105.00,944.90,25.239,,,,,,,,GA,008,19,GRH,KAL,RH
02934,0.41,8/5/2024,97.00,870.78,51.775,,,,,,,,GA,008,19,GRH,LAC,RH
02935,0.37,8/19/2024,88.00,783.00,52.892,,,,,,,,FOE,013,9,LINE_08,LAC,
02936,0.37,8/19/2024,90.00,839.07,60.341,,,,,,,,INDUS,011,28,CQ,KAL,MOI
02939,0.25,9/30/2024,59.00,594.00,24.568,,,,,,,,FOE,013,9,LINE_10,LAC,DELEGUE
02940,0.25,9/30/2024,59.00,612.00,27.521,,,,,,,,FOE,013,9,LINE_14,LAC,PHARMA
02941,0.14,11/11/2024,30.00,306.00,12.001,,,,,,,,FOE,013,9,LINE_14,LAC,PHARMA
02942,0.07,12/5/2024,11.00,147.77,1.182,,,,,,,,INDUS,011,31,EHS,KAL,EHS-MOI
02943,0.02,12/23/2024,,58.50,,,,,,,,,FOE,013,9,LINE_09,LAC,DELEGUE
02944,0.02,12/23/2024,,58.50,,,,,,,,,FOE,013,9,LINE_08,LAC,
02945,-0.01,1/2/2025,,,,,,,,,,,FOE,013,9,LINE_12,LAC,
02946,-0.02,1/8/2025,,,,,,,,,,,FOE,013,9,LINE_09,LAC,
02947,-0.02,1/7/2025,,,,,,,,,,,FOE,013,9,LINE_08,LAC,
02948,-0.02,1/8/2025,,,,,,,,,,,FOE,013,9,LINE_06,LAC,
02949,-0.02,1/8/2025,,,,,,,,,,,FOE,013,9,LINE_08,LAC,
02950,-0.02,1/9/2025,,,,,,,,,,,FOE,013,9,LINE_06,LAC,
02951,-0.04,1/13/2025,,,,,,,,,,,FOE,013,9,LINE_11,LAC,
20002,10.25,10/13/2014,132.00,2058.00,208.608,,,,,,,,SHO,013,24,SHO,LAC2,FF-MANAGER
20002,10.25,10/13/2014,132.00,2058.00,228.528,,,,,,,,SHO,013,24,SHO,LAC2,FF-MANAGER
20010,10.14,11/21/2014,250.00,1944.50,319.086,,,,,,,,SHO,013,,SHO,LAC2,
20013,9.61,6/1/2015,262.00,2022.50,194.937,,,,,,,,FOE,013,9,LINE_10,LAC2,VISIT-MEDI
20019,7.54,8/15/2016,44.00,90.00,22.004,,,,,,,,FOE,013,9,LINE_09,LAC2,VISIT-MEDI
20022,7.45,11/15/2016,75.00,500.00,43.278,,,,,,,,FOE,013,9,LINE_02,LAC2,DELEGUE
20022,8.15,11/15/2016,,500.00,,,,,,,,,FOE,013,9,LINE_02,LAC2,DELEGUE
20023,6.53,1/15/2018,139.00,933.50,115.987,,,,,,,,FOE,013,9,LINE_01,LAC2,DELEGUE
20025,6.51,7/5/2018,264.00,1995.50,142.764,,,,,,,,FOE,013,9,LINE_01,LAC2,VISIT-MEDI
20029,5.54,4/11/2019,196.00,1455.50,181.790,,,,,,,,FOE,013,9,LINE_04,LAC2,DELEGUE
20031,4.56,1/3/2020,153.00,1122.50,163.496,,,,,,,,FOE,013,9,LINE_01,LAC2,SUP-MEDICA
20031,5.01,1/3/2020,,1122.50,,,,,,,,,FOE,013,9,LINE_01,LAC2,SUP-MEDICA
20034,4.04,12/21/2020,261.00,2022.50,123.640,,,,,,,,FOE,013,9,LINE_03,LAC2,VISIT-MEDI
20036,2.94,1/24/2022,264.00,1998.00,186.020,,,,,,,,FOE,013,9,LINE_02,LAC2,DELEGUE
20038,2.71,4/18/2022,,,,,,,,,,,FOE,013,9,LINE_01,LAC2,
20039,2.40,8/9/2022,66.00,2013.50,27.450,,,,,,,,FOE,013,9,LINE_01,LAC2,
20039,2.40,8/9/2022,195.00,2013.50,86.969,,,,,,,,FOE,013,9,LINE_01,LAC2,
20040,2.10,11/28/2022,87.00,900.00,40.847,,,,,,,,FOE,013,9,LINE_05,LAC2,VISIT-MEDI
20040,1.65,11/28/2022,49.00,900.00,25.346,,,,,,,,FOE,013,9,LINE_05,LAC2,VISIT-MEDI
20042,1.69,4/24/2023,259.00,2056.50,127.303,,,,,,,,FOE,013,9,LINE_01,LAC2,
20043,1.67,5/2/2023,264.00,2022.50,167.260,,,,,,,,FOE,013,9,LINE_01,LAC2,
20044,1.57,6/7/2023,254.00,1928.50,98.521,,,,,,,,FOE,013,9,LINE_07,LAC2,
20045,1.45,7/21/2023,264.00,2061.00,145.356,,,,,,,,FOE,013,9,LINE_01,LAC2,
20046,1.36,8/22/2023,264.00,2004.50,83.300,,,,,,,,FOE,013,9,LINE_02,LAC2,
20047,1.32,9/7/2023,264.00,2058.50,105.612,,,,,,,,FOE,013,9,LINE_02,LAC2,
20048,0.47,1/31/2024,125.00,978.50,42.074,,,,,,,,FOE,013,9,LINE_01,LAC2,VISIT-MEDI
20049,0.64,5/13/2024,160.00,1359.00,74.633,,,,,,,,FOE,013,9,LINE_08,LAC2,
20050,0.64,5/13/2024,159.00,1377.00,90.217,,,,,,,,FOE,013,9,LINE_02,LAC2,
20051,0.50,7/1/2024,121.00,1048.50,137.758,,,,,,,,FOE,013,9,LINE_01,LAC2,SUP-MEDICA
20052,0.37,8/19/2024,89.00,796.50,38.518,,,,,,,,FOE,013,9,LINE_01,LAC2,VISIT-MEDI
20053,0.32,9/4/2024,76.00,720.00,40.566,,,,,,,,FOE,013,9,LINE_09,LAC2,
20054,0.27,9/23/2024,66.00,612.00,33.006,,,,,,,,FOE,013,9,LINE_01,LAC2,DELEGUE
