Matricule,AUT (h),Jours travaillés,Heures travaillées,Heures SUP 75%,Heures SUP SAMEDI,HEURE SUP DIMANCHE,Missions (h),Formations (h),Congés payés (h),MALADIE,Maternité,DECES 3J,NAISSANCE2/DECES2,Sanctions,mariage,Absence autorisée rémunérée,Congé sans solde,RCJ/RCA,Accidents,ABSENCE NON JUSTIFIE,Circoncision enfant,Service,Sous service,Section analytique,Site courant,Direction,Emploi type,Sexe du salarié
00007,,20.00,184.36,,,,,,,,,,,,,,,,,,,DIR. INDUSTRIELLE,PRODUCTION,DIR-INDUS,KAL,INDUS,MOI,Masculin
00011,2.00,15.62,143.74,,,,1.00,,,,,,,,,,,,,9.00,,DIR. INDUSTRIELLE,EHS,EHS,KAL,INDUS,EHS-MOI,Féminin
00013,2.00,19.78,181.66,,,,,,,,,,,,,,,,,,,DIR. GENERALE,DIRECTION GENERALE,DG,LAC,GA,,Féminin
00041,2.00,18.21,172.70,2.50,12.00,,,,13.50,,,,,,,,,,,,,DIR. LOGISTIQUE,MAGASINS,WAREHOUSE,KAL,INDUS,MAG,Masculin
00042,,20.00,182.37,,,,,,,,,,,,,,,,,,,DIR. ADMIN ET FINANCIERE ,PAIE ET CAISSE,DAF,KAL,GA,,Féminin
00075,,19.00,172.96,,,,,,,,,,,,,9.00,,,,,,DIR. INDUSTRIELLE,PRODUCTION,DIR-INDUS,KAL,INDUS,MOI,Féminin
00086,4.00,17.52,160.47,,,,,,,,,,,,,,,,,18.00,,DIR. MANAGEMENT QUALITE,CONTROLE QUALITE,CQ,KAL,INDUS,,Féminin
00096,,20.00,182.55,,,,,,,,,,,,,,,,,,,DIR. INDUSTRIELLE,PRODUCTION,DIR-INDUS,KAL,INDUS,MOI,Masculin
00107,2.00,19.75,182.60,3.00,,,,,,,,,,,,,,,,,,DIR. INDUSTRIELLE,PRODUCTION,FABRIQUANT,KAL,INDUS,MOD,Masculin
00112,,20.00,180.00,,,,,,,,,,,,,,,,,,,DIR. DES OPERATIONS,VISITE MEDICALE,LINE_12,LAC,FOE,FF-MANAGER,Masculin
00120,,20.00,180.00,,,,,,,,,,,,,,,,,,,DIR. ADMIN ET FINANCIERE ,DIRECTION ADMIN. ET FINANC.,DAF,KAL,GA,DIRECTEUR,Masculin
00134,,17.78,164.06,5.25,21.00,,31.50,,9.00,,,,,,,9.00,,,,,,DIR. MANAGEMENT QUALITE,ASSURANCE QUALITE,MQU,KAL,INDUS,,Féminin
00210,,19.00,175.74,,,,,,9.00,,,,,,,,,,,,,DIR. MANAGEMENT QUALITE,ASSURANCE QUALITE,MQU,KAL,INDUS,,Féminin
00221,,12.17,109.83,,,,,,22.50,,,,18.00,,,,,,,,,DIR. MANAGEMENT QUALITE,CONTROLE QUALITE,CQ,KAL,INDUS,,Féminin
00230,,19.76,184.25,,,,,,,,,,,,,,,,,,,DIR. ADMIN ET FINANCIERE ,COMPTABILITE,DAF,KAL,GA,,Masculin
00236,,19.00,171.00,,,,,,9.00,,,,,,,,,,,,,DIR. DES OPERATIONS,VISITE MEDICALE,LINE_14,LAC,FOE,PHARMA,Masculin
00259,,20.00,180.00,,,,,,,,,,,,,,,,,,,DIR. INTERNATIONAL SALES,MARKETING,SHO-EXPORT,LAC,SHO,SA-MANAGER,Masculin
00265,1.00,19.89,179.74,,,,,,,,,,,,,,,,,,,DIR. INDUSTRIELLE,PRODUCTION,DIR-INDUS,KAL,INDUS,MOD,Féminin
00294,,17.00,155.03,,,,,,27.00,,,,,,,,,,,,,DIR. INDUSTRIELLE,PRODUCTION,FABRIQUANT,KAL,INDUS,MOD,Masculin
00300,,19.00,172.47,,7.75,,,,9.00,,,,,,,,,,,,,DIR. INDUSTRIELLE,PRODUCTION,COND-IIAIR,KAL,INDUS,MOD,Féminin
00303,,16.00,147.81,,,,,,36.00,,,,,,,,,,,,,DIR. MANAGEMENT QUALITE,ASSURANCE QUALITE,MQU,KAL,INDUS,,Féminin
00304,,19.00,172.48,,,,,,9.00,,,,,,,,,,,,,DIR. INDUSTRIELLE,PRODUCTION,COND-IIAIR,KAL,INDUS,MOD,Féminin
00307,2.00,18.03,163.93,,,,,,,,,,,,,,9.00,,,,,DIR. INDUSTRIELLE,PRODUCTION,COND-IIAIR,KAL,INDUS,MOD,Féminin
00327,1.00,16.89,153.98,,7.50,,,,9.00,,,,,,,18.00,,,,,,DIR. LOGISTIQUE,MAGASINS,WAREHOUSE,KAL,INDUS,,Féminin
00329,1.00,13.37,120.97,,,,,,13.50,,,,9.00,9.00,,,,,,9.00,,DIR. LOGISTIQUE,MAGASINS,WAREHOUSE,KAL,INDUS,MAG,Masculin
00332,,17.30,165.46,4.50,,,,,13.50,,,,,,,,,4.50,,,,DIR. INDUSTRIELLE,PRODUCTION,FABRIQUANT,KAL,INDUS,MOD,Masculin
00361,,3.99,36.71,,,,135.00,9.00,,,,,,,,,,,,,,DIR. ADMIN ET FINANCIERE ,ADMINISTRATION,AFF-JUR,KAL,GA,,Féminin
00372,2.00,19.78,180.85,,,,,,,,,,,,,,,,,,,DIR. INDUSTRIELLE,PRODUCTION,COND-IIAIR,KAL,INDUS,MOD,Féminin
00386,0.50,12.93,122.21,,,,63.00,,,,,,,,,,,,,,,DIR. DES OPERATIONS,MARKETING,SHO,LAC,SHO,,Féminin
00396,4.00,15.56,143.77,,,,,,22.50,,,,,,,,,,,,,DIR. MANAGEMENT QUALITE,ASSURANCE QUALITE,MQU,KAL,INDUS,,Féminin
00399,,18.97,174.22,,,,,,9.00,,,,,,,,,,,,,DIR. MANAGEMENT QUALITE,CONTROLE QUALITE,COND-IIAIR,KAL,INDUS,,Féminin
00402,,20.00,180.00,,,,,,,,,,,,,,,,,,,DIR. DES OPERATIONS,VISITE MEDICALE,LINE_08,LAC,FOE,SUP-MEDICA,Masculin
00417,,18.99,172.12,,,,,,9.00,,,,,,,,,,,,,DIR. INDUSTRIELLE,PRODUCTION,FABRIQUANT,KAL,INDUS,MOD,Féminin
00419,1.00,19.29,181.91,,,,,,4.50,,,,,,,,,,,,,DIR. INDUSTRIELLE,PRODUCTION,COND-IIAIR,KAL,INDUS,MOD,Féminin
00420,,20.00,180.00,,,,,,,,,,,,,,,,,,,DIR. DES OPERATIONS,MARKETING,MKTNG-COM,LAC,SHO,FF-MANAGER,Masculin
00421,,19.52,177.96,,,,,,,,,,,,,,,,,,,DIR. INDUSTRIELLE,PRODUCTION,DIR-INDUS,KAL,INDUS,MOI,Féminin
00453,,20.00,181.67,,,,,,,,,,,,,,,,,,,DIR. INDUSTRIELLE,PRODUCTION,COND-IIAIR,KAL,INDUS,MOD,Féminin
00469,,16.95,154.51,,,,,,18.00,,,,,,,,,,,9.00,,DIR. INDUSTRIELLE,PRODUCTION,FABRIQUANT,KAL,INDUS,MOD,Masculin
00480,,20.00,182.71,4.00,,,,,,,,,,,,,,,,,,DIR. INDUSTRIELLE,PRODUCTION,FABRIQUANT,KAL,INDUS,MOD,Masculin
00482,,20.00,180.61,,,,,,,,,,,,,,,,,,,DIR. INDUSTRIELLE,PRODUCTION,COND-IIAIR,KAL,INDUS,MOD,Féminin
00514,,20.00,180.00,,,,,,,,,,,,,,,,,,,DIR. LOGISTIQUE,IMPORT/EXPORT,LOGISTIQUE,KAL,INDUS,MAG,Masculin
00530,,18.93,174.87,,,,,,9.00,,,,,,,,,,,,,DIR. INDUSTRIELLE,PRODUCTION,FABRIQUANT,KAL,INDUS,MOD,Masculin
00574,,20.00,180.00,,,,,,,,,,,,,,,,,,,DIR. LOGISTIQUE,LOGISTIQUE,LOGISTIQUE,KAL,INDUS,DIRECTEUR,Masculin
00621,,20.00,183.27,,,,,,,,,,,,,,,,,,,DIR. MANAGEMENT QUALITE,ASSURANCE QUALITE,LOGISTIQUE,KAL,INDUS,,Féminin
00669,,20.00,180.00,,,,,,,,,,,,,,,,,,,DIR. DES OPERATIONS,VISITE MEDICALE,LINE_04,LAC,FOE,VISIT-MEDI,Masculin
00676,3.00,18.70,173.45,,3.00,,,,9.00,,,,,,,,,,,,,DIR.  PRT,PHARMACIEN RESP. TECHNIQUE,PRT,KAL,INDUS,,Féminin
00677,2.00,19.47,179.70,,,,6.00,,,,,,,,,,,,,,,DIR. INDUSTRIELLE,EHS,EHS,KAL,INDUS,EHS-MOI,Féminin
00712,1.00,18.23,166.13,,,,,,13.50,,,,,,,,,,,,,DIR. LOGISTIQUE,MAGASINS,WAREHOUSE,KAL,INDUS,RMG,Masculin
00717,1.00,18.86,179.70,,8.50,,,,9.00,,,,,,,,,,,,,DIR. MANAGEMENT QUALITE,CONTROLE QUALITE,CQ,KAL,INDUS,ANA,Féminin
00718,,16.46,152.07,,,,18.00,,4.50,,,,,,,,,,,,,DIR. DES OPERATIONS,MARKETING,LOGISTIQUE,LAC,SHO,,Féminin
00759,2.00,19.78,178.48,,5.25,,,,,,,,,,,,,,,,,DIR. INDUSTRIELLE,PRODUCTION,FABRIQUANT,KAL,INDUS,MOD,Féminin
00804,2.00,16.67,153.61,,,,,,9.00,,,,18.00,,,,,,,,,DIR. INDUSTRIELLE,EHS,EHS,KAL,INDUS,EHS-MOI,Féminin
00817,2.00,18.23,164.86,,,,,,4.50,9.00,,,,,,,,,,,,DIR. INDUSTRIELLE,PRODUCTION,COND-IIAIR,KAL,INDUS,MOD,Féminin
00832,1.00,19.27,175.16,,,,,,4.50,,,,,,,,,,,,,DIR. INDUSTRIELLE,EHS,EHS,KAL,INDUS,EHS-MOI,Féminin
00833,2.00,18.15,169.52,,,,15.50,,,,,,,,,,,,,,,DIR. RESSOURCES HUMAINES,GESTION DU PERSONNEL,EHS,KAL,GA,,Féminin
00836,,20.00,180.00,,,,,,,,,,,,,,,,,,,DIR. DES OPERATIONS,VISITE MEDICALE,LINE_03,LAC,FOE,SUP-MEDICA,Féminin
00851,2.00,18.78,172.27,,,,9.00,,,,,,,,,,,,,,,DIR. INDUSTRIELLE,EHS,EHS,KAL,INDUS,EHS-MOI,Féminin
00856,2.00,16.22,153.42,11.50,,,,,,,,,,,,,27.00,,,,,DIR. INDUSTRIELLE,PRODUCTION,FABRIQUANT,KAL,INDUS,MOD,Masculin
00859,,19.36,175.96,6.50,,,,,,,,,,,,,,,,,,DIR. INDUSTRIELLE,PRODUCTION,FABRIQUANT,KAL,INDUS,MOD,Masculin
00895,2.00,18.78,187.10,1.75,14.50,,,,9.00,,,,,,,,,,,,,DIR. LOGISTIQUE,MAGASINS,WAREHOUSE,KAL,INDUS,MAG,Masculin
00902,0.50,18.94,170.63,,,,,,,9.00,,,,,,,,,,,,DIR. INDUSTRIELLE,PRODUCTION,COND-IIAIR,KAL,INDUS,MOD,Féminin
00927,,18.99,170.95,,,,,,9.00,,,,,,,,,,,,,DIR. INDUSTRIELLE,EHS,EHS,KAL,INDUS,EHS-MOI,Féminin
00954,2.00,17.68,168.51,,,,,,9.00,,,,,,,,,9.00,,,,DIR. MANAGEMENT QUALITE,CONTROLE QUALITE,CQ,KAL,INDUS,,Féminin
00957,2.00,14.94,138.54,,,,6.00,,9.00,,,,,,,,,,,,,DIR. INDUSTRIELLE,MAINTENANCE,MNT,KAL,INDUS,MAINT-MOI,Masculin
00961,1.00,19.88,179.85,,,,,,,,,,,,,,,,,,,DIR. INDUSTRIELLE,PRODUCTION,FABRIQUANT,KAL,INDUS,MOD,Masculin
00964,,19.00,187.76,14.50,,,,,9.00,,,,,,,,,,,,,DIR. MANAGEMENT QUALITE,CONTROLE QUALITE,CQ,KAL,INDUS,,Masculin
00966,,18.00,165.43,,,,,,18.00,,,,,,,,,,,,,DIR. INDUSTRIELLE,PRODUCTION,DIR-INDUS,KAL,INDUS,MOI,Masculin
01002,,20.00,180.00,,,,,,,,,,,,,,,,,,,DIR. DES OPERATIONS,VISITE MEDICALE,LINE_06,LAC,FOE,DELEGUE,Féminin
01004,,16.00,144.00,,,,,,36.00,,,,,,,,,,,,,DIR. DES OPERATIONS,VISITE MEDICALE,LINE_04,LAC,FOE,,Féminin
01010,0.25,19.79,179.72,,,,,,,,,,,,,,,,,,,DIR. INDUSTRIELLE,PRODUCTION,DIR-INDUS,KAL,INDUS,MOI,Féminin
01030,2.00,18.79,187.54,11.75,,,5.50,,,,,,,,,,,9.00,,,,DIR. INDUSTRIELLE,MAINTENANCE,MNT,KAL,INDUS,MAINT-MOI,Masculin
01033,,20.00,180.00,,,,,,,,,,,,,,,,,,,DIR. DES OPERATIONS,VISITE MEDICALE,LINE_07,LAC,FOE,VISIT-MEDI,Masculin
01045,2.00,19.78,178.96,,,,,,,,,,,,,,,,,,,DIR. INDUSTRIELLE,PRODUCTION,FABRIQUANT,KAL,INDUS,MOD,Féminin
01046,,12.99,124.30,,,,,,,9.00,,,,,,,,,,,,DIR. INDUSTRIELLE,PRODUCTION,COND-IIAIR,KAL,INDUS,MOD,Féminin
01055,,19.98,248.68,46.50,34.00,,,,,,,,,,,,,,,,,DIR. ADMIN ET FINANCIERE ,ADMINISTRATION,DAF,KAL,GA,,Masculin
01065,,20.00,183.65,,,,,,,,,,,,,,,,,,,DIR. DEVELOPPEMENT ,DEVELOPPEMENT,BUSDEV,KAL,RD,,Masculin
01077,3.00,19.65,179.57,1.50,,,,,,,,,,,,,,,,,,DIR. INDUSTRIELLE,PRODUCTION,FABRIQUANT,KAL,INDUS,MOD,Masculin
01089,1.00,19.89,180.08,4.25,7.25,,,,,,,,,,,,,,,,,DIR. INDUSTRIELLE,PRODUCTION,COND-IIAIR,KAL,INDUS,MOD,Féminin
01090,,,,,,,,,,242.71,,,,,,,,,,,,DIR. INDUSTRIELLE,CONTROLE QUALITE,CQ,KAL,INDUS,,Masculin
01105,1.00,17.80,160.87,,,,,,9.00,,,,,,,,,,,9.00,,DIR. LOGISTIQUE,MAGASINS,WAREHOUSE,KAL,INDUS,MAG,Masculin
01116,2.00,18.27,165.21,,,,,,4.50,9.00,,,,,,,,,,,,DIR. INDUSTRIELLE,PRODUCTION,COND-IIAIR,KAL,INDUS,MOD,Féminin
01116,2.00,18.27,165.21,,,,,,4.50,9.00,,,,,,,,,,,,DIR. INDUSTRIELLE,PRODUCTION,COND-IIAIR,KAL,INDUS,MOD,Féminin
01120,,17.43,158.73,,,,,,4.50,,,,,,,,,18.00,,,,DIR. INDUSTRIELLE,PRODUCTION,FABRIQUANT,KAL,INDUS,MOD,Féminin
01123,,17.75,161.67,,,,9.00,,9.00,,,,,,,,,,,,,DIR. DEVELOPPEMENT ,DEVELOPPEMENT,DEVAMM,KAL,RD,,Masculin
01127,2.00,9.37,84.32,,,,,,9.00,,,,,,,,,,,,,DIR. SYSTEME D'INFORMATION,SYSTEME D'INFORMATION,ITM,KAL,GA,,Féminin
01129,1.00,19.87,179.94,,,,,,,,,,,,,,,,,,,DIR. LOGISTIQUE,MAGASINS,WAREHOUSE,KAL,INDUS,MAG,Masculin
01135,,20.00,187.57,,,,,,,,,,,,,,,,,,,DIR. INDUSTRIELLE,PRODUCTION,COND-IIAIR,KAL,INDUS,MOD,Féminin
01137,,16.00,144.00,,,,,,36.00,,,,,,,,,,,,,DIR. DES OPERATIONS,VISITE MEDICALE,LINE_02,LAC,FOE,DELEGUE,Féminin
01138,,20.00,180.00,,,,,,,,,,,,,,,,,,,DIR. DES OPERATIONS,VISITE MEDICALE,LINE_14,LAC,FOE,PHARMA,Masculin
01141,,20.00,180.00,,,,,,,,,,,,,,,,,,,DIR. DES OPERATIONS,VISITE MEDICALE,LINE_04,LAC,FOE,VISIT-MEDI,Féminin
01142,,19.00,171.00,,,,,,9.00,,,,,,,,,,,,,DIR. DES OPERATIONS,VISITE MEDICALE,LINE_12,LAC,FOE,DELEGUE,Masculin
01160,,20.00,180.00,,,,,,,,,,,,,,,,,,,DIR. DES OPERATIONS,VISITE MEDICALE,LINE_02,LAC,FOE,DELEGUE,Masculin
01176,,19.79,178.26,,,,,,,,,,,,,,,,,,,DIR. MANAGEMENT QUALITE,ASSURANCE QUALITE,MQU,KAL,INDUS,,Féminin
01181,1.00,17.75,160.61,,,,9.00,,9.00,,,,,,,,,,,,,DIR. INDUSTRIELLE,MAINTENANCE,MNT,KAL,INDUS,MAINT-MOI,Masculin
01198,,18.22,163.97,,,,,,,,,,,,,,,,,,,DIR. INDUSTRIELLE,PRODUCTION,COND-IIAIR,KAL,INDUS,MOD,Féminin
01204,,18.72,170.36,,,,2.00,,,,,,,,,9.00,,,,,,DIR. ADMIN ET FINANCIERE ,FINANCE,DAF,KAL,GA,,Masculin
01207,2.00,19.78,192.58,,19.50,,,,,,,,,,,,,,,,,DIR. LOGISTIQUE,MAGASINS,WAREHOUSE,KAL,INDUS,RMG,Masculin
01209,2.00,16.78,156.43,3.25,,,,,27.00,,,,,,,,,,,,,DIR. INDUSTRIELLE,MAINTENANCE,MNT,KAL,INDUS,MAINT-MOI,Masculin
01224,1.00,15.89,144.97,,,,,,18.00,,,,,,,,,,,,,DIR. LOGISTIQUE,MAGASINS,WAREHOUSE,KAL,INDUS,MAG,Masculin
01239,,20.00,180.00,,,,,,,,,,,,,,,,,,,DIR. DES OPERATIONS,VISITE MEDICALE,LINE_04,LAC,FOE,,Féminin
01240,,20.00,186.90,,,,,,,,,,,,,,,,,,,DIR. LOGISTIQUE,ORDONANCEMENT/PLANIFICATION,LOGISTIQUE,KAL,INDUS,,Masculin
01250,2.00,18.20,155.74,,,,,,8.50,,,,,,,,,,,,,DIR. INDUSTRIELLE,PRODUCTION,FABRIQUANT,KAL,INDUS,MOD,Féminin
01253,,19.98,179.19,,7.25,,,,,,,,,,,,,,,,,DIR. INDUSTRIELLE,PRODUCTION,COND-IIAIR,KAL,INDUS,MOD,Féminin
01272,,18.96,171.92,,,,,,9.00,,,,,,,,,,,,,DIR. ADMIN ET FINANCIERE ,FINANCE,DAF,KAL,GA,,Féminin
01276,2.00,15.78,143.24,,,,,,22.50,,,,,,,,,,,,,DIR. INDUSTRIELLE,EHS,EHS,KAL,INDUS,EHS-MOI,Féminin
01279,,19.00,171.44,,,,,,,9.00,,,,,,,,,,,,DIR. INDUSTRIELLE,PRODUCTION,COND-IIAIR,KAL,INDUS,MOD,Féminin
01286,,16.00,145.34,,,,,,13.50,9.00,,,,,,,,,,9.00,,DIR. INDUSTRIELLE,PRODUCTION,FABRIQUANT,KAL,INDUS,MOD,Féminin
01293,,19.00,171.68,,,,,,9.00,,,,,,,,,,,,,DIR. INDUSTRIELLE,PRODUCTION,FABRIQUANT,KAL,INDUS,MOD,Féminin
01311,2.00,16.76,152.51,,,,,27.00,,,,,,,,,,,,,,DIR. INDUSTRIELLE,EHS,EHS,KAL,INDUS,EHS-MOI,Féminin
01317,,16.82,145.85,,,,,,8.50,17.00,,,,,,,,,,,,DIR. INDUSTRIELLE,PRODUCTION,COND-IIAIR,KAL,INDUS,MOD,Masculin
01319,,,,,,,,,,165.30,67.43,,,,,,,,,,,DIR. INDUSTRIELLE,PRODUCTION,COND-IIAIR,KAL,INDUS,MOD,Féminin
01334,,20.00,180.00,,,,,,,,,,,,,,,,,,,DIR. AFFAIRES REGLEMENTAIRE,AFFAIRES REGLEMENTAIRES,AFF-REG,LAC,RD,DIRECTEUR,Masculin
01336,1.00,19.89,182.30,,,,,,,,,,,,,,,,,,,DIR. INDUSTRIELLE,PRODUCTION,DIR-INDUS,KAL,INDUS,MOI,Féminin
01351,4.00,18.36,172.00,3.25,,,,,9.00,,,,,,,,,,,,,DIR. INDUSTRIELLE,PRODUCTION,FABRIQUANT,KAL,INDUS,MOD,Masculin
01354,,18.14,163.23,,,,,,,,,,,,,,,,,,,DIR. INDUSTRIELLE,PRODUCTION,FABRIQUANT,KAL,INDUS,MOD,Féminin
01355,0.50,18.90,170.13,,,,,,,,,,,,,,,,,9.00,,DIR. INDUSTRIELLE,PRODUCTION,DIR-INDUS,KAL,INDUS,MOI,Masculin
01377,,19.74,218.69,,,,,,44.00,,,,,,,,,,,,,DIR. INDUSTRIELLE,EHS,EHS,KAL,INDUS,EHS-MOI,Masculin
01378,1.00,19.67,220.76,,,,,,5.50,,,,,,,,,,,,,DIR. INDUSTRIELLE,EHS,EHS,KAL,INDUS,EHS-MOI,Masculin
01379,2.12,17.31,191.18,,,,,,11.00,,,,,,,,,,,,,DIR. INDUSTRIELLE,EHS,EHS,KAL,INDUS,EHS-MOI,Masculin
01385,0.50,19.93,180.64,,,,,,,,,,,,,,,,,,,DIR. INDUSTRIELLE,PRODUCTION,COND-IIAIR,KAL,INDUS,MOD,Féminin
01392,,16.36,147.23,,,,8.50,,22.50,,,,,,,,,,,,,DIR. LOGISTIQUE,LOGISTIQUE,GRH,KAL,INDUS,,Masculin
01393,,20.00,180.55,,,,,,,,,,,,,,,,,,,DIR. INDUSTRIELLE,PRODUCTION,DIR-INDUS,KAL,INDUS,MOD,Féminin
01448,,,,,,,,,,8.67,232.43,,,,,,,,,,,DIR. INDUSTRIELLE,PRODUCTION,COND-IIAIR,KAL,INDUS,MOD,Féminin
01452,,,,,,,,,,,241.71,,,,,,,,,,,DIR. INDUSTRIELLE,PRODUCTION,COND-IIAIR,KAL,INDUS,MOD,Féminin
01458,,16.00,139.57,,,,,,17.00,17.00,,,,,,,,,,,,DIR. INDUSTRIELLE,PRODUCTION,COND-IIAIR,KAL,INDUS,MOD,Féminin
01461,2.00,19.15,173.62,,,,,,4.50,,,,,,,,,,,,,DIR. INDUSTRIELLE,PRODUCTION,DIR-INDUS,KAL,INDUS,MOI,Masculin
01465,0.50,19.90,182.25,,,,,,,,,,,,,,,,,,,DIR. SYSTEME D'INFORMATION,SYSTEME D'INFORMATION,ITM,KAL,GA,,Masculin
01470,,20.00,180.00,,,,,,,,,,,,,,,,,,,DIR. DES OPERATIONS,VISITE MEDICALE,SHO,LAC,FOE,VISIT-MEDI,Féminin
01473,2.00,19.26,176.00,,2.25,,,,,,,,,,,,,4.50,,,,DIR. MANAGEMENT QUALITE,CONTROLE QUALITE,CQ,KAL,INDUS,CCQ,Masculin
01476,2.00,19.01,180.09,5.00,,,,,,,,,,,,,,,,,,DIR. INDUSTRIELLE,PRODUCTION,FABRIQUANT,KAL,INDUS,MOD,Masculin
01479,,19.44,175.05,,,,,,4.50,,,,,,,,,,,,,DIR. INDUSTRIELLE,PRODUCTION,COND-IIAIR,KAL,INDUS,MOD,Féminin
01486,,,,,,,,,,,,,,,,,,,,,,DIR. INDUSTRIELLE,PRODUCTION,DIR-INDUS,KAL,INDUS,MOD,Féminin
01488,4.00,18.22,164.28,,,,,,,,,,,,,,,,,9.00,,DIR. INDUSTRIELLE,PRODUCTION,DIR-INDUS,KAL,INDUS,MOD,Féminin
01493,1.00,17.87,161.75,,,,,,18.00,,,,,,,,,,,,,DIR. INDUSTRIELLE,MAINTENANCE,MNT,KAL,INDUS,MAINT-MOI,Masculin
01502,,19.42,177.92,,,,,,4.50,,,,,,,,,,,,,DIR. MANAGEMENT QUALITE,CONTROLE QUALITE,MQU,KAL,INDUS,,Masculin
01525,,17.97,164.53,,,,,,18.00,,,,,,,,,,,,,DIR. ADMIN ET FINANCIERE ,ADM. DES VENTE,DAF,KAL,GA,,Féminin
01545,1.00,12.88,116.48,,,,,,,,,,,,,,,,,,,DIR. INDUSTRIELLE,PRODUCTION,DIR-INDUS,KAL,INDUS,MOD,Féminin
01549,,18.99,171.71,,,,,,9.00,,,,,,,,,,,,,DIR. INDUSTRIELLE,PRODUCTION,COND-IIAIR,KAL,INDUS,MOD,Féminin
01551,,11.88,107.01,,,,,,9.00,35.71,,,,,,,,9.00,,18.00,,DIR. INDUSTRIELLE,PRODUCTION,COND-IIAIR,KAL,INDUS,MOD,Féminin
01552,2.00,19.78,179.00,,,,,,,,,,,,,,,,,,,DIR. INDUSTRIELLE,PRODUCTION,COND-IIAIR,KAL,INDUS,MOD,Féminin
01553,,19.00,178.56,,,,,,,,,,,,,,,,,,,DIR. INDUSTRIELLE,PRODUCTION,COND-IIAIR,KAL,INDUS,MOD,Féminin
01556,1.00,15.40,140.75,,,,9.00,9.00,9.00,,,,,,,9.00,,,,,,DIR. ADMIN ET FINANCIERE ,COMPTABILITE,DAF,KAL,GA,,Féminin
01561,,18.32,167.77,,,,10.00,,4.50,,,,,,,,,,,,,DIR. INDUSTRIELLE,MAINTENANCE,MNT,KAL,INDUS,MAINT-MOI,Masculin
01575,1.00,19.34,174.79,,,,,,4.50,,,,,,,,,,,,,DIR. INDUSTRIELLE,PRODUCTION,COND-IIAIR,KAL,INDUS,MOD,Féminin
01579,,10.55,107.53,,12.50,,13.00,,72.00,,,,,,,,,,,,,DIR. MANAGEMENT QUALITE,CONTROLE QUALITE,CQ,KAL,INDUS,CCQ,Masculin
01590,1.00,19.04,174.91,,,,,,,,,,,,,,,,,,,DIR. INDUSTRIELLE,PRODUCTION,FABRIQUANT,KAL,INDUS,MOD,Masculin
01595,,17.48,161.21,,,,,,22.50,,,,,,,,,,,,,DIR. MANAGEMENT QUALITE,CONTROLE QUALITE,CQ,KAL,INDUS,,Féminin
01600,3.00,13.74,126.90,10.75,,,,,18.00,,,27.00,,,,,,,,9.00,,DIR. INDUSTRIELLE,MAINTENANCE,MNT,KAL,INDUS,MAINT-MOI,Masculin
01615,2.00,19.08,172.22,,,,,,4.50,,,,,,,,,,,,,DIR. INDUSTRIELLE,PRODUCTION,COND-IIAIR,KAL,INDUS,MOD,Féminin
01619,,19.98,187.82,,,,,,,,,,,,,,,,,,,DIR. INDUSTRIELLE,PRODUCTION,COND-IIAIR,KAL,INDUS,MOD,Féminin
01620,,17.73,159.09,4.50,,,,,8.50,8.50,,,,,,,,,,,,DIR. INDUSTRIELLE,PRODUCTION,COND-IIAIR,KAL,INDUS,MOD,Féminin
01625,,11.86,108.03,,,,,,,,,,,,,,,,87.33,,,DIR. INDUSTRIELLE,PRODUCTION,MQU,KAL,INDUS,MOI,Masculin
01628,,,,,,,,,,243.26,,,,,,,,,,,,DIR. INDUSTRIELLE,MAINTENANCE,DIR-INDUS,KAL,INDUS,MAINT-MOI,Masculin
01634,,20.00,184.40,1.00,,,,,,,,,,,,,,,,,,DIR. INDUSTRIELLE,PRODUCTION,DIR-INDUS,KAL,INDUS,MOI,Féminin
01655,4.00,17.31,179.79,7.00,,,,,9.00,,,,,,,,,,,,,DIR. INDUSTRIELLE,PRODUCTION,FABRIQUANT,KAL,INDUS,MOD,Masculin
01660,2.00,19.22,178.15,,4.50,,,,4.50,,,,,,,,,,,,,DIR. MANAGEMENT QUALITE,CONTROLE QUALITE,FABRIQUANT,KAL,INDUS,CCQ,Masculin
01671,,19.93,179.45,,,,,,,,,,,,,,,,,,,DIR. INDUSTRIELLE,PRODUCTION,COND-IIAIR,KAL,INDUS,MOD,Féminin
01672,,17.00,155.38,1.50,,,,,,43.00,,,,,,,,,,,,DIR. INDUSTRIELLE,PRODUCTION,FABRIQUANT,KAL,INDUS,MOD,Féminin
01675,,,,,,,,,,,241.43,,,,,,,,,,,DIR. INDUSTRIELLE,PRODUCTION,DIR-INDUS,KAL,INDUS,MOD,Féminin
01679,,17.44,157.63,,,,,,4.50,18.00,,,,,,,,,,,,DIR. INDUSTRIELLE,PRODUCTION,DIR-INDUS,KAL,INDUS,MOD,Féminin
01681,2.00,18.28,164.83,,,,,,9.00,,,,,,,,,,,,,DIR. SYSTEME D'INFORMATION,SYSTEME D'INFORMATION,ITM,KAL,GA,,Féminin
01690,1.00,18.00,162.49,,,,,,,,,,,,,,,,,,,DIR. INDUSTRIELLE,PRODUCTION,COND-IIAIR,KAL,INDUS,MOD,Féminin
01706,2.00,19.23,173.28,,,,,,4.50,,,,,,,,,,,,,DIR. INDUSTRIELLE,PRODUCTION,FABRIQUANT,KAL,INDUS,MOD,Féminin
01708,,20.00,180.00,,,,,,,,,,,,,,,,,,,DIR. LOGISTIQUE,IMPORT/EXPORT,LOGISTIQUE,KAL,INDUS,MAG,Masculin
01710,,20.00,181.84,2.00,7.25,,,,,,,,,,,,,,,,,DIR. INDUSTRIELLE,PRODUCTION,FABRIQUANT,KAL,INDUS,MOD,Féminin
01712,2.00,18.79,169.08,,5.25,,,,,,,,,,,,,,,,,DIR. INDUSTRIELLE,PRODUCTION,FABRIQUANT,KAL,INDUS,MOD,Féminin
01715,,20.00,182.38,,,,,,,,,,,,,,,,,,,DIR. RESSOURCES HUMAINES,GESTION DU PERSONNEL,GRH,KAL,GA,RH,Féminin
01731,2.00,19.67,174.88,,,,,,,,,,,,,,,,,,,DIR. INDUSTRIELLE,PRODUCTION,COND-IIAIR,KAL,INDUS,MOD,Féminin
01737,,18.38,162.75,,,,,,,,,,,,,,,,,9.00,,DIR. INDUSTRIELLE,PRODUCTION,COND-IIAIR,KAL,INDUS,MOD,Masculin
01742,1.00,17.76,159.78,,,,,,,,,,,,,,,,,,,DIR. INDUSTRIELLE,PRODUCTION,COND-IIAIR,KAL,INDUS,MOD,Féminin
01743,1.00,19.89,200.04,1.00,26.00,,,,,,,,,,,,,,,,,DIR. LOGISTIQUE,MAGASINS,WAREHOUSE,KAL,INDUS,MAG,Masculin
01745,,19.45,175.58,,,,,,4.50,,,,,,,,,,,,,DIR. INDUSTRIELLE,PRODUCTION,COND-IIAIR,KAL,INDUS,MOD,Masculin
01748,1.00,18.69,175.77,,,,,,9.00,,,,,,,,,,,,,DIR. INDUSTRIELLE,PRODUCTION,COND-IIAIR,KAL,INDUS,MOD,Féminin
01753,3.00,15.61,144.12,,11.50,,3.50,,,,,,,36.00,,,,,,,,DIR. LOGISTIQUE,MAGASINS,WAREHOUSE,KAL,INDUS,,Masculin
01754,4.00,17.84,160.66,,,,,,4.50,,,,,,,,,,,,,DIR. MANAGEMENT QUALITE,CONTROLE QUALITE,CQ,KAL,INDUS,CCQ,Masculin
01765,1.50,19.45,175.31,,,,,,4.50,,,,,,,,,,,,,DIR. LOGISTIQUE,ACHAT/APPROVISIONNEMENT,LOGISTIQUE,KAL,INDUS,,Féminin
01769,2.00,3.00,27.58,,,,,,,,,,,,,,,,,,,DIR. DEVELOPPEMENT ,DEVELOPPEMENT,DEVAMM,KAL,RD,,Masculin
01770,,15.00,140.41,,,,,,9.00,,,,,,,,,,,,,DIR. INDUSTRIELLE,MAINTENANCE,MNT,KAL,INDUS,MAINT-MOI,Masculin
01780,2.00,19.78,191.14,,8.00,,,,,,,,,,,,,,,,,DIR. MANAGEMENT QUALITE,CONTROLE QUALITE,CQ,KAL,INDUS,ANA,Féminin
01793,2.00,18.45,168.01,,,,12.00,,,,,,,,,,,,,,,DIR. INDUSTRIELLE,EHS,EHS,KAL,INDUS,EHS-MOI,Féminin
01796,,18.97,173.38,,,,,,9.00,,,,,,,,,,,,,DIR. LOGISTIQUE,IMPORT/EXPORT,LOGISTIQUE,KAL,INDUS,,Féminin
01798,3.50,19.17,178.13,,,,,,4.50,,,,,,,,,,,,,DIR. LOGISTIQUE,ACHAT/APPROVISIONNEMENT,LOGISTIQUE,KAL,INDUS,,Masculin
01803,1.50,17.97,174.58,2.50,7.50,,,,18.00,,,,,,,,,,,,,DIR. MANAGEMENT QUALITE,QUALIFIC. VALIDAT. METROLOGIE,MQU,KAL,INDUS,,Féminin
01810,0.50,18.85,184.24,,21.75,,,,9.00,,,,,,,,,,,,,DIR. LOGISTIQUE,MAGASINS,WAREHOUSE,KAL,INDUS,MAG,Masculin
01814,2.00,9.91,89.46,,,,,,,,104.35,,,,,,,,,,,DIR. INDUSTRIELLE,PRODUCTION,DIR-INDUS,KAL,INDUS,MOI,Féminin
01816,2.00,19.78,179.96,,,,,,,,,,,,,,,,,,,DIR. INDUSTRIELLE,PRODUCTION,COND-IIAIR,KAL,INDUS,MOD,Féminin
01823,3.00,18.39,163.38,,,,,,8.50,,,,,,,,,,,,,DIR. INDUSTRIELLE,PRODUCTION,DIR-INDUS,KAL,INDUS,MOD,Féminin
01832,,19.78,178.04,,,,,,,,,,,,,,,,,,,DIR. INDUSTRIELLE,PRODUCTION,DIR-INDUS,KAL,INDUS,MOI,Masculin
01833,3.00,18.24,165.73,,,,,,13.50,,,,,,,,,,,,,DIR. INDUSTRIELLE,PRODUCTION,FABRIQUANT,KAL,INDUS,MOD,Masculin
01836,1.00,19.86,181.98,,,,,,,,,,,,,,,,,,,DIR. INDUSTRIELLE,MAINTENANCE,MNT,KAL,INDUS,MAINT-MOI,Masculin
01850,,19.00,171.00,,,,,,9.00,,,,,,,,,,,,,DIR. DES OPERATIONS,VISITE MEDICALE,LINE_08,LAC,FOE,VISIT-MEDI,Féminin
01853,,20.00,180.00,,,,,,,,,,,,,,,,,,,DIR. DES OPERATIONS,VISITE MEDICALE,LINE_14,LAC,FOE,DELEGUE,Masculin
01859,4.00,17.45,158.96,,,,,,18.00,,,,,,,,,,,,,DIR. SYSTEME D'INFORMATION,SYSTEME D'INFORMATION,ITM,KAL,GA,,Masculin
01862,1.00,19.40,177.04,2.00,,,,,4.50,,,,,,,,,,,,,DIR. LOGISTIQUE,MAGASINS,LOGISTIQUE,KAL,INDUS,MAG,Masculin
01868,,19.99,187.41,,,,,,,,,,,,,,,,,,,DIR. INDUSTRIELLE,PRODUCTION,COND-IIAIR,KAL,INDUS,MOD,Féminin
01869,,20.00,194.91,,,,,,,,,,,,,,,,,,,DIR. MANAGEMENT QUALITE,CONTROLE QUALITE,CQ,KAL,INDUS,,Féminin
01871,,20.00,180.00,,,,,,,,,,,,,,,,,,,DIR. RESSOURCES HUMAINES,GESTION DU PERSONNEL,GRH,KAL,GA,MANAGER,Masculin
01882,2.00,17.27,161.12,,,,,,22.50,,,,,,,,,,,,,DIR. DEVELOPPEMENT ,DEVELOPPEMENT,DEVAMM,KAL,RD,,Féminin
01895,,20.00,180.00,,,,,,,,,,,,,,,,,,,DIR. GENERALE,DIRECTION GENERALE,DG,LAC,GA,,Masculin
01896,,20.00,180.00,,,,,,,,,,,,,,,,,,,DIR. DES OPERATIONS,VISITE MEDICALE,LINE_08,LAC,FOE,VISIT-MEDI,Masculin
01900,1.00,19.88,180.53,,,,,,,,,,,,,,,,,,,DIR. SYSTEME D'INFORMATION,SYSTEME D'INFORMATION,ITM,KAL,GA,,Masculin
01915,,19.98,198.00,,22.25,,,,,,,,,,,,,,,,,DIR. MANAGEMENT QUALITE,STABILITE,CQ,KAL,INDUS,,Masculin
01937,,20.00,180.00,,,,,,,,,,,,,,,,,,,DIR. SYSTEME D'INFORMATION,SYSTEME D'INFORMATION,ITM,KAL,GA,DIRECTEUR,Masculin
01939,,16.00,144.00,,,,,,36.00,,,,,,,,,,,,,DIR. DES OPERATIONS,VISITE MEDICALE,LINE_08,LAC,FOE,VISIT-MEDI,Masculin
01952,,14.47,135.39,2.00,,,34.00,,9.00,,,,,,,,,9.00,,,,DIR. INDUSTRIELLE,MAINTENANCE,MNT,KAL,INDUS,MAINT-MOI,Masculin
01954,,20.00,180.00,,,,,,,,,,,,,,,,,,,DIR. DES OPERATIONS,VISITE MEDICALE,LINE_15,LAC,FOE,PHARMA,Masculin
01958,,18.00,162.00,,,,,,18.00,,,,,,,,,,,,,DIR. DES OPERATIONS,VISITE MEDICALE,LINE_01,LAC,FOE,DELEGUE,Féminin
01978,,20.00,180.00,,,,,,,,,,,,,,,,,,,DIR. DES OPERATIONS,VISITE MEDICALE,LINE_07,LAC,FOE,DELEGUE,Féminin
01981,,19.99,182.42,,,,,,,,,,,,,,,,,,,DIR. ADMIN ET FINANCIERE ,FINANCE,DAF,KAL,GA,,Féminin
01986,,20.00,180.00,,,,,,,,,,,,,,,,,,,DIR. DES OPERATIONS,VISITE MEDICALE,LINE_12,LAC,FOE,VISIT-MEDI,Masculin
01987,2.00,19.78,184.07,,,,,,,,,,,,,,,,,,,DIR. INDUSTRIELLE,MAINTENANCE,MNT,KAL,INDUS,MAINT-MOI,Masculin
01989,2.00,16.78,167.19,,15.00,,,,27.00,,,,,,,,,,,,,DIR. MANAGEMENT QUALITE,CONTROLE QUALITE,CQ,KAL,INDUS,ANA,Masculin
02072,1.50,18.95,164.91,,,,,,8.50,,,,,,,,,,,,,DIR. INDUSTRIELLE,PRODUCTION,DIR-INDUS,KAL,INDUS,MOD,Masculin
02096,2.00,16.61,155.51,,,,,,27.00,,,,,,,,,,,,,DIR. DEVELOPPEMENT ,DEVELOPPEMENT,CQ,KAL,RD,,Masculin
02100,,24.00,189.45,,6.00,32.50,,,,,,,,,,,,,,,,DIR. INDUSTRIELLE,MAINTENANCE,MNT,KAL,INDUS,MAINT-MOI,Masculin
02115,,20.00,180.00,,,,,,,,,,,,,,,,,,,DIR. DES OPERATIONS,VISITE MEDICALE,LINE_03,LAC,FOE,VISIT-MEDI,Masculin
02125,2.00,19.15,173.57,,,,,,4.50,,,,,,,,,,,,,DIR. INDUSTRIELLE,PRODUCTION,FABRIQUANT,KAL,INDUS,MOD,Masculin
02139,,20.00,180.00,,,,,,,,,,,,,,,,,,,DIR. DES OPERATIONS,VISITE MEDICALE,LINE_02,LAC,FOE,VISIT-MEDI,Féminin
02141,,19.00,171.00,,,,,,9.00,,,,,,,,,,,,,DIR. DES OPERATIONS,VISITE MEDICALE,LINE_08,LAC,FOE,VISIT-MEDI,Masculin
02143,,20.00,180.00,,,,,,,,,,,,,,,,,,,DIR. DES OPERATIONS,VISITE MEDICALE,LINE_04,LAC,FOE,VISIT-MEDI,Masculin
02150,,20.00,180.00,,,,,,,,,,,,,,,,,,,DIR. DES OPERATIONS,VISITE MEDICALE,LINE_03,LAC,FOE,VISIT-MEDI,Féminin
02151,,20.00,183.78,,,,,,,,,,,,,,,,,,,DIR. INDUSTRIELLE,PRODUCTION,DIR-INDUS,KAL,INDUS,MOI,Masculin
02154,,17.97,193.55,13.50,28.25,,,,18.00,,,,,,,,,,,,,DIR. MANAGEMENT QUALITE,CONTROLE QUALITE,CQ,KAL,INDUS,ANA,Masculin
02155,,20.00,180.00,,,,,,,,,,,,,,,,,,,DIR. DES OPERATIONS,VISITE MEDICALE,LINE_04,LAC,FOE,VISIT-MEDI,Féminin
02161,,9.00,81.00,,,,,,,130.38,,,,,,,,,,,,DIR. DES OPERATIONS,VISITE MEDICALE,LINE_06,LAC,FOE,DELEGUE,Féminin
02174,,19.00,178.90,,,,,,9.00,,,,,,,,,,,,,DIR. INDUSTRIELLE,PRODUCTION,COND-IIAIR,KAL,INDUS,MOD,Féminin
02188,,17.86,166.63,,,,,,18.00,,,,,,,,,,,,,DIR. INDUSTRIELLE,EHS,EHS,LAC,INDUS,EHS-MOI,Féminin
02204,,19.00,171.00,,,,9.00,,,,,,,,,,,,,,,DIR.  PRT,PHARMACIEN RESP. TECHNIQUE,PRT,KAL,INDUS,DIRECTEUR,Féminin
02213,2.00,19.78,190.89,6.25,,,,,,,,,,,,,,,,,,DIR. INDUSTRIELLE,PRODUCTION,WAREHOUSE,KAL,INDUS,MOD,Masculin
02223,,18.00,162.00,,,,,,18.00,,,,,,,,,,,,,DIR. DES OPERATIONS,VISITE MEDICALE,LINE_04,LAC,FOE,,Féminin
02225,,9.49,85.41,,,,106.00,,,,,,,,,,,,,,,DIR. AFFAIRES REGLEMENTAIRE,AFFAIRES REGLEMENTAIRES,AFF-REG,LAC,RD,,Féminin
02244,2.00,16.80,154.09,,,,,,9.00,,,,,,,,,,,,,DIR. INDUSTRIELLE,PRODUCTION,DIR-INDUS,KAL,INDUS,MOI,Féminin
02246,2.00,18.25,166.63,,,,,,4.50,,,,,,,,,9.00,,,,DIR. INDUSTRIELLE,PRODUCTION,DIR-INDUS,KAL,INDUS,MOI,Masculin
02250,1.00,19.35,185.36,1.00,4.50,,,,4.50,,,,,,,,,,,,,DIR. LOGISTIQUE,MAGASINS,WAREHOUSE,KAL,INDUS,MAG,Masculin
02264,2.00,18.74,170.44,,,,,,,,,,,,,,,,,,,DIR. INDUSTRIELLE,EHS,EHS,KAL,INDUS,EHS-MOI,Féminin
02268,,20.00,180.00,,,,,,,,,,,,,,,,,,,DIR. DES OPERATIONS,MARKETING,LINE_05,LAC,SHO,,Masculin
02275,2.00,19.24,178.09,,,,,,,,,,,,,,,,,,,DIR. INDUSTRIELLE,PRODUCTION,DIR-INDUS,KAL,INDUS,MOI,Féminin
02290,,20.00,194.45,,8.75,,,,,,,,,,,,,,,,,DIR. MANAGEMENT QUALITE,CONTROLE QUALITE,CQ,KAL,INDUS,ANA,Féminin
02293,,13.95,130.16,,,,49.50,,9.00,,,,,,,,,,,,,DIR. DES OPERATIONS,MARKETING,SHO,LAC,SHO,,Féminin
02294,,19.00,171.00,,,,,,9.00,,,,,,,,,,,,,DIR. DES OPERATIONS,VISITE MEDICALE,LINE_08,LAC,FOE,DELEGUE,Masculin
02297,1.50,19.83,184.06,,,,,,,,,,,,,,,,,,,DIR. SYSTEME D'INFORMATION,SYSTEME D'INFORMATION,ITM,KAL,GA,RSI,Masculin
02300,,8.00,74.03,,,,,108.00,,,,,,,,,,,,,,DIR. MANAGEMENT QUALITE,ASSURANCE QUALITE,MQU,KAL,INDUS,,Féminin
02302,4.00,13.46,122.20,,,,,,45.00,,,,,,,,,9.00,,,,DIR. MANAGEMENT QUALITE,CONTROLE QUALITE,DEVAMM,KAL,INDUS,,Féminin
02315,,20.00,184.49,,,,,,,,,,,,,,,,,,,DIR. MANAGEMENT QUALITE,CONTROLE QUALITE,CQ,KAL,INDUS,ANA,Masculin
02325,2.00,19.43,175.64,2.25,7.50,,,,,,,,,,,,,,,,,DIR. INDUSTRIELLE,PRODUCTION,COND-IIAIR,KAL,INDUS,MOD,Féminin
02326,,,,,,,,,,,,,,,,,,,,,,DIR. DES OPERATIONS,MARKETING,SHO,LAC,SHO,,Féminin
02328,,12.27,121.31,,,,67.50,,,,,,,,,,,,,,,AFFAIRES JURIDIQUES,AFFAIRES JURIDUQUES,AFF-JUR,LAC,GA,,Féminin
02337,,19.99,172.59,,,,,,,,,,,,,,,,,,,DIR. INDUSTRIELLE,PRODUCTION,DIR-INDUS,KAL,INDUS,MOD,Féminin
02338,,19.50,176.12,4.00,,,,,4.25,,,,,,,,,,,,,DIR. INDUSTRIELLE,PRODUCTION,DIR-INDUS,KAL,INDUS,MOD,Féminin
02339,,20.00,188.59,,,,,,,,,,,,,,,,,,,DIR. DEVELOPPEMENT ,DEVELOPPEMENT,DEVAMM,KAL,RD,,Féminin
02343,2.00,18.76,170.10,,,,,,,,,,,,,,9.00,,,,,DIR. INDUSTRIELLE,PRODUCTION,DIR-INDUS,KAL,INDUS,MOI,Masculin
02345,,19.10,173.16,4.60,,,,,4.50,,,,,,,,,,,,,DIR. INDUSTRIELLE,PRODUCTION,COND-IIAIR,KAL,INDUS,MOD,Féminin
02350,,18.87,176.29,,,,,,,,,,,,,,,,,9.00,,DIR. DEVELOPPEMENT ,DEVELOPPEMENT,DEVAMM,KAL,RD,,Féminin
02351,2.00,18.78,169.61,,,,,,,,,,,,,,,,,,,DIR. INDUSTRIELLE,PRODUCTION,COND-IIAIR,KAL,INDUS,MOD,Féminin
02353,,11.68,105.16,,,,100.17,,,,,,,,,,,,,,,DIR. INTERNATIONAL SALES,MARKETING,SHO-EXPORT,LAC,SHO,,Masculin
02356,,20.00,180.00,,,,,,,,,,,,,,,,,,,DIR. DES OPERATIONS,VISITE MEDICALE,LINE_09,LAC,FOE,VISIT-MEDI,Masculin
02367,1.00,18.40,168.42,4.00,,,,,4.50,9.00,,,,,,,,,,,,DIR. INDUSTRIELLE,PRODUCTION,COND-IIAIR,KAL,INDUS,MOD,Féminin
02368,2.00,17.25,156.35,,,,,,,9.00,,,,,,,,9.00,,,,DIR. INDUSTRIELLE,PRODUCTION,DIR-INDUS,KAL,INDUS,MOI,Féminin
02370,,12.00,111.66,,,,,,73.64,,,,,,,,,,,,,DIR. MANAGEMENT QUALITE,CONTROLE QUALITE,CQ,KAL,INDUS,,Masculin
02375,2.00,16.89,157.56,,,,,,27.00,,,,,,,,,,,,,DIR. LOGISTIQUE,MAGASINS,WAREHOUSE,KAL,INDUS,MAG,Masculin
02377,2.00,19.83,188.76,,15.00,,,,,,,,,,,,,,,,,DIR. INDUSTRIELLE,EHS,EHS,KAL,INDUS,EHS-MOI,Féminin
02380,,18.97,173.54,,,,,,,,,,,,,,,,,,,DIR. CONTROLE DE GESTION,CONTOLE GESTION,CG,KAL,GA,,Masculin
02385,,19.00,171.00,,,,,,9.00,,,,,,,,,,,,,DIR. DES OPERATIONS,VISITE MEDICALE,LINE_06,LAC,FOE,VISIT-MEDI,Masculin
02390,2.00,18.78,171.39,,,,,,,,,,,,,,,,,,,DIR. INDUSTRIELLE,PRODUCTION,FABRIQUANT,KAL,INDUS,MOD,Féminin
02394,,19.83,186.82,2.00,6.00,,,,,,,,,,,,,,,,,DIR. MANAGEMENT QUALITE,CONTROLE QUALITE,CQ,KAL,INDUS,ANA,Masculin
02402,,20.00,180.00,,,,,,,,,,,,,,,,,,,DIR. DES OPERATIONS,VISITE MEDICALE,LINE_04,LAC,FOE,VISIT-MEDI,Féminin
02403,1.00,11.87,102.46,,,,,,,64.57,,,,8.50,,,,,,,,DIR. INDUSTRIELLE,PRODUCTION,DIR-INDUS,KAL,INDUS,MOD,Féminin
02419,,20.00,183.63,,,,,,,,,,,,,,,,,,,DIR. DEVELOPPEMENT ,DEVELOPPEMENT,DEVAMM,KAL,RD,,Féminin
02428,1.00,19.96,181.07,,,,,,,,,,,,,,,,,,,DIR. INDUSTRIELLE,PRODUCTION,FABRIQUANT,KAL,INDUS,MOD,Masculin
02432,2.00,18.66,169.64,,,,,,,,,,,,,,,,,,,DIR. LOGISTIQUE,ACHAT/APPROVISIONNEMENT,LOGISTIQUE,KAL,INDUS,,Masculin
02447,1.00,13.43,127.76,2.00,10.75,,,,9.00,,,,,,,9.00,,,36.00,,,DIR. LOGISTIQUE,MAGASINS,WAREHOUSE,KAL,INDUS,MAG,Masculin
02451,1.00,13.80,125.34,,,,,,9.00,,,,,,,,,,,,,DIR. MANAGEMENT QUALITE,CONTROLE QUALITE,CQ,KAL,INDUS,CCQ,Féminin
02452,,18.96,171.34,,,,,,9.00,,,,,,,,,,,,,DIR. ADMIN ET FINANCIERE ,ADM. DES VENTE,LOGISTIQUE,KAL,GA,,Féminin
02455,1.00,19.89,171.96,4.00,3.00,,,,,,,,,,,,,,,,,DIR. INDUSTRIELLE,PRODUCTION,COND-IIAIR,KAL,INDUS,MOD,Féminin
02460,2.00,19.61,178.64,,,,,,,,,,,,,,,,,,,DIR. INDUSTRIELLE,PRODUCTION,DIR-INDUS,KAL,INDUS,MOI,Masculin
02462,,20.00,180.00,,,,,,,,,,,,,,,,,,,DIR. DES OPERATIONS,VISITE MEDICALE,LINE_14,LAC,FOE,PHARMA,Masculin
02464,,20.00,180.00,,,,,,,,,,,,,,,,,,,DIR. DES OPERATIONS,VISITE MEDICALE,LINE_10,LAC,FOE,DELEGUE,Féminin
02467,,20.00,180.00,,,,,,,,,,,,,,,,,,,DIR. DES OPERATIONS,VISITE MEDICALE,LINE_03,LAC,FOE,VISIT-MEDI,Masculin
02470,,19.29,170.88,3.75,,,,,,,,,,,,,,,,,,DIR. INDUSTRIELLE,PRODUCTION,COND-IIAIR,KAL,INDUS,MOD,Masculin
02474,4.00,17.80,151.78,,,,,,,8.50,,,,,,,,,,,,DIR. INDUSTRIELLE,PRODUCTION,FABRIQUANT,KAL,INDUS,MOD,Masculin
02475,,15.00,135.00,,,,,,45.00,,,,,,,,,,,,,DIR. DES OPERATIONS,VISITE MEDICALE,LINE_07,LAC,FOE,VISIT-MEDI,Féminin
02481,2.00,19.78,186.44,,,,,,,,,,,,,,,,,,,DIR. INDUSTRIELLE,PRODUCTION,COND-IIAIR,KAL,INDUS,MOD,Féminin
02482,,19.00,184.60,2.48,6.25,,,,9.00,,,,,,,,,,,,,DIR. INDUSTRIELLE,MAINTENANCE,MNT,KAL,INDUS,MAINT-MOI,Masculin
02483,,20.00,180.00,,,,,,,,,,,,,,,,,,,DIR. DES OPERATIONS,VISITE MEDICALE,LINE_06,LAC,FOE,VISIT-MEDI,Féminin
02487,,19.00,172.61,,,,,,4.50,,,,,,,,,,,,,DIR. INDUSTRIELLE,PRODUCTION,DIR-INDUS,KAL,INDUS,MOI,Masculin
02491,3.50,16.78,157.12,,,,18.00,,9.00,,,,,,,,,,,,,DIR. MANAGEMENT QUALITE,QUALIFIC. VALIDAT. METROLOGIE,MQU,KAL,INDUS,,Féminin
02495,,18.97,163.07,4.20,7.25,,,,8.50,,,,,,,,,,,,,DIR. INDUSTRIELLE,PRODUCTION,COND-IIAIR,KAL,INDUS,MOD,Féminin
02506,,4.00,36.00,,,,,,,,,,,,,,,,,,,DIR. DES OPERATIONS,VISITE MEDICALE,LINE_13,LAC,FOE,VISIT-MEDI,Féminin
02512,,20.00,180.00,,,,,,,,,,,,,,,,,,,DIR. DES OPERATIONS,VISITE MEDICALE,LINE_08,LAC,FOE,VISIT-MEDI,Féminin
02516,,15.39,139.14,,,,,,40.50,,,,,,,,,,,,,DIR. RESSOURCES HUMAINES,GESTION DU PERSONNEL,GRH,KAL,GA,,Féminin
02517,4.00,18.44,165.90,,,,,,4.50,,,,,,,,,,,,,DIR. INDUSTRIELLE,PRODUCTION,FABRIQUANT,KAL,INDUS,MOD,Masculin
02521,,20.00,184.48,,,,,,,,,,,,,,,,,,,DIR. MANAGEMENT QUALITE,CONTROLE QUALITE,CQ,KAL,INDUS,ANA,Féminin
02522,,6.97,72.66,,,,108.00,,9.00,,,,,,,,,,,,,DIR. DES OPERATIONS,MARKETING,MKTNG-COM,LAC,SHO,,Masculin
02525,,19.00,171.00,,,,,,,,,,,,,,9.00,,,,,MEDI-MARKETING,MEDI-MARKETING,MEDIMARK,LAC,MEDIM,,Féminin
02528,,20.00,180.00,,,,,,,,,,,,,,,,,,,DIR. DES OPERATIONS,MARKETING,SHO,LAC,SHO,SA-MANAGER,Masculin
02530,,15.99,144.16,,,,,,18.00,,,,18.00,,,,,,,,,DIR. INDUSTRIELLE,PRODUCTION,FABRIQUANT,KAL,INDUS,MOD,Masculin
02531,,20.00,180.00,,,,,,,,,,,,,,,,,,,DIR. DES OPERATIONS,VISITE MEDICALE,LINE_14,LAC,FOE,PHARMA,Féminin
02533,,20.00,180.00,,,,,,,,,,,,,,,,,,,DIR. DES OPERATIONS,VISITE MEDICALE,LINE_02,LAC,FOE,VISIT-MEDI,Féminin
02536,,19.00,171.00,,,,,,9.00,,,,,,,,,,,,,DIR. DES OPERATIONS,VISITE MEDICALE,DG,LAC,FOE,VISIT-MEDI,Féminin
02537,,20.00,180.00,,,,,,,,,,,,,,,,,,,DIR. DES OPERATIONS,VISITE MEDICALE,LINE_11,LAC,FOE,DELEGUE,Féminin
02545,,20.00,180.00,,,,,,,,,,,,,,,,,,,DIR. DES OPERATIONS,VISITE MEDICALE,LINE_03,LAC,FOE,DELEGUE,Masculin
02550,,19.00,179.08,,,,,,9.00,,,,,,,,,,,,,DIR. MANAGEMENT QUALITE,CONTROLE QUALITE,CQ,KAL,INDUS,ANA,Féminin
02551,,22.00,172.73,,12.00,30.50,,,12.00,,,,,,,,,,,,,DIR. INDUSTRIELLE,MAINTENANCE,MNT,KAL,INDUS,MAINT-MOI,Masculin
02554,2.00,2.78,26.52,,,,,,94.50,,,,,,,,54.00,,,,,DIR. INDUSTRIELLE,MAINTENANCE,MNT,KAL,INDUS,MAINT-MOI,Masculin
02555,,20.00,180.00,,,,,,,,,,,,,,,,,,,DIR. DES OPERATIONS,VISITE MEDICALE,LINE_06,LAC,FOE,VISIT-MEDI,Masculin
02556,,,,,,,,,,,,,,,,,161.62,,,,,DIR. INDUSTRIELLE,PRODUCTION,DIR-INDUS,KAL,INDUS,MOI,Masculin
02564,,20.00,180.00,,,,,,,,,,,,,,,,,,,DIR. DES OPERATIONS,VISITE MEDICALE,LINE_14,LAC,FOE,PHARMA,Masculin
02565,,16.00,144.00,,,,36.00,,,,,,,,,,,,,,,DIR. DES OPERATIONS,MARKETING,MKTNG-COM,LAC,SHO,,Féminin
02575,,20.00,180.00,,,,,,,,,,,,,,,,,,,DIR. DES OPERATIONS,VISITE MEDICALE,LINE_08,LAC,FOE,VISIT-MEDI,Féminin
02577,,20.00,180.00,,,,,,,,,,,,,,,,,,,DIR. DES OPERATIONS,VISITE MEDICALE,LINE_03,LAC,FOE,VISIT-MEDI,Féminin
02583,,6.88,61.84,,,,112.50,,,,,,,,,,,,,,,DIR. INDUSTRIELLE,PRODUCTION,DIR-INDUS,LAC,INDUS,MOI,Masculin
02594,,20.00,180.00,,,,,,,,,,,,,,,,,,,DIR. DES OPERATIONS,VISITE MEDICALE,LINE_05,LAC,FOE,VISIT-MEDI,Féminin
02596,,20.00,180.00,,,,,,,,,,,,,,,,,,,DIR. DES OPERATIONS,VISITE MEDICALE,LINE_10,LAC,FOE,DELEGUE,Féminin
02601,,17.99,154.71,3.79,7.50,,,,8.50,,,,,,,,,,,8.50,,DIR. INDUSTRIELLE,PRODUCTION,COND-IIAIR,KAL,INDUS,MOD,Féminin
02602,2.00,16.71,152.58,,,,,,9.00,,,,,,,,,9.00,,,,DIR. LOGISTIQUE,MAGASINS,LOGISTIQUE,KAL,INDUS,MAG,Masculin
02603,,20.00,180.00,,,,,,,,,,,,,,,,,,,DIR. DES OPERATIONS,VISITE MEDICALE,LINE_07,LAC,FOE,VISIT-MEDI,Masculin
02605,,20.00,180.00,,,,,,,,,,,,,,,,,,,DIR. DES OPERATIONS,VISITE MEDICALE,LINE_02,LAC,FOE,VISIT-MEDI,Féminin
02606,,20.00,180.00,,,,,,,,,,,,,,,,,,,DIR. DES OPERATIONS,VISITE MEDICALE,LINE_10,LAC,FOE,VISIT-MEDI,Féminin
02608,,20.00,180.00,,,,,,,,,,,,,,,,,,,DIR. DES OPERATIONS,VISITE MEDICALE,LINE_14,LAC,FOE,PHARMA,Masculin
02611,,20.00,180.00,,,,,,,,,,,,,,,,,,,DIR. DES OPERATIONS,VISITE MEDICALE,LINE_01,LAC,FOE,DELEGUE,Masculin
02613,,19.00,184.95,,21.25,,,,9.00,,,,,,,,,,,,,DIR. MANAGEMENT QUALITE,CONTROLE QUALITE,CQ,KAL,INDUS,ANA,Féminin
02614,,20.00,180.00,,,,,,,,,,,,,,,,,,,DIR. DES OPERATIONS,VISITE MEDICALE,LINE_04,LAC,FOE,VISIT-MEDI,Masculin
02619,,20.00,180.00,,,,,,,,,,,,,,,,,,,DIR. DES OPERATIONS,VISITE MEDICALE,LINE_07,LAC,FOE,DELEGUE,Féminin
02620,,19.77,177.87,,,,,,,,,,,,,,,,,,,DIR. ADMIN ET FINANCIERE ,BUREAU D'ORDRE,DAF,KAL,GA,,Féminin
02620,,19.77,177.87,,,,,,,,,,,,,,,,,,,DIR. ADMIN ET FINANCIERE ,BUREAU D'ORDRE,DAF,KAL,GA,,Féminin
02622,2.00,18.78,177.14,,,,,,,,,,,,,,9.00,,,,,DIR. DEVELOPPEMENT ,DEVELOPPEMENT,DEVAMM,KAL,RD,,Féminin
02625,,20.00,180.00,,,,,,,,,,,,,,,,,,,DIR. DES OPERATIONS,VISITE MEDICALE,LINE_14,LAC,FOE,PHARMA,Masculin
02626,,20.00,180.00,,,,,,,,,,,,,,,,,,,DIR. DES OPERATIONS,VISITE MEDICALE,LINE_05,LAC,FOE,VISIT-MEDI,Féminin
02632,,17.00,153.00,,,,,,27.00,,,,,,,,,,,,,DIR. DES OPERATIONS,VISITE MEDICALE,LINE_10,LAC,FOE,VISIT-MEDI,Féminin
02634,,20.00,180.00,,,,,,,,,,,,,,,,,,,DIR. DES OPERATIONS,VISITE MEDICALE,LINE_07,LAC,FOE,VISIT-MEDI,Masculin
02636,,20.00,180.00,,,,,,,,,,,,,,,,,,,DIR. DES OPERATIONS,VISITE MEDICALE,LINE_04,LAC,FOE,VISIT-MEDI,Masculin
02637,,7.00,63.00,,,,45.00,,18.00,,,,,,,,,,,,,DIR. DES OPERATIONS,MARKETING,SHO,LAC,SHO,,Masculin
02638,,20.00,180.00,,,,,,,,,,,,,,,,,,,DIR. DES OPERATIONS,VISITE MEDICALE,LINE_10,LAC,FOE,DELEGUE,Masculin
02645,,20.00,180.00,,,,,,,,,,,,,,,,,,,DIR. DES OPERATIONS,MARKETING,SHO,LAC,SHO,,Féminin
02646,,19.97,182.48,,,,,,,,,,,,,,,,,,,DIR. ADMIN ET FINANCIERE ,DIRECTION ADMIN. ET FINANC.,DAF,KAL,GA,,Féminin
02650,1.00,18.67,173.14,,,,2.00,,9.00,,,,,,,,,,,,,DIR. INDUSTRIELLE,MAINTENANCE,MNT,KAL,INDUS,MAINT-MOI,Masculin
02651,1.50,18.80,181.79,2.40,7.50,,,,9.00,,,,,,,,,,,,,DIR. MANAGEMENT QUALITE,ASSURANCE QUALITE,MQU,KAL,INDUS,,Féminin
02652,,17.00,175.16,,,,,,27.00,,,,,,,,,,,,,DIR. DEVELOPPEMENT ,DEVELOPPEMENT,DEVAMM,KAL,RD,,Masculin
02654,,19.00,171.00,,,,,,9.00,,,,,,,,,,,,,DIR. DES OPERATIONS,VISITE MEDICALE,LINE_07,LAC,FOE,,Masculin
02657,,19.84,179.41,,,,,,,,,,,,,,,,,,,DIR. RESSOURCES HUMAINES,GESTION DU PERSONNEL,GRH,KAL,GA,RH,Féminin
02658,,17.98,172.08,,,,22.50,,,,,,,,,,,,,,,DIR. GENERALE,DIRECTION GENERALE,DG,LAC,GA,,Féminin
02659,,19.00,176.24,2.77,5.50,,,,9.00,,,,,,,,,,,,,DIR. INDUSTRIELLE,MAINTENANCE,MNT,KAL,INDUS,MAINT-MOI,Masculin
02662,,20.00,184.58,,,,,,,,,,,,,,,,,,,DIR. MANAGEMENT QUALITE,CONTROLE QUALITE,CQ,KAL,INDUS,ANA,Féminin
02663,,18.00,168.19,,,,,,18.00,,,,,,,,,,,,,DIR. DEVELOPPEMENT ,DEVELOPPEMENT,DEVAMM,KAL,RD,,Féminin
02665,,20.00,181.74,,,,,,,,,,,,,,,,,,,DIR. INDUSTRIELLE,MAINTENANCE,MNT,KAL,INDUS,MAINT-MOI,Masculin
02666,,19.97,184.23,,,,,,,,,,,,,,,,,,,DIR. INDUSTRIELLE,PRODUCTION,DIR-INDUS,KAL,INDUS,MOI,Féminin
02667,,,,,,,,,,,173.55,,,,,,,,,,,DIR. INDUSTRIELLE,PRODUCTION,DIR-INDUS,KAL,INDUS,MOI,Féminin
02668,,19.00,184.52,6.41,,,,,,,,,,,,9.00,,,,,,DIR. MANAGEMENT QUALITE,ASSURANCE QUALITE,MQU,KAL,INDUS,,Masculin
02669,,20.00,180.00,,,,,,,,,,,,,,,,,,,DIR. DES OPERATIONS,VISITE MEDICALE,LINE_14,LAC,FOE,PHARMA,Masculin
02670,,19.97,201.42,11.27,23.50,,,,,,,,,,,,,,,,,DIR. MANAGEMENT QUALITE,QUALIFIC. VALIDAT. METROLOGIE,MQU,KAL,INDUS,,Masculin
02671,,19.00,171.00,,,,,,9.00,,,,,,,,,,,,,DIR. DES OPERATIONS,VISITE MEDICALE,LINE_08,LAC,FOE,SUP-MEDICA,Masculin
02672,,20.00,180.00,,,,,,,,,,,,,,,,,,,DIR. DES OPERATIONS,VISITE MEDICALE,LINE_04,LAC,FOE,SUP-MEDICA,Masculin
02673,,20.00,180.00,,,,,,,,,,,,,,,,,,,DIR. DES OPERATIONS,VISITE MEDICALE,LINE_14,LAC,FOE,PHARMA,Masculin
02674,,20.00,187.65,,,,,,,,,,,,,,,,,,,DIR. LOGISTIQUE,LOGISTIQUE,LOGISTIQUE,KAL,INDUS,ACH,Masculin
02676,,20.00,180.00,,,,,,,,,,,,,,,,,,,DIR. DES OPERATIONS,VISITE MEDICALE,LINE_11,LAC,FOE,,Féminin
02677,,20.00,180.00,,,,,,,,,,,,,,,,,,,DIR. DES OPERATIONS,VISITE MEDICALE,LINE_06,LAC,FOE,,Féminin
02678,,20.00,180.00,,,,,,,,,,,,,,,,,,,DIR. DES OPERATIONS,VISITE MEDICALE,LINE_03,LAC,FOE,,Masculin
02679,,20.00,180.00,,,,,,,,,,,,,,,,,,,DIR. DES OPERATIONS,VISITE MEDICALE,LINE_03,LAC,FOE,,Masculin
02680,,20.00,180.00,,,,,,,,,,,,,,,,,,,DIR. DES OPERATIONS,VISITE MEDICALE,LINE_06,LAC,FOE,,Masculin
02681,,20.00,180.00,,,,,,,,,,,,,,,,,,,DIR. DES OPERATIONS,VISITE MEDICALE,LINE_10,LAC,FOE,,Féminin
02683,,20.00,180.00,,,,,,,,,,,,,,,,,,,DIR. DES OPERATIONS,VISITE MEDICALE,LINE_09,LAC,FOE,,Masculin
02684,,19.84,180.10,,,,1.30,,,,,,,,,,,,,,,DIR. MANAGEMENT QUALITE,ASSURANCE QUALITE,MQU,KAL,INDUS,,Féminin
02690,,8.00,74.29,,,,,,9.00,,,,,,,,,,,,,DIR. CONTROLE DE GESTION,CONTOLE GESTION,CG,LAC,GA,,Féminin
02691,,,,,,,,,,,,,,,,,,,,,,DIR. DES OPERATIONS,MARKETING,MKTNG-COM,LAC,SHO,,Masculin
02692,,3.98,35.90,,,,,,,,,,,,,,,,,,,DIR. INDUSTRIELLE,EHS,EHS,KAL,INDUS,EHS-MOI,Féminin
02694,,,,,,,,,,,,,,,,,,,,,,DIR. DES OPERATIONS,VISITE MEDICALE,LINE_14,LAC,FOE,,Féminin
02695,,,,,,,,,,,,,,,,,,,,,,DIR. DES OPERATIONS,VISITE MEDICALE,LINE_08,LAC,FOE,,Féminin
02698,,,,,,,,,,,,,,,,,,,,,,DIR. MANAGEMENT QUALITE,CONTROLE QUALITE,CQ,KAL,INDUS,,Masculin
20001,,20.00,180.00,,,,,,,,,,,,,,,,,,,DIR. DES OPERATIONS,VISITE MEDICALE,LINE_08,LAC2,FOE,DELEGUE,Masculin
20002,,20.00,180.00,,,,,,,,,,,,,,,,,,,DIR. DES OPERATIONS,VISITE MEDICALE,SHO,LAC2,FOE,SUP-MEDICA,Masculin
20010,,20.00,180.00,,,,,,,,,,,,,,,,,,,DIR. DES OPERATIONS,,SHO,LAC2,SHO,,Masculin
20013,,20.00,180.00,,,,,,,,,,,,,,,,,,,DIR. DES OPERATIONS,VISITE MEDICALE,LINE_10,LAC2,FOE,VISIT-MEDI,Féminin
20019,,19.00,171.00,,,,,,9.00,,,,,,,,,,,,,DIR. DES OPERATIONS,VISITE MEDICALE,LINE_09,LAC2,FOE,VISIT-MEDI,Féminin
20020,,19.00,171.00,,,,,,9.00,,,,,,,,,,,,,DIR. DES OPERATIONS,VISITE MEDICALE,LINE_01,LAC2,FOE,VISIT-MEDI,Féminin
20021,,15.00,135.00,,,,,,45.00,,,,,,,,,,,,,DIR. DES OPERATIONS,VISITE MEDICALE,LINE_04,LAC2,FOE,VISIT-MEDI,Féminin
20022,,18.00,162.00,,,,,,18.00,,,,,,,,,,,,,DIR. DES OPERATIONS,VISITE MEDICALE,LINE_02,LAC2,FOE,DELEGUE,Masculin
20023,,20.00,180.00,,,,,,,,,,,,,,,,,,,DIR. DES OPERATIONS,VISITE MEDICALE,LINE_01,LAC2,FOE,DELEGUE,Féminin
20025,,20.00,180.00,,,,,,,,,,,,,,,,,,,DIR. DES OPERATIONS,VISITE MEDICALE,LINE_01,LAC2,FOE,VISIT-MEDI,Féminin
20027,,20.00,180.00,,,,,,,,,,,,,,,,,,,DIR. DES OPERATIONS,VISITE MEDICALE,LINE_01,LAC2,FOE,DELEGUE,Féminin
20028,,20.00,180.00,,,,,,,,,,,,,,,,,,,DIR. DES OPERATIONS,VISITE MEDICALE,LINE_02,LAC2,FOE,DELEGUE,Féminin
20029,,16.00,144.00,,,,,,36.00,,,,,,,,,,,,,DIR. DES OPERATIONS,VISITE MEDICALE,LINE_04,LAC2,FOE,DELEGUE,Féminin
20031,,20.00,180.00,,,,,,,,,,,,,,,,,,,DIR. DES OPERATIONS,VISITE MEDICALE,LINE_01,LAC2,FOE,AM,Féminin
20034,,20.00,180.00,,,,,,,,,,,,,,,,,,,DIR. DES OPERATIONS,VISITE MEDICALE,LINE_03,LAC2,FOE,VISIT-MEDI,Féminin
20035,,19.00,171.00,,,,,,9.00,,,,,,,,,,,,,DIR. DES OPERATIONS,VISITE MEDICALE,LINE_01,LAC2,FOE,VISIT-MEDI,Féminin
20036,,20.00,180.00,,,,,,,,,,,,,,,,,,,DIR. DES OPERATIONS,VISITE MEDICALE,LINE_02,LAC2,FOE,DELEGUE,Masculin
20037,,20.00,180.00,,,,,,,,,,,,,,,,,,,DIR. DES OPERATIONS,VISITE MEDICALE,LINE_02,LAC2,FOE,,Féminin
