,,04/05/2026 17:31,,,,,,,,,,,,,,,,,,,,,,,,,,,
,ETAT TPS,,,,,,,,,,,,,,,,,,,,,,,,,,,,
,Du 01/12/2025 au 31/12/2025,,,,,,,,,,,,,,,,,,,,,,,,,,,,
,,01715,,,,,,,,,,,,,,,,,,,,,,,,,,,
Matricule,Nom & Prénom,Présence badgée,Présence badgée validée,Heures totales,Cumul Abs vers la paie,Absence vers la paie en jour,HS75,HSUP100%,MISSION,FORM,MALAD,MATERNITE,RC.ALLAIT,AC.TRAJET,AC.TRAVAIL,ARRET TRV,AUTO,CSS,CPAT,CMAR,CNAIS,CDESES,CP.EX,CIR,M.A.P,VALHS,FERIE,VALHR,CP
00007,Production,175.3,166,205.59,1,0.0,1.56,0,0,0,0,0,0,0,0,0,2,0,0,0,0,0,0,0,0,1.59,9,0,27.00
00013,Direction Générale,196.59,186.29,204.29,0.32,0.0,0,0,0,0,0,0,0,0,0,0,0,0,0,0,0,0,0,0,0,0,9,0,9.00
00041,Logistique,169.17,168.44,205.4,0.33,0.0,0,0.21,0,0,0,0,0,0,0,0,1,0,0,0,0,0,0,0,0,0,9,0.21,27.00
00042,Direction  Administrative et Financière,196.44,186.14,205.44,0,0.0,0,0,9,0,0,0,0,0,0,0,1.3,0,0,0,0,0,0,0,0,0,9,0,0.00
00075,Production,160.3,152,188,0.05,0.0,0,0.21,0,0,0,0,0,0,0,0,0,0,0,0,0,0,0,0,0,0,9,0.21,27.00
00086,Contrôle Qualité,199.3,189,207,0,0.0,0,0,0,0,0,0,0,0,0,0,0,0,0,0,0,0,0,0,0,0,9,0,9.00
00096,Production,178.41,169.11,207,0,0.0,0,0.44,0,0,0,0,0,0,0,0,2,0,0,0,0,0,0,0,0,0,9,0.44,27.00
00107,Production,189.27,179.27,206.27,0.03,0.0,0,0.48,0,0,0,0,0,0,0,0,0,0,0,0,0,0,0,0,0,0,9,0.48,18.00
00112,Sales Force,0,153,207,0,0.0,0,0,0,0,0,0,0,0,0,0,0,0,0,0,0,0,0,0,0,0,9,0,45.00
00120,Direction  Administrative et Financière,0,198,207,0,0.0,0,0,0,0,0,0,0,0,0,0,0,0,0,0,0,0,0,0,0,0,9,0,0.00
00210,Assurance Qualité,196,193.52,206.52,0.03,0.0,0,0,0,0,0,0,0,0,0,0,0,0,0,0,0,0,0,0,0,7.32,9,0,0.00
00221,Contrôle Qualité,169.51,160.51,187.51,9,0.0,0,0,0,0,0,0,0,0,0,0,0,0,0,0,0,0,0,0,0,16,9,0,18.00
00230,Direction  Administrative et Financière,192.4,182.4,206.39,0.21,0.0,0,0,9.3,0,0,0,0,0,0,0,2.15,0,0,0,0,0,0,0,0,0,9,0,0.00
00259,International Sales,0,153,207,0,0.0,0,0,0,0,0,0,0,0,0,0,0,0,0,0,0,0,0,0,0,0,9,0,45.00
00294,Production,174.08,170.5,202.18,0.02,0.0,0,1.36,0,0,0,0,0,0,0,0,0,0,0,0,0,0,0,0,0,0,9,1.36,22.50
00300,Production,141.08,141,205,0.08,0.0,0,0,0,0,0,0,0,0,0,0,1,0,0,0,0,0,0,0,0,0,9,0,54.00
00303,Assurance Qualité,203.51,193.21,207,0,0.0,0,0,0.41,0,0,0,0,0,0,0,0,0,0,0,0,0,0,0,0,8,9,0,0.00
00304,Production,142.21,141.5,205.5,0.07,0.0,0,0,0,0,0,0,0,0,0,0,1,0,0,0,0,0,0,0,0,0,9,0,54.00
00307,Production,138.43,134.04,197.04,0.24,0.0,0,0,0,0,0,0,0,0,0,0,0,27,0,0,0,0,0,0,0,0,9,0,27.00
00327,Logistique,103.3,98,207,0,0.0,0,0,0,0,0,0,0,45,0,0,1,0,0,0,0,0,0,0,0,0,9,0,27.00
00329,Logistique,165.43,162.27,208.27,3.03,0.0,0,0.03,0,0,0,0,0,0,0,0,1,0,0,0,0,0,0,0,0,0,9,0.03,36.00
00332,Production,155.46,147.46,203.16,0.33,0.0,1.3,0,0,0,0,0,0,0,0,0,0,0,0,0,0,0,0,0,0,15,9,0,31.50
00361,Affaires Juridiques,131.25,121.36,200.18,1.13,0.0,0,0,64,0,0,0,0,0,0,0,0,0,0,0,0,0,0,0,0,0,9,0,18.00
00372,Production,142.53,141.58,205.26,0.08,0.0,0,0,0,0,0,0,0,0,0,0,0.3,0,0,0,0,0,0,0,0,0,9,0,54.00
00386,Marketing And Sales,172.53,158.57,206.1,0,0.0,0,0,3,0,0,0,0,0,0,0,2,0,0,0,0,0,0,0,0,0,9,0,36.00
00396,Assurance Qualité,164.08,155.35,205.05,0.01,0.0,0,0,38,0,0,0,0,0,0,0,0,0,0,0,0,0,0,0,0,0,9,0,0.00
00399,Production,151.39,150.39,205.39,0.04,0.0,0,0,0,0,0,0,0,0,0,0,1,0,0,0,0,0,0,0,0,0,9,0,45.00
00417,Production,142.25,134.55,206.55,0.01,0.0,0,0.2,0,0,0,0,0,0,0,0,0,0,0,0,0,0,0,0,0,0,9,0.2,63.00
00419,Production,131.34,131.33,204.33,0.24,0.0,0,0,0,0,0,0,0,0,0,0,1,0,0,0,0,0,0,0,0,0,9,0,63.00
00420,Marketing And Sales,0,126,207,0,0.0,0,0,0,0,0,0,0,0,0,0,0,0,0,0,0,0,0,0,0,0,9,0,72.00
00421,Production,0,160,207,0,0.0,0,0,0,0,0,0,0,0,0,0,2,0,0,0,0,0,0,0,0,0,9,0,0.00
00453,Production,142.35,142.24,205.24,0.19,0.0,0,3.24,0,0,0,0,54,0,0,0,0,0,0,0,0,0,0,0,0,0,9,3.24,0.00
00469,Production,176.19,166.49,197.28,0.39,0.0,1.35,0.07,0,0,0,0,0,0,0,0,1.4,0,0,0,0,0,0,0,0,2,9,0.07,18.00
00480,Production,164.33,160.06,209.58,0,0.0,3,1.05,0,0,0,0,0,0,0,0,2,0,0,0,0,0,0,0,0,3,9,1.05,36.00
00482,Production,144.08,143.09,206.09,0.04,0.0,0,0,0,0,0,0,0,0,0,0,0,0,0,0,0,0,0,0,0,0,9,0,54.00
00514,Logistique,0,198,207,0,0.0,0,0,0,0,0,0,0,0,0,0,0,0,0,0,0,0,0,0,0,0,9,0,0.00
00530,Production,153.56,145.56,204.26,0.31,0.0,0,0.15,0,0,0,0,0,0,0,0,0,0,0,0,0,0,0,0,0,0,9,0.15,36.00
00574,Logistique,0,157.3,207,0,0.0,0,0,0,0,0,0,0,0,0,0,0,0,0,0,0,0,0,0,0,0,9,0,40.50
00621,Logistique,169.09,160.09,207,0,0.0,0,0,0,0,0,0,0,0,0,0,2,0,0,0,0,0,0,0,0,0,9,0,36.00
00676,Pharmacien Responsable Technique,193.14,184.14,207,0,0.0,0,0,0,0,0,0,0,0,0,0,2,0,0,0,0,0,0,0,0,0,9,0,9.00
00677,"Environnement, Hygiène et Sécurité",198.22,187.52,215.09,0,0.0,6.19,0,0,0,0,0,0,0,0,0,1,0,0,0,0,0,0,0,0,8.18,9,0,9.00
00712,Logistique,123.49,116.49,206.49,0.11,0.0,0,0,56.3,0,0,0,0,0,0,0,0,0,0,0,0,0,0,0,0,0,9,0,27.00
00717,Contrôle Qualité,121.33,116.04,135.04,18.54,0.0,0,0,0,0,0,0,0,0,0,0,1,0,0,0,0,0,0,0,0,0,9,0,9.00
00718,Logistique,180.03,170.33,206.33,0.05,0.0,0,0,9.3,0,0,0,0,0,0,0,0,0,0,0,0,0,0,0,0,0,9,0,18.00
00759,Production,158.28,149.58,206.46,0.04,0.0,0,0.56,0,0,0,0,0,0,0,0,1,0,0,0,0,0,0,0,0,0,9,0.56,54.00
00804,"Environnement, Hygiène et Sécurité",142.34,133.05,207,0,0.0,0,0,0,0,0,0,38,0,0,0,0,0,0,0,0,0,0,0,0,0,9,0,27.00
00817,Production,133.2,132.45,205.08,0.26,0.0,0,0,0,0,0,0,0,0,0,0,1,4.3,0,0,0,0,0,0,0,0,9,0,58.50
00832,"Environnement, Hygiène et Sécurité",179.28,169.58,205.58,0.03,0.0,0,0,0,0,0,0,0,0,0,0,0,0,0,0,0,0,0,0,0,0,9,0,27.00
00833,"Environnement, Hygiène et Sécurité",197.01,186.31,204.39,0.31,0.0,0,0,0,0,0,0,0,0,0,0,0.45,0,0,0,0,0,0,0,0,0,9,0,9.00
00851,"Environnement, Hygiène et Sécurité",185.3,176,207,0,0.0,0,0,0,0,0,0,0,0,0,0,0,0,0,0,0,0,0,0,0,0,9,0,18.00
00856,Production,177.4,168.1,219.4,0.32,0.0,7.41,0,0,0,0,0,0,0,0,0,2,0,0,0,0,0,0,0,0,13.36,9,0,27.00
00859,Production,156.35,148.05,216.15,0.08,0.0,0,0.2,0,0,0,0,0,0,0,0,4,0,0,0,0,0,0,0,0,10.3,9,0.2,45.00
00895,Logistique,182.17,180,207,0,0.0,0,0.52,0,0,0,0,0,0,0,0,0,0,0,0,0,0,0,0,0,0,9,0.52,18.00
00902,Production,140.17,140.17,204.17,0.24,0.0,0,0,0,0,0,0,0,0,0,0,1,0,0,0,0,0,0,0,0,0,9,0,54.00
00927,"Environnement, Hygiène et Sécurité",144.46,137.16,206.42,0.01,0.0,0,0,0,0,0,0,0,0,0,0,2,4.3,0,0,0,0,0,0,0,0,9,0,54.00
00954,Contrôle Qualité,184.37,175.07,188.09,9.13,0.0,0,0,0,0,0,0,0,0,0,0,0,0,0,0,0,0,0,0,0,11,9,0,0.00
00957,Maintenance,201.29,190.59,206.18,0.21,0.0,0,0,2.3,0,0,0,0,0,0,0,0,0,0,0,0,0,0,0,0,0,9,0,0.00
00961,Production,161.2,152.5,206.5,0.04,0.0,0,0.16,0,0,0,0,0,0,0,0,0,0,0,0,0,0,0,0,0,0,9,0.16,45.00
00964,Contrôle Qualité,169.24,167.06,208.57,0,0.0,1.57,0.22,0,0,0,0,0,0,0,0,2,0,0,0,0,0,0,0,0,2,9,0.22,36.00
00966,Production,152,144,207,0,0.0,0,0,0,0,0,0,0,0,0,0,0,0,0,0,0,0,0,0,0,0,9,0,54.00
01004,Sales Force,0,162,207,0,0.0,0,0,0,0,0,0,0,0,0,0,0,0,0,0,0,0,0,0,0,0,9,0,36.00
01010,Production,146.17,138.47,197.05,0.01,0.0,0,0,0,0,0,0,0,0,0,0,0,0,0,0,0,0,0,0,0,8,9,0,49.50
01030,Maintenance,174.07,165.07,207,0,0.0,0,0,21,0,0,0,0,0,0,0,2,0,0,0,0,0,0,0,0,0,9,0,9.00
01033,Sales Force,0,171,207,0,0.0,0,0,0,0,0,0,0,0,0,0,0,0,0,0,0,0,0,0,0,0,9,0,27.00
01045,Production,152,144,207,0,0.0,0,0.2,0,0,0,0,0,0,0,0,0,13.3,0,0,0,0,0,0,0,0,9,0.2,40.50
01046,Production,0,0,198,0,0.0,0,0,0,0,198,0,0,0,0,0,0,0,0,0,0,0,0,0,0,0,0,0,0.00
01065,Business Development,106.31,171,207,0,0.0,0,0,0,0,0,0,0,0,0,0,0,0,0,0,0,0,0,0,0,0,9,0,27.00
01077,Production,144.11,136.41,217.02,1.21,0.0,11.26,0.08,0,0,0,0,0,0,0,0,1.3,0,0,0,0,0,0,0,0,11.28,9,0.08,58.50
01089,Production,0,0,207,0,0.0,0,0,0,0,207,0,0,0,0,0,0,0,0,0,0,0,0,0,0,0,0,0,0.00
01105,Logistique,170.26,169.29,211.53,0.02,0.0,0,0,0,0,0,0,0,0,0,0,2.3,0,0,0,0,0,0,0,0,0,9,0,31.50
01120,Production,150.34,142.34,205.34,0.09,0.0,0,0.02,0,0,0,0,0,0,0,0,0.45,0,0,0,0,0,0,0,0,0,9,0.02,54.00
01121,Production,141.46,141.46,204.46,0.22,0.0,0,22,0,0,0,0,0,0,0,0,0,0,0,0,0,0,0,0,0,0,9,22,54.00
01127,Systèmes D'Information,0,0,207,0,0.0,0,0,0,0,0,207,0,0,0,0,0,0,0,0,0,0,0,0,0,0,0,0,0.00
01129,Logistique,159.47,157.12,211.12,0.22,0.0,0,0.04,0,0,0,0,0,0,0,0,1,4.3,0,0,0,0,0,0,0,0,9,0.04,18.00
01135,Production,141.56,141.56,205.01,0.12,0.0,0,0,0,0,0,0,0,0,0,0,0.3,0,0,0,0,0,0,0,0,0,9,0,54.00
01137,Sales Force,0,171,207,0,0.0,0,0,0,0,0,0,0,0,0,0,0,0,0,0,0,0,0,0,0,0,9,0,27.00
01141,Sales Force,0,144,207,0,0.0,0,0,0,0,0,0,0,0,0,0,0,0,0,0,0,0,0,0,0,0,9,0,54.00
01160,Sales Force,0,171,207,0,0.0,0,0,0,0,0,0,0,0,0,0,0,0,0,0,0,0,0,0,0,0,9,0,27.00
01181,Maintenance,181.25,171.55,206.04,0.33,0.0,0,0,9,0,0,0,0,0,0,0,4,0,0,0,0,0,0,0,0,0,9,0,9.00
01198,Production,123.36,123.06,186.06,0.32,0.0,0,0,0,0,0,0,0,0,0,0,0,0,0,0,0,0,0,0,0,0,9,0,54.00
01204,Direction  Administrative et Financière,183.37,174.07,203.05,0.44,0.0,0,0,15,0,0,0,0,0,0,0,1.09,0,0,0,0,0,0,0,0,4.12,9,0,4.50
01207,Logistique,159.37,151.07,206.59,0,0.0,0,0.06,28.3,0,0,0,0,0,0,0,2,0,0,0,0,0,0,0,0,0,9,0.06,18.00
01224,Logistique,175.24,170.15,206.15,0,0.0,0,0.05,0,0,0,0,0,0,0,0,0,0,0,0,0,0,0,0,0,0,9,0.05,27.00
01240,Logistique,159.14,149,206.57,0.01,0.0,0,0,38,0,0,0,0,0,0,0,0,0,0,0,0,0,0,0,0,0,9,0,9.00
01250,Production,135.54,128.54,206.16,0,0.0,0,0.11,0,0,0,0,0,0,0,0,1.3,0,0,0,0,0,0,0,0,0,9,0.11,67.50
01253,Production,147.44,146.42,201.29,0.39,0.0,0,0,0,0,0,0,0,0,0,0,0,0,0,0,0,0,0,0,0,0,9,0,54.00
01272,Direction  Administrative et Financière,202.47,192.17,205.21,0.19,0.0,0,0,0,0,0,0,0,0,0,0,0,0,0,0,0,0,0,0,0,0,9,0,0.00
01276,"Environnement, Hygiène et Sécurité",163.4,160.58,205.58,0,0.0,0,0,0,0,0,0,0,0,0,0,0,9,0,0,0,0,0,0,0,0,9,0,18.00
01279,Production,142.15,141.45,204.45,0.24,0.0,0,2.49,0,0,0,0,0,0,0,0,0,0,0,0,0,0,0,0,0,0,9,2.49,54.00
01286,Production,0,0,189,0,0.0,0,0,0,0,180,0,0,0,0,0,0,0,0,0,0,0,0,0,0,0,9,0,0.00
01293,Production,149.56,147.13,205.1,0.14,0.0,0,0,0,0,0,0,0,0,0,0,4,0,0,0,0,0,0,0,0,0,9,0,45.00
01311,"Environnement, Hygiène et Sécurité",134.11,127.11,201.41,0.12,0.0,0,0,1.3,0,0,0,63,0,0,0,1,0,0,0,0,0,0,0,0,5.28,9,0,0.00
01317,Production,142.51,139.03,216.19,0.2,0.0,5.51,4.06,0,0,0,0,0,0,0,0,0,0,0,0,0,0,0,0,0,9.46,9,4.06,58.50
01319,Production,131.33,131.33,203.33,0.32,0.0,0,0,0,0,0,0,0,0,0,0,0,0,0,0,0,0,0,0,0,0,9,0,63.00
01334,Affaires Réglementaires,0,171,207,0,0.0,0,0,0,0,0,0,0,0,0,0,0,0,0,0,0,0,0,0,0,0,9,0,27.00
01336,Production,141.57,134.27,152.57,27,0.0,0,0,0,0,0,0,0,0,0,0,0.3,0,0,0,0,0,0,0,0,14.5,9,0,9.00
01351,Production,157.1,148.4,205.46,0.43,0.0,0,0,0,0,0,0,0,0,0,0,2,0,0,0,0,0,0,0,0,1.3,9,0,45.00
01354,Production,151.06,143.06,206.06,0.18,0.0,0,0,0,0,0,0,0,0,0,0,0,0,0,0,0,0,0,0,0,0,9,0,54.00
01355,Production,179.47,170.44,206.44,0.1,0.0,0,0.09,0,0,0,0,0,0,0,0,0,0,0,0,0,0,0,0,0,0,9,0.09,27.00
01379,"Environnement, Hygiène et Sécurité",217.47,206.46,214.47,0,0.0,0,0,0,0,0,0,0,0,0,0,0,0,0,0,0,0,0,0,0,0,8,0,9.00
01385,Production,132.18,131.02,140.02,3.09,0.5,0,15.02,0,0,0,0,0,0,0,0,0,0,0,0,0,0,0,0,0,0,9,15.02,0.00
01392,Ressources Humaines,133.35,126.35,204.17,0,0.0,0,0,20.3,0,0,0,0,0,0,0,0,0,0,0,0,0,0,0,0,0,9,0,45.00
01448,Production,135.45,133.45,196.45,0.2,0.0,0,2.44,0,0,0,0,0,0,0,0,0,0,0,0,0,0,0,0,0,0,9,2.44,54.00
01458,Production,155.48,147.48,205.38,0.19,0.0,0,0,0,0,0,0,0,0,0,0,3.3,0,0,0,0,0,0,0,0,0,9,0,54.00
01461,Production,168.29,159.59,209.24,0.04,0.0,0,0.08,0,0,0,0,0,0,0,0,2,0,0,0,0,0,0,0,0,2.3,9,0.08,36.00
01465,Systèmes D'Information,132.48,125.48,206.48,0,0.0,0,0,9.3,0,0,0,0,0,0,0,0,9,0,0,0,0,0,0,0,0,9,0,54.00
01473,Contrôle Qualité,170.57,161.57,206.57,0.03,0.0,0,0.34,0,0,0,0,0,0,0,0,1,0,0,0,0,0,0,0,0,0,9,0.34,36.00
01476,Production,129.52,122.52,204.52,0,0.0,0,0.15,0,0,0,0,0,0,0,0,1,0,0,0,0,0,0,0,0,0,9,0.15,72.00
01479,Production,141.37,141.37,204.37,0.18,0.0,0,0,0,0,0,0,0,0,0,0,0,0,0,0,0,0,0,0,0,0,9,0,54.00
01493,Maintenance,187.02,179.23,216.42,0,0.0,4.49,0.01,3,0,0,0,0,0,0,0,2,0,0,0,0,0,0,0,0,19.46,9,0.01,0.00
01502,"Qualification, Validation et Metrologie",158.51,150.21,201.51,0.39,0.0,0,0,0,0,0,0,0,0,0,0,3.3,0,0,0,0,0,0,0,0,0,9,0,40.50
01549,Production,139.21,139.21,204.21,0.25,0.0,0,0,0,0,0,0,0,0,0,0,2,0,0,0,0,0,0,0,0,0,9,0,54.00
01551,Production,140.36,140.36,203.36,0.36,0.0,0,0,0,0,0,0,0,0,0,0,0,0,0,0,0,0,0,0,0,0,9,0,54.00
01552,Production,0,0,207,0,0.0,0,0,0,0,198,0,0,0,0,0,0,0,0,0,0,0,0,0,0,0,9,0,0.00
01553,Production,0,0,207,0,0.0,0,0,0,0,207,0,0,0,0,0,0,0,0,0,0,0,0,0,0,0,0,0,0.00
01556,Direction  Administrative et Financière,0,189,207,0,0.0,0,0,0,0,0,0,0,0,0,0,0,0,0,0,0,0,0,0,0,0,9,0,9.00
01561,Maintenance,193.39,183.39,206.52,0,0.0,0,0,9,0,0,0,0,0,0,0,1.3,0,0,0,0,0,0,0,0,0,9,0,0.00
01575,Production,109.45,109.45,204.45,0.27,0.0,0,0,0,0,0,0,32,0,0,0,0,0,0,0,0,0,0,0,0,0,9,0,54.00
01579,Contrôle Qualité,157.29,149.29,207,0,0.0,0,0,9.3,0,0,0,0,0,0,0,0.3,0,0,0,0,0,0,0,0,0,9,0,45.00
01595,Contrôle Qualité,179.5,170.2,206.2,0.04,0.0,0,0,0,0,0,0,0,0,0,0,0,0,0,0,0,0,0,0,0,0,9,0,27.00
01600,Maintenance,183.22,173.52,207,0,0.0,0,0.11,0,0,0,0,0,0,0,0,2,0,0,0,0,0,0,0,0,0,9,0.11,18.00
01619,Production,140.28,139.58,204.58,0.18,0.0,0,0,0,0,0,0,0,0,0,0,2,0,0,0,0,0,0,0,0,0,9,0,54.00
01620,Production,134.34,132.58,207.1,0,0.0,2.41,0,0,0,0,0,0,0,0,0,2,0,0,0,0,0,0,0,0,3,9,0,67.50
01625,Assurance Qualité,204.07,193.37,206.37,0.01,0.0,0,0,0,0,0,0,0,0,0,0,0,0,0,0,0,0,0,0,0,7.48,9,0,0.00
01626,Production,0,0,9,180,20.0,0,0,0,0,0,0,0,0,0,0,0,0,0,0,0,0,0,0,0,0,9,0,0.00
01634,Production,179.01,169.31,206.26,0.23,0.0,0,0.5,0,0,0,0,0,0,0,0,1,0,0,0,0,0,0,0,0,0,9,0.5,27.00
01655,Production,166.11,157.11,203.4,4.05,0.0,0,0.07,0,0,0,0,0,0,0,0,1,0,0,0,0,0,0,0,0,5.22,9,0.07,31.50
01660,Production,147.13,139.13,208.52,0.19,0.0,2.25,0,0,0,0,0,0,0,0,0,2.3,0,0,0,0,0,0,0,0,4.09,9,0,54.00
01671,Production,131.43,131.43,203.43,0.41,0.0,0,0,0,0,0,0,0,0,0,0,0,0,0,0,0,0,0,0,0,0,9,0,63.00
01672,Production,152,144,207,0,0.0,0,0.34,0,0,0,0,0,0,0,0,0,0,0,0,0,0,0,0,0,0,9,0.34,54.00
01681,Systèmes D'Information,187.51,177.51,204.51,1.12,0.0,0,0,0,0,0,0,0,0,0,0,0,0,0,0,0,0,0,0,0,0,9,0,18.00
01690,Production,135.19,131.19,205.15,0.06,0.0,0,0,0,0,0,0,0,0,0,0,2,0,0,0,0,0,0,0,0,0,9,0,63.00
01706,Production,153.07,145.07,206.24,0.09,0.0,0,0.11,0,0,0,0,0,0,0,0,1.3,4.3,0,0,0,0,0,0,0,0,9,0.11,54.00
01708,Logistique,0,198,207,0,0.0,0,0,0,0,0,0,0,0,0,0,0,0,0,0,0,0,0,0,0,0,9,0,0.00
01710,Production,84.11,83.52,168.52,0,0.0,0,0.47,0,0,0,0,4,0,0,0,0,0,0,0,0,0,0,0,0,0,9,0.47,72.00
01712,Production,151.41,143.41,206.41,0.04,0.0,0,0.09,0,0,0,0,0,0,0,0,0,0,0,0,0,0,0,0,0,0,9,0.09,54.00
01715,Ressources Humaines,180.3,171,207,0,0.0,0,0,0,0,0,0,0,0,0,0,0,0,0,0,0,0,0,0,0,0,9,0,27.00
01737,Production,144.04,137.04,211.48,0.23,0.0,5.25,0,0,0,0,0,0,0,0,0,0,0,0,0,0,0,0,0,0,11.44,9,0,54.00
01742,Production,107.43,104.43,195.38,1.21,0.0,0,0,0,0,0,0,28,0,0,0,0.3,0,0,0,0,0,0,0,0,0,9,0,54.00
01743,Logistique,182.5,179.47,206.47,0,0.0,0,0.28,0,0,0,0,0,0,0,0,1,0,0,0,0,0,0,0,0,0,9,0.28,18.00
01745,Production,115.24,111.54,174.54,4.02,0.0,0,0,0,0,0,0,0,0,0,0,0,0,0,0,0,0,0,0,0,0,9,0,54.00
01753,Logistique,175.35,166.35,197.55,0.01,0.0,0,0.08,9.3,0,0,0,0,0,0,0,0,0,0,0,0,0,0,0,0,0,9,0.08,13.50
01765,Logistique,182.04,172.34,205.44,0.32,0.0,0,0,0,0,0,0,0,0,0,0,2,0,0,0,0,0,0,0,0,5.19,9,0,18.00
01770,Maintenance,178.29,169.29,206.59,0.01,0.0,0,0,9,0,0,0,0,0,0,0,2,9,0,0,0,0,0,0,0,0,9,0,4.50
01780,Contrôle Qualité,167.1,158.4,206.56,0,0.0,0,0,0,0,0,0,40.3,0,0,0,0,0,0,0,0,0,0,0,0,0,9,0,0.00
01793,"Environnement, Hygiène et Sécurité",0,0,207,0,0.0,0,0,162,0,0,0,0,0,0,0,0,0,0,0,0,0,0,0,0,0,9,0,36.00
01796,Logistique,142.44,135.39,207,0,0.0,0,0,0,0,0,0,54.16,0,0,0,0,0,0,0,0,0,0,0,0,0,9,0,9.00
01810,Logistique,184.2,180.38,217.05,0.04,0.0,0,0.02,0,0,0,0,0,0,0,0,1.3,0,0,0,0,0,0,0,0,0,9,0.02,27.00
01814,Production,142.3,135,207,0,0.0,0,0,0,0,0,0,0,0,0,0,0,0,0,0,0,0,0,0,0,0,9,0,63.00
01816,Production,142.05,142.05,205.05,0.22,0.0,0,0,0,0,0,0,0,0,0,0,0,0,0,0,0,0,0,0,0,0,9,0,54.00
01823,Production,140.21,132.51,206.51,0,0.0,0,0.11,0,0,0,0,0,0,0,0,2,0,0,0,0,0,0,0,0,0,9,0.11,63.00
01832,Production,194.38,184.37,204.11,0.09,0.0,0,0.37,0,0,0,0,0,0,0,0,2,0,0,0,0,0,0,0,0,0,9,0.37,9.00
01833,Production,149.45,141.45,236.15,0,0.0,15.55,0.18,0,0,0,0,0,0,0,0,1.3,0,0,0,0,0,0,0,0,29.3,9,0.18,63.00
01836,Maintenance,177,167.3,197.43,0.1,0.0,0,0,5.3,0,0,0,0,0,0,0,0,0,0,0,0,0,0,0,0,19.56,9,0,18.00
01859,Systèmes D'Information,159.45,151.15,206.45,0.03,0.0,0,0,47.3,0,0,0,0,0,0,0,1.3,0,0,0,0,0,0,0,0,0,9,0,0.00
01868,Production,141.07,141.07,205.07,0.16,0.0,0,0,0,0,0,0,0,0,0,0,1,0,0,0,0,0,0,0,0,0,9,0,54.00
01871,Ressources Humaines,0,171,207,0,0.0,0,0,0,0,0,0,0,0,0,0,0,0,0,0,0,0,0,0,0,0,9,0,27.00
01882,Developpement,0,171,207,0,0.0,0,0,0,0,0,0,0,0,0,0,0,0,0,0,0,0,0,0,0,0,9,0,27.00
01895,Direction Générale,173.12,157.56,202.56,1.55,0.0,0,0,10,0,0,0,0,0,0,0,0,0,0,0,0,0,0,0,0,0,9,0,27.00
01900,Systèmes D'Information,100.31,95.01,205.19,0.55,0.0,0,0,86,0,0,0,0,0,0,0,1.48,0,0,0,0,0,0,0,0,9.26,9,0,18.00
01937,Systèmes D'Information,0,198,207,0,0.0,0,0,0,0,0,0,0,0,0,0,0,0,0,0,0,0,0,0,0,0,9,0,0.00
01952,Maintenance,92.44,88.07,201,0.01,0.0,0,0,110.16,0,0,0,0,0,0,0,0,0,0,0,0,0,0,0,0,5.18,9,66.3,0.00
01981,Direction  Administrative et Financière,199.3,189,207,0,0.0,0,0,9.3,0,0,0,0,0,0,0,0,0,0,0,0,0,0,0,0,0,9,0,0.00
01987,Maintenance,180.19,170.49,206.49,0,0.0,0,0,0,0,0,0,0,0,0,0,0,13.3,0,0,0,0,0,0,0,0,9,0,13.50
01989,Contrôle Qualité,183.18,173.48,213.47,0,0.0,5.21,0.04,0,0,0,0,0,0,0,0,2,0,0,0,0,0,0,0,0,7,9,0.04,18.00
02042,"Environnement, Hygiène et Sécurité",224.03,199.03,207.03,0,0.0,0,0,0,0,0,0,0,0,0,0,0,0,0,0,0,0,0,0,0,0,0,0,9.00
02096,Contrôle Qualité,157.16,149.16,200.16,0.07,0.0,0,0,0,0,0,0,0,0,0,0,2,0,0,0,0,0,0,0,0,3.56,9,0,36.00
02100,Maintenance,197.59,187.29,188.14,0,0.0,0,0,3,0,0,0,0,0,0,0,1,0,0,0,0,0,0,0,0,0,0,0,0.00
02125,Production,182.37,173.31,209.59,0.01,0.0,3,0.08,0,0,0,0,0,0,0,0,0,0,0,0,0,0,0,0,0,3,9,0.08,31.50
02141,Sales Force,0,153,207,0,0.0,0,0,0,0,0,0,0,0,0,0,0,0,0,0,0,0,0,0,0,0,9,0,45.00
02154,Contrôle Qualité,182.44,173.44,197.5,9.1,0.0,0,0,0,0,0,0,0,0,0,0,2,0,0,0,0,0,0,0,0,0,9,0,9.00
02155,Sales Force,0,144,207,0,0.0,0,0,0,0,0,0,0,0,0,0,0,0,0,0,0,0,0,0,0,0,9,0,54.00
02174,Production,137.58,137.58,205.27,0.24,0.0,0,0,0,0,0,0,0,0,0,0,0,0,0,0,0,0,0,0,0,0,9,0,58.50
02213,Logistique,171.35,170.47,206.47,0.01,0.0,0,0.34,0,0,0,0,0,0,0,0,0,0,0,0,0,0,0,0,0,0,9,0.34,27.00
02225,Affaires Réglementaires,137.51,129.13,205.12,0.47,0.0,0,0,51.3,0,0,0,0,0,0,0,0,0,0,0,0,0,0,0,0,0,9,0,18.00
02244,Production,146.22,138.52,203.02,0,0.0,0,0,0,0,0,0,0,0,0,0,1.3,0,0,0,0,0,0,0,0,0,9,0,54.00
02250,Logistique,171.35,168.33,206.26,0.03,0.0,0,0.08,0,0,0,0,0,0,0,0,2,0,0,0,0,0,0,0,0,0,9,0.08,27.00
02264,"Environnement, Hygiène et Sécurité",150,142,213.35,0,0.0,0,0,0,0,0,0,0,0,0,0,2,0,0,0,0,0,0,0,0,6.35,9,0,54.00
02268,Sales Force,0,189,207,0,0.0,0,0,0,0,0,0,0,0,0,0,0,0,0,0,0,0,0,0,0,0,9,0,9.00
02297,Systèmes D'Information,199.3,189,207,0,0.0,0,0,9,0,0,0,0,0,0,0,0,0,0,0,0,0,0,0,0,0,9,0,0.00
02302,Developpement,163.55,155.25,174.5,0.4,0.0,0,0,0,0,0,0,0,0,0,0,2,0,0,0,0,0,0,0,0,0,9,0,4.50
02315,Contrôle Qualité,197.48,187.18,206.56,0.04,0.0,0,0,0,0,0,0,0,0,0,0,2,0,0,0,0,0,0,0,0,0,9,0,18.00
02325,Production,138.27,138.26,201.26,0.44,0.0,0,0,0,0,0,0,0,0,0,0,0,0,0,0,0,0,0,0,0,0,9,0,54.00
02328,Affaires Juridiques,160.37,150.18,206.5,0,0.0,0,0,9,0,0,0,46.52,0,0,0,1.5,0,0,0,0,0,0,0,0,0,9,0,0.00
02341,Contrôle Qualité,196.17,185.42,207.47,0,0.0,1.04,0,0,0,0,0,0,0,0,0,3,0,0,0,0,0,0,0,0,1.06,9,0,9.00
02343,Production,195.2,185.5,194.05,0.28,0.0,0,0,0,0,0,0,0,0,0,0,2,0,0,0,0,0,0,0,0,27.09,9,0,0.00
02345,Production,113.4,113.4,131.4,4.44,0.5,0,0,0,0,0,0,0,0,0,0,0,0,0,0,0,0,0,0,0,0,9,0,9.00
02351,Production,142.21,142.21,205.27,0.2,0.0,0,0,0,0,0,0,0,0,0,0,0.3,0,0,0,0,0,0,0,0,0,9,0,54.00
02353,International Sales,146.1,137.25,202.44,0,0.0,0,0,0.3,0,0,0,0,0,0,0,2,0,0,0,0,0,0,0,0,0,9,0,54.00
02356,Sales Force,0,126,207,0,0.0,0,0,0,0,0,0,0,0,0,0,0,0,0,0,0,0,0,0,0,0,9,0,72.00
02368,Production,164.56,156.26,193.22,0.03,0.0,0,0,0,0,0,0,0,0,0,0,1,9,0,0,0,0,0,0,0,12.15,9,0,18.00
02375,Logistique,170.25,167.59,212.59,0,0.0,0,0.07,9.3,0,0,0,0,0,0,0,1,0,0,0,0,0,0,0,0,0,9,0.07,27.00
02377,"Environnement, Hygiène et Sécurité",147.27,139.57,224.55,0,0.0,13.55,0,0,0,0,0,0,0,0,0,0,0,0,0,0,0,0,0,0,17.58,9,0,58.50
02380,Contrôle de Gestion,0,162,207,0,0.0,0,0,0,0,0,0,0,0,0,0,0,0,0,0,0,0,0,0,0,0,9,0,36.00
02385,Sales Force,0,171,207,0,0.0,0,0,0,0,0,0,0,0,0,0,0,0,0,0,0,0,0,0,0,0,9,0,27.00
02390,Production,106.41,106.41,171.41,6.34,0.0,0,0.12,0,0,0,0,0,0,0,0,2,0,0,0,0,0,0,0,0,0,9,0.12,54.00
02394,Contrôle Qualité,198.42,188.4,226.47,0,0.0,15.01,0.06,0,0,0,0,0,0,0,0,1,0,0,0,0,0,0,0,0,19.53,9,0.06,18.00
02402,Sales Force,0,153,207,0,0.0,0,0,0,0,0,0,0,0,0,0,0,0,0,0,0,0,0,0,0,0,9,0,45.00
02419,Developpement,204.32,194.02,207,0,0.0,0,0,0,0,0,0,0,0,0,0,0,0,0,0,0,0,0,0,0,0,9,0,0.00
02422,"Environnement, Hygiène et Sécurité",211.51,207.18,220.2,0.35,0.0,0,0,0,0,0,0,0,0,0,0,1.02,0,0,0,0,0,0,0,0,0,8,0,4.50
02428,Production,132.55,125.55,206.55,0,0.0,0,0.17,0,0,0,0,0,0,0,0,0,18,0,0,0,0,0,0,0,0,9,0.17,54.00
02447,Logistique,186.47,183.46,219.46,0.02,0.0,0,0.09,0,0,0,0,0,0,0,0,2,0,0,0,0,0,0,0,0,0,9,0.09,27.00
02452,Logistique,136.01,127.31,207,0,0.0,0,0,0,0,0,0,36,0,0,0,2,0,0,0,0,0,0,0,0,0,9,0,36.00
02455,Production,137.34,133.34,205.34,0,0.0,0,0,0,0,0,0,0,0,0,0,0,0,0,0,0,0,0,0,0,0,9,0,63.00
02459,Production,131.4,131.4,203.4,0.32,0.0,0,0,0,0,0,0,0,0,0,0,0,0,0,0,0,0,0,0,0,0,9,0,63.00
02467,Sales Force,0,126,207,0,0.0,0,0,0,0,0,0,0,0,0,0,0,0,0,0,0,0,0,0,0,0,9,0,72.00
02470,Production,138.4,138.03,213.12,0.04,0.0,3.04,0,0,0,0,0,0,0,0,0,0,0,0,0,0,0,0,0,0,7.39,9,0,58.50
02474,Production,140.25,132.55,210.35,0.04,0.0,0,0.23,0,0,0,0,0,0,0,0,2,0,0,0,0,0,0,0,0,4.05,9,0.23,63.00
02481,Production,142.01,142.01,205.01,0.19,0.0,0,0,0,0,0,0,0,0,0,0,0,0,0,0,0,0,0,0,0,0,9,0,54.00
02487,Production,176.02,167.02,209.48,0.02,0.0,2.5,0.1,0,0,0,0,0,0,0,0,0,0,0,0,0,0,0,0,0,2.5,9,0.1,31.50
02495,Production,140.19,138.46,208.18,0,0.0,2.55,0,0,0,0,0,0,0,0,0,2,0,0,0,0,0,0,0,0,3,9,0,63.00
02496,"Environnement, Hygiène et Sécurité",208.57,204.15,220.15,0,0.0,0,0,0,0,0,0,0,0,0,0,0,0,0,0,0,0,0,0,0,0,8,0,9.00
02517,Production,186.48,176.48,206,0.18,0.0,0,1.42,0,0,0,0,0,0,0,0,2,0,0,0,0,0,0,0,0,3.56,9,1.42,22.50
02521,Contrôle Qualité,52.31,50.01,207,0,0.0,0,0,0,0,0,153,0,0,0,0,0,0,0,0,0,0,0,0,0,0,0,0,0.00
02522,Marketing And Sales,131.53,113.32,203.02,0,0.0,0,0,24,9,0,0,0,0,0,0,0,0,0,0,0,0,0,0,0,0,9,0,49.50
02525,MEDI-MARKETING,56.05,52.54,193.46,10.57,0.0,0,0,87,0,0,0,0,0,0,0,0,0,0,0,0,0,0,0,0,0,9,0,45.00
02528,Marketing And Sales,0,126,207,0,0.0,0,0,0,0,0,0,0,0,0,0,0,0,0,0,0,0,0,0,0,0,9,0,72.00
02530,Production,198.11,187.41,209.24,0.12,0.0,0,0.25,0,0,0,0,0,0,0,0,0,0,0,0,0,0,0,0,0,3.31,9,0.25,18.00
02536,Direction Générale,107.59,101.56,202.5,0.57,0.0,0,0,63.3,0,0,0,0,0,0,0,2,0,0,0,0,0,0,0,0,0,9,0,36.00
02551,Maintenance,204.29,188.02,210.32,0,0.0,0,0,0,0,0,0,0,0,0,0,0,0,0,0,0,0,0,0,0,0,9,0,22.50
02555,Sales Force,0,180,207,0,0.0,0,0,0,0,0,0,0,0,0,0,0,0,0,0,0,0,0,0,0,0,9,0,18.00
02564,Sales Force,0,153,207,0,0.0,0,0,0,0,0,0,0,0,0,0,0,0,0,0,0,0,0,0,0,0,9,0,45.00
02565,Marketing And Sales,60.54,55.4,205.42,0,0.0,0,0,69.3,0,0,0,0,0,0,0,0,0,0,0,0,0,0,0,0,0,9,0,90.00
02596,Sales Force,0,171,207,0,0.0,0,0,0,0,0,0,0,0,0,0,0,0,0,0,0,0,0,0,0,0,9,0,27.00
02601,Production,0,0,207,0,0.0,0,0,0,0,144,63,0,0,0,0,0,0,0,0,0,0,0,0,0,0,0,0,0.00
02614,Sales Force,0,144,207,0,0.0,0,0,0,0,0,0,0,0,0,0,0,0,0,0,0,0,0,0,0,0,9,0,54.00
02619,Sales Force,0,126,135,0,0.0,0,0,0,0,0,0,0,0,0,0,0,0,0,0,0,0,0,0,0,0,9,0,0.00
02646,Direction  Administrative et Financière,204.1,193.4,206.4,0.01,0.0,0,0,0,0,0,0,0,0,0,0,0,0,0,0,0,0,0,0,0,0,9,0,0.00
02662,Contrôle Qualité,187.21,177.21,210.49,0,0.0,3.04,0,0,0,0,0,0,0,0,0,0,0,0,0,0,0,0,0,0,3.49,9,0,27.00
02665,Maintenance,196.24,186.24,205.52,0.15,0.0,0,0,0,0,0,0,0,0,0,0,2,0,0,0,0,0,0,0,0,0,9,0,4.50
02669,Sales Force,0,153,207,0,0.0,0,0,0,0,0,0,0,0,0,0,0,0,0,0,0,0,0,0,0,0,9,0,45.00
02670,"Qualification, Validation et Metrologie",185.3,176,207,0,0.0,0,0,9.3,0,0,0,0,0,0,0,0,0,0,0,0,0,0,0,0,0,9,0,9.00
02673,Sales Force,0,36,207,0,0.0,0,0,0,0,0,0,0,0,0,45,0,0,0,0,0,0,0,0,72,0,9,0,45.00
02675,"Environnement, Hygiène et Sécurité",232.05,212.15,214.15,0,0.0,0,0,0,0,0,0,0,0,0,0,2,0,0,0,0,0,0,0,0,0,8,0,0.00
02679,Sales Force,0,171,207,0,0.0,0,0,0,0,0,0,0,0,0,0,0,0,0,0,0,0,0,0,0,0,9,0,27.00
02683,Sales Force,0,144,207,0,0.0,0,0,0,0,0,0,0,0,0,0,0,0,0,0,0,0,0,0,0,0,9,0,54.00
02687,"Environnement, Hygiène et Sécurité",128.34,122.04,206.54,0,0.0,0,0,0,0,0,0,0,0,0,0,0,0,0,0,0,0,0,0,0,0,9,0,76.50
02691,Marketing And Sales,135.03,123.56,206.26,0.08,0.0,0,0,0,54,0,0,0,0,0,0,1.3,0,0,0,0,0,0,0,0,0,9,0,18.00
02694,Sales Force,0,126,207,0,0.0,0,0,0,0,0,0,0,0,0,0,0,0,0,0,0,0,0,0,0,0,9,0,72.00
02697,Assurance Qualité,199.3,189,207,0,0.0,0,0,0,0,0,0,0,0,0,0,0,0,0,0,0,0,0,0,0,0,9,0,9.00
02706,"Environnement, Hygiène et Sécurité",178.3,169.05,208.17,0,0.0,1.3,0,0,0,0,0,0,0,0,0,2,0,0,0,0,0,0,0,0,1.3,9,0,27.00
02714,Sales Force,0,153,207,0,0.0,0,0,0,0,0,0,0,0,0,0,0,0,0,0,0,0,0,0,0,0,9,0,45.00
02715,Assurance Qualité,190.03,180.11,206.38,0.01,0.0,0,0,9.3,0,0,0,0,0,0,0,0,0,0,0,0,0,0,0,0,7.16,9,0,4.50
02730,Sales Force,0,153,207,0,0.0,0,0,0,0,0,0,0,0,0,0,0,27,0,0,0,0,0,0,0,0,9,0,18.00
02732,Sales Force,0,171,207,0,0.0,0,0,0,0,0,0,0,0,0,0,0,0,0,0,0,0,0,0,0,0,9,0,27.00
02738,Sales Force,0,171,207,0,0.0,0,0,0,0,0,0,0,0,0,0,0,0,0,0,0,0,0,0,0,0,9,0,27.00
02751,Sales Force,0,171,207,0,0.0,0,0,0,0,0,0,0,0,0,0,0,0,0,0,0,0,0,0,0,0,9,0,27.00
02753,Sales Force,0,162,207,0,0.0,0,0,0,0,0,0,0,0,0,0,0,0,0,0,0,0,0,0,0,0,9,0,36.00
02754,Sales Force,0,135,207,0,0.0,0,0,0,0,0,0,0,0,0,0,0,0,0,0,0,0,0,0,0,0,9,0,63.00
02756,Sales Force,0,153,207,0,0.0,0,0,0,0,0,0,0,0,0,0,0,0,0,0,0,0,0,0,0,0,9,0,45.00
02768,Sales Force,0,126,207,0,0.0,0,0,0,0,0,0,0,0,0,0,0,0,0,0,0,0,0,0,0,0,9,0,72.00
02771,Sales Force,0,126,135,0,0.0,0,0,0,0,0,0,0,0,0,0,0,0,0,0,0,0,0,0,0,0,9,0,0.00
02772,Pharmacien Responsable Technique,0,175.3,207,0,0.0,0,0,0,0,0,0,0,0,0,0,0,0,0,0,0,0,0,0,0,0,9,0,22.50
02773,Ressources Humaines,144.58,135.58,205.57,0.08,0.0,0,0,0,0,0,0,41.5,0,0,0,2,0,0,0,0,0,0,0,0,0,9,0,18.00
02780,Contrôle Qualité,169.2,160.21,206.14,2.1,0.0,0.44,0.38,0,0,0,0,0,0,0,0,2,0,0,0,0,0,0,0,0,1.44,9,0.38,40.50
02795,Production,170.22,161.22,181.22,18,0.0,0,0,0,0,0,0,0,0,0,0,2,0,0,0,0,0,0,0,0,8,9,0,9.00
02802,Production,141.43,134.13,179.13,0.08,0.0,0,0,0,0,0,0,0,0,0,0,0,0,0,0,0,0,0,0,0,15.13,9,0,36.00
02803,Business Development,166.4,152.21,197.21,4.41,0.0,0,0,0,0,0,0,0,0,0,0,0,0,0,0,0,0,0,0,0,0,9,0,36.00
02805,MEDI-MARKETING,0,171,207,0,0.0,0,0,0,0,0,0,0,0,0,0,0,0,0,0,0,0,0,0,0,0,9,0,27.00
02807,Logistique,185.48,176.18,212.18,0,0.0,0,0.18,0,0,0,0,0,0,0,0,0,0,0,0,0,0,0,0,0,0,9,0.18,27.00
02808,Direction  Administrative et Financière,198.2,187.5,205.5,0.25,0.0,0,0,0,0,0,0,0,0,0,0,0,0,0,0,0,0,0,0,0,0,9,0,9.00
02810,Contrôle Qualité,209.42,198.42,208.44,0,0.0,0,0,0,0,0,0,0,0,0,0,2,0,0,0,0,0,0,0,0,1.44,9,0,0.00
02816,Maintenance,211.54,200.54,206.14,0.13,0.0,0,0,0,0,0,0,0,0,0,0,1,0,0,0,0,0,0,0,0,0,9,0,0.00
02826,Sales Force,0,171,207,0,0.0,0,0,0,0,0,0,0,0,0,0,0,0,0,0,0,0,0,0,0,0,9,0,27.00
02827,Contrôle Qualité,200.16,189.46,207.16,0,0.0,0.04,0,0,0,0,0,0,0,0,0,4,0,0,0,0,0,0,0,0,0,9,0,0.00
02828,Logistique,192.17,176.05,189.35,4.23,0.0,0,0,0,0,0,0,0,0,0,0,0,0,0,0,0,0,0,0,0,0,9,0,0.00
02829,Developpement,102.06,89.58,206.58,0,0.0,0,0,41,0,0,0,0,0,0,0,0,0,0,0,0,0,0,0,0,0,9,0,72.00
02831,Contrôle Qualité,113.52,107.52,206.52,0,0.0,0,0,0,90,0,0,0,0,0,0,0,0,0,0,0,0,0,0,0,0,9,0,0.00
02832,Sales Force,0,171,207,0,0.0,0,0,0,0,0,0,0,0,0,0,0,0,0,0,0,0,0,0,0,0,9,0,27.00
02833,Direction  Administrative et Financière,178.49,169.19,207,0,0.0,0,0,0,0,0,0,0,0,0,0,2,0,0,0,0,0,0,0,0,0,9,0,27.00
02836,Sales Force,0,171,207,0,0.0,0,0,0,0,0,0,0,0,0,0,0,0,0,0,0,0,0,0,0,0,9,0,27.00
02840,Sales Force,0,153,207,0,0.0,0,0,0,0,0,0,0,0,0,0,0,0,0,0,0,0,0,0,0,0,9,0,45.00
02841,Developpement,204.31,194.01,207,0,0.0,0,0,0,0,0,0,0,0,0,0,0,0,0,0,0,0,0,0,0,0,9,0,0.00
02842,Sales Force,0,171,207,0,0.0,0,0,0,0,0,0,0,0,0,0,0,0,0,0,0,0,0,0,0,0,9,0,27.00
02845,Sales Force,0,144,207,0,0.0,0,0,0,0,0,0,0,0,0,0,0,0,0,0,0,0,0,0,0,0,9,0,54.00
02847,MEDI-MARKETING,79.38,74.38,204.38,0.54,0.0,0,0,75.46,0,0,0,0,0,0,0,4,0,0,0,0,0,0,0,0,0,9,0,45.00
02849,Affaires Réglementaires,194.32,183.09,201.09,0,0.0,0,0,0,0,0,0,0,0,0,0,0,0,0,0,0,0,0,0,0,0,9,0,9.00
02850,Sales Force,0,198,207,0,0.0,0,0,0,0,0,0,0,0,0,0,0,0,0,0,0,0,0,0,0,0,9,0,0.00
02851,MEDI-MARKETING,167.12,151.14,206.27,0,0.0,0,0,30,18,0,0,0,0,0,0,2,0,0,0,0,0,0,0,0,0,9,0,0.00
02853,Production,157.01,150.01,224.12,0.24,0.0,3.49,0,0,0,0,0,0,0,0,0,0,0,0,0,0,0,0,0,0,17.45,9,0,54.00
02854,Assurance Qualité,192.33,182.33,206.29,0,0.0,0,0,0,0,0,0,0,0,0,0,2,0,0,0,0,0,0,0,0,0,9,0,9.00
02865,Sales Force,0,189,207,0,0.0,0,0,0,0,0,0,0,0,0,0,0,0,0,0,0,0,0,0,0,0,9,0,9.00
02866,Maintenance,187.54,178.54,214.08,0,0.0,0,0.14,0,0,0,0,0,0,0,0,1.3,0,0,0,0,0,0,0,0,0,9,0.14,22.50
02867,Maintenance,191.46,181.46,205.43,0.26,0.0,0,0.09,0,0,0,0,0,0,0,0,1.3,0,0,0,0,0,0,0,0,0,9,0.09,9.00
02873,Contrôle Qualité,213.26,202.26,207,0,0.0,0,0,0,0,0,0,0,0,0,0,0,0,0,0,0,0,0,0,0,0,9,0,0.00
02890,Sales Force,0,99,207,0,0.0,0,0,0,0,36,0,0,0,0,0,0,63,0,0,0,0,0,0,0,0,9,0,0.00
02900,Sales Force,0,153,207,0,0.0,0,0,0,0,0,0,0,0,0,0,0,0,0,0,0,0,0,0,0,0,9,0,45.00
02902,Maintenance,198.57,188.57,189.57,0,0.0,0.45,0,0,0,0,0,0,0,0,0,1,0,0,0,0,0,0,0,0,0,9,0,0.00
02904,Logistique,166.1,157.4,206.39,0.01,0.0,0,0,0,0,0,0,0,0,0,0,0,0,0,0,0,0,0,0,0,0,9,0,36.00
02906,Marketing And Sales,126.34,118.47,201.47,0,0.0,0,0,0,0,0,0,0,0,0,0,2,0,0,27,0,0,0,0,0,0,9,0,45.00
02917,Sales Force,0,153,207,0,0.0,0,0,0,0,0,0,0,0,0,0,0,0,0,0,0,0,0,0,0,0,9,0,45.00
02918,Sales Force,0,162,207,0,0.0,0,0,0,0,0,0,0,0,0,0,0,0,0,0,0,0,0,0,0,0,9,0,36.00
02926,Sales Force,0,121.3,207,0,0.0,0,0,0,0,45,0,0,0,0,0,0,4.3,0,0,0,0,0,0,0,0,9,0,27.00
02927,Sales Force,0,144,207,0,0.0,0,0,0,0,0,0,0,0,0,0,0,0,0,0,0,0,0,0,0,0,9,0,54.00
02931,Direction  Administrative et Financière,204.25,193.55,206.58,0.02,0.0,0,0,0,0,0,0,0,0,0,0,0.3,0,0,0,0,0,0,0,0,0,9,0,0.00
02935,Sales Force,0,162,207,0,0.0,0,0,0,0,0,0,0,0,0,0,0,0,0,0,0,0,0,0,0,0,9,0,36.00
02936,Contrôle Qualité,175.57,166.57,207,0,0.0,0,0,0,0,0,0,0,0,0,0,0,0,0,0,0,0,0,0,0,0,9,0,27.00
02939,Sales Force,0,126,207,0,0.0,0,0,0,0,0,0,0,0,0,0,0,9,0,0,0,0,0,0,0,0,9,0,63.00
02940,Sales Force,0,171,207,0,0.0,0,0,0,0,0,0,0,0,0,0,0,0,0,0,0,0,0,0,0,0,9,0,27.00
02942,"Environnement, Hygiène et Sécurité",174.4,165.4,209.57,0,0.0,0.3,0,0,0,0,0,0,0,0,0,1,0,0,0,0,0,0,0,0,3.57,9,0,27.00
02944,Sales Force,0,162,207,0,0.0,0,0,0,0,0,0,0,0,0,0,0,0,0,0,0,0,0,0,0,0,9,0,36.00
02945,Sales Force,0,171,207,0,0.0,0,0,0,0,0,0,0,0,0,0,0,0,0,0,0,0,0,0,0,0,9,0,27.00
02946,Sales Force,0,171,207,0,0.0,0,0,0,0,0,0,0,0,0,0,0,0,0,0,0,0,0,0,0,0,9,0,27.00
02947,Sales Force,0,171,207,0,0.0,0,0,0,0,0,0,0,0,0,0,0,0,0,0,0,0,0,0,0,0,9,0,27.00
02949,Sales Force,0,180,207,0,0.0,0,0,0,0,0,0,0,0,0,0,0,0,0,0,0,0,0,0,0,0,9,0,18.00
02951,Sales Force,0,171,207,0,0.0,0,0,0,0,0,0,0,0,0,0,0,0,0,0,0,0,0,0,0,0,9,0,27.00
02953,Sales Force,0,135,207,0,0.0,0,0,0,0,0,0,0,0,0,0,0,0,0,0,0,0,0,0,0,0,9,0,63.00
02954,Sales Force,0,198,207,0,0.0,0,0,0,0,0,0,0,0,0,0,0,0,0,0,0,0,0,0,0,0,9,0,0.00
02955,Sales Force,0,171,207,0,0.0,0,0,0,0,0,0,0,0,0,0,0,0,0,0,0,0,0,0,0,0,9,0,27.00
02956,Sales Force,0,189,207,0,0.0,0,0,0,0,0,0,0,0,0,0,0,0,0,0,0,0,0,0,0,0,9,0,9.00
02957,Sales Force,0,153,207,0,0.0,0,0,0,0,0,0,0,0,0,0,0,0,0,0,0,0,0,0,0,0,9,0,45.00
02958,Sales Force,0,162,207,0,0.0,0,0,0,0,0,0,0,0,0,0,0,0,0,0,0,0,0,0,0,0,9,0,36.00
02959,Assurance Qualité,185.04,175.34,206.33,0,0.0,0,0,19,0,0,0,0,0,0,0,0,0,0,0,0,0,0,0,0,0,9,0,0.00
02961,Sales Force,0,171,207,0,0.0,0,0,0,0,0,0,0,0,0,0,0,0,0,0,0,0,0,0,0,0,9,0,27.00
02968,Contrôle de Gestion,143.19,133.33,205.33,0.11,0.0,0,0,9.3,0,0,0,0,0,0,0,0,0,0,0,0,0,0,0,0,0,9,0,54.00
02969,Marketing And Sales,23.12,21.45,204,2.3,0.0,0,0,33.3,0,0,144,6,0,0,0,0,0,0,0,0,0,0,0,0,0,0,0,0.00
02971,Contrôle de Gestion,178.54,169.24,206.54,0,0.0,0,0,9.3,0,0,0,0,0,0,0,1.3,0,0,0,0,0,0,0,0,0,9,0,18.00
02975,Sales Force,0,126,207,0,0.0,0,0,0,0,0,0,0,0,0,0,0,0,0,0,0,0,0,0,0,0,9,0,72.00
02976,Systèmes D'Information,38.53,36.53,195.08,11.52,0.0,0,0,120,0,0,0,0,0,0,0,2,40.3,0,0,0,0,0,0,0,0,9,0,0.00
02979,Sales Force,0,144,207,0,0.0,0,0,0,0,0,0,0,0,0,0,0,0,0,0,0,0,0,0,0,0,9,0,54.00
02985,Production,142.48,141.48,204.48,0.17,0.0,0,0,0,0,0,0,0,0,0,0,0,0,0,0,0,0,0,0,0,0,9,0,54.00
02986,Sales Force,0,126,207,0,0.0,0,0,0,0,0,0,0,0,0,0,0,0,0,0,0,0,0,0,0,0,9,0,72.00
02990,Sales Force,0,189,207,0,0.0,0,0,0,0,0,0,0,0,0,0,0,0,0,0,0,0,0,0,0,0,9,0,9.00
02991,Sales Force,0,135,207,0,0.0,0,0,0,0,0,0,0,0,0,0,0,0,0,0,0,0,0,0,0,0,9,0,63.00
02992,Sales Force,0,171,207,0,0.0,0,0,0,0,0,0,0,0,0,0,0,0,0,0,0,0,0,0,0,0,9,0,27.00
02993,Sales Force,0,171,207,0,0.0,0,0,0,0,0,0,0,0,0,0,0,0,0,0,0,0,0,0,0,0,9,0,27.00
02994,Sales Force,0,108,207,0,0.0,0,0,0,0,0,0,0,0,0,0,0,0,0,0,0,0,0,0,0,0,9,0,54.00
02995,Marketing And Sales,112.22,104.49,205.47,0,0.0,0,0,0,18,0,0,0,0,0,0,2,0,0,27,0,0,0,0,0,0,9,0,54.00
02996,Sales Force,0,153,207,0,0.0,0,0,0,0,0,0,0,0,0,0,0,0,0,0,0,0,0,0,0,0,9,0,45.00
03004,Contrôle Qualité,192.37,176,189.3,12.32,0.0,0,0,0,0,0,0,0,0,0,0,0,0,0,0,0,0,0,0,0,0,9,0,0.00
03006,Sales Force,0,162,207,0,0.0,0,0,0,0,0,0,0,0,0,0,0,0,0,0,0,0,0,0,0,0,9,0,36.00
03020,Production,131.48,125.18,161.18,0.19,0.0,0,0,0,0,0,0,0,0,0,0,0,0,0,0,0,0,0,0,0,7.03,9,0,27.00
03022,Marketing And Sales,119.32,111.37,201.37,0,0.0,0,0,9.3,0,0,0,0,0,0,0,0,0,0,27,0,0,0,0,0,0,9,0,45.00
03023,Sales Force,0,175.3,207,0,0.0,0,0,0,0,0,0,0,0,0,0,0,0,0,0,0,0,0,0,0,0,9,0,22.50
03028,"Environnement, Hygiène et Sécurité",221.54,196.54,212.54,0,0.0,0,0,0,0,0,0,0,0,0,0,0,0,0,0,0,0,0,0,0,0,8,0,9.00
03029,"Environnement, Hygiène et Sécurité",214.18,206,214,0,0.0,0,0,0,0,0,0,0,0,0,0,0,0,0,0,0,0,0,0,0,0,8,0,0.00
03030,"Environnement, Hygiène et Sécurité",265.25,234,243,0,0.0,0,0,0,0,0,0,0,0,0,0,0,0,0,0,0,0,0,0,0,0,9,0,0.00
03034,Production,0,0,207,0,0.0,0,0,205,0,0,0,0,0,0,0,0,0,0,0,0,0,0,0,0,0,9,0,0.00
03036,Production,0,0,0,0,0.0,0,0,0,0,0,0,0,0,0,0,0,0,0,0,0,0,0,0,0,0,0,0,0.00
03037,"Environnement, Hygiène et Sécurité",321.26,294.26,307.26,0,0.0,0,0,0,0,0,0,0,0,0,0,2,0,0,0,0,0,0,0,0,0,11,0,0.00
03039,Sales Force,0,144,207,0,0.0,0,0,0,0,0,0,0,0,0,0,0,0,0,0,0,0,0,0,0,0,9,0,54.00
03040,Maintenance,204.14,194.14,209.44,0,0.0,0.29,25.27,0,0,0,0,0,0,0,0,2,0,0,0,0,0,0,0,0,0,9,25.27,0.00
03041,Logistique,146.07,138.07,185.07,0,0.0,0,0,9.3,0,0,0,0,0,0,0,2,0,0,0,0,0,0,0,0,0,9,0,36.00
03043,Sales Force,0,189,207,0,0.0,0,0,0,0,0,0,0,0,0,0,0,0,0,0,0,0,0,0,0,0,9,0,9.00
03044,Production,117.5,116.38,133.46,0,0.0,0,0,0,0,0,0,0,0,0,0,2,0,0,0,0,0,0,0,0,0,9,0,13.50
03045,Contrôle Qualité,196.39,194.05,208.19,0,0.0,0.27,0.23,0,0,0,0,0,0,0,0,2,0,0,0,0,0,0,0,0,1.22,9,0.23,9.00
03046,Assurance Qualité,204.3,194,207,0,0.0,0,0,0,0,0,0,0,0,0,0,0,0,0,0,0,0,0,0,0,0,9,0,0.00
03048,Sales Force,0,171,207,0,0.0,0,0,0,0,0,0,0,0,0,0,0,0,0,0,0,0,0,0,0,0,9,0,27.00
03049,Production,121.51,120.58,129.58,5.53,0.5,0,3.02,0,0,0,0,0,0,0,0,0,0,0,0,0,0,0,0,0,0,9,3.02,0.00
03050,Sales Force,0,198,207,0,0.0,0,0,0,0,0,0,0,0,0,0,0,0,0,0,0,0,0,0,0,0,9,0,0.00
03051,Sales Force,0,189,207,0,0.0,0,0,0,0,0,0,0,0,0,0,0,0,0,0,0,0,0,0,0,0,9,0,9.00
03052,Sales Force,0,171,207,0,0.0,0,0,0,0,0,0,0,0,0,0,0,0,0,0,0,0,0,0,0,0,9,0,27.00
03053,Sales Force,0,189,207,0,0.0,0,0,0,0,0,0,0,0,0,0,0,0,0,0,0,0,0,0,0,0,9,0,9.00
03055,Sales Force,0,198,207,0,0.0,0,0,0,0,0,0,0,0,0,0,0,0,0,0,0,0,0,0,0,0,9,0,0.00
03056,Ressources Humaines,76,72,72,0,0.0,0,0,0,0,0,0,0,0,0,0,0,0,0,0,0,0,0,0,0,0,0,0,0.00
03058,Sales Force,0,72,72,0,0.0,0,0,0,0,0,0,0,0,0,0,0,0,0,0,0,0,0,0,0,0,0,0,0.00
20002,Marketing And Sales,0,171,207,0,0.0,0,0,0,0,0,0,0,0,0,0,0,0,0,0,0,0,0,0,0,0,9,0,27.00
20010,Marketing And Sales,0,126,207,0,0.0,0,0,0,0,0,0,0,0,0,0,0,0,0,0,0,0,0,0,0,0,9,0,72.00
20013,Sales Force,0,99,135,0,0.0,0,0,0,0,0,0,0,0,0,0,0,0,0,0,0,0,0,0,0,0,9,0,27.00
20025,Sales Force,0,171,207,0,0.0,0,0,0,0,0,0,0,0,0,0,0,0,0,0,0,0,0,0,0,0,9,0,27.00
20034,Sales Force,0,171,207,0,0.0,0,0,0,0,0,0,0,0,0,0,0,0,0,0,0,0,0,0,0,0,9,0,27.00
20036,Sales Force,0,171,207,0,0.0,0,0,0,0,0,0,0,0,0,0,0,0,0,0,0,0,0,0,0,0,9,0,27.00
20039,Sales Force,0,198,207,0,0.0,0,0,0,0,0,0,0,0,0,0,0,0,0,0,0,0,0,0,0,0,9,0,0.00
20042,Sales Force,0,162,207,0,0.0,0,0,0,0,0,0,0,0,0,0,0,0,0,0,0,0,0,0,0,0,9,0,36.00
20043,Sales Force,0,189,207,0,0.0,0,0,0,0,0,0,0,0,0,0,0,0,0,0,0,0,0,0,0,0,9,0,9.00
20044,Sales Force,0,171,207,0,0.0,0,0,0,0,0,0,0,0,0,0,0,0,0,0,0,0,0,0,0,0,9,0,27.00
20045,Sales Force,0,171,207,0,0.0,0,0,0,0,0,0,0,0,0,0,0,0,0,0,0,0,0,0,0,0,9,0,27.00
20049,Sales Force,0,171,207,0,0.0,0,0,0,0,0,0,0,0,0,0,0,0,0,0,0,0,0,0,0,0,9,0,27.00
20050,Sales Force,0,166.3,207,0,0.0,0,0,0,0,0,0,0,0,0,0,0,0,0,0,0,0,0,0,0,0,9,0,31.50
20051,Sales Force,0,189,207,0,0.0,0,0,0,0,0,0,0,0,0,0,0,0,0,0,0,0,0,0,0,0,9,0,9.00
20053,Sales Force,0,184.3,207,0,0.0,0,0,0,0,0,0,0,0,0,0,0,0,0,0,0,0,0,0,0,0,9,0,13.50
20054,Sales Force,0,126,135,0,0.0,0,0,0,0,0,0,0,0,0,0,0,0,0,0,0,0,0,0,0,0,9,0,0.00
20055,Sales Force,0,144,207,0,0.0,0,0,0,0,0,0,0,0,0,0,0,0,0,0,0,0,0,0,0,0,9,0,54.00
20056,Sales Force,0,144,207,0,0.0,0,0,0,0,0,0,0,0,0,0,0,54,0,0,0,0,0,0,0,0,9,0,0.00
