,,04/05/2026 17:01,,,,,,,,,,,,,,,,,,,,,,,,,,,
,ETAT TPS,,,,,,,,,,,,,,,,,,,,,,,,,,,,
,Du 21/07/2025 au 31/07/2025,,,,,,,,,,,,,,,,,,,,,,,,,,,,
,,01715,,,,,,,,,,,,,,,,,,,,,,,,,,,
Matricule,,Présence badgée,Présence badgée validée,Heures totales,Cumul Abs vers la paie,Absence vers la paie en jour,HS75,HSUP100%,MISSION,FORM,MALAD,MATERNITE,RC.ALLAIT,AC.TRAJET,AC.TRAVAIL,ARRET TRV,AUTO,CSS,CPAT,CMAR,CNAIS,CDESES,CP.EX,CIR,M.A.P,VALHS,FERIE,VALHR,CP
00007,,72.41,71.56,80.56,0,0.0,0,0,0,0,0,0,0,0,0,0,0,0,0,0,0,0,0,0,0,0,9,0,0.00
00013,,62.19,59.06,81,0,0.0,0,0,0,0,0,0,0,0,0,0,0,0,0,0,0,0,0,0,0,0,9,0,13.50
00041,,65.55,62.53,80.53,0.03,0.0,0,0,0,0,0,0,0,0,0,0,0,0,0,0,0,0,0,0,0,0,9,0,0.00
00042,,76,72,81,0,0.0,0,0,0,0,0,0,0,0,0,0,0,0,0,0,0,0,0,0,0,0,9,0,0.00
00075,,73.43,69.43,80.43,0,0.0,0,0,0,0,0,0,0,0,0,0,2,0,0,0,0,0,0,0,0,0,9,0,0.00
00086,,75.29,71.59,80.59,0,0.0,0,0,0,0,0,0,0,0,0,0,0,0,0,0,0,0,0,0,0,0,9,0,0.00
00096,,75.59,71.59,80.59,0,0.0,0,0,0,0,0,0,0,0,0,0,0,0,0,0,0,0,0,0,0,0,9,0,0.00
00107,,75,71.58,80.58,0,0.0,0,0,0,0,0,0,0,0,0,0,0,0,0,0,0,0,0,0,0,0,9,0,0.00
00112,,0,72,81,0,0.0,0,0,0,0,0,0,0,0,0,0,0,0,0,0,0,0,0,0,0,0,9,0,0.00
00120,,0,72,81,0,0.0,0,0,0,0,0,0,0,0,0,0,0,0,0,0,0,0,0,0,0,0,9,0,0.00
00210,,72.48,71.57,80.57,0,0.0,0,0,0,0,0,0,0,0,0,0,0,0,0,0,0,0,0,0,0,0,9,0,0.00
00221,,38,36,81,0,0.0,0,0,0,36,0,0,0,0,0,0,0,0,0,0,0,0,0,0,0,0,9,0,0.00
00230,,38,36,81,0,0.0,0,0,0,0,0,0,0,0,0,0,0,0,0,0,0,0,0,0,0,0,9,0,36.00
00259,,0,36,81,0,0.0,0,0,0,0,0,0,0,0,0,0,0,0,0,0,0,0,0,0,0,0,9,0,36.00
00294,,68.09,67.15,80.45,0.07,0.0,0,0,0,0,0,0,0,0,0,0,0,0,0,0,0,0,0,0,0,0,9,0,4.50
00300,,0,0,81,0,0.0,0,0,0,0,81,0,0,0,0,0,0,0,0,0,0,0,0,0,0,0,0,0,0.00
00303,,76,72,81,0,0.0,0,0,0,0,0,0,0,0,0,0,0,0,0,0,0,0,0,0,0,0,9,0,0.00
00304,,71.12,71.12,80.12,0,0.0,0,0,0,0,0,0,0,0,0,0,0,0,0,0,0,0,0,0,0,0,9,0,0.00
00307,,0,0,81,0,0.0,0,0,0,0,81,0,0,0,0,0,0,0,0,0,0,0,0,0,0,0,0,0,0.00
00327,,76,72,81,0,0.0,0,0,0,0,0,0,0,0,0,0,0,0,0,0,0,0,0,0,0,0,9,0,0.00
00329,,76,72,81,0,0.0,0,0,0,0,0,0,0,0,0,0,0,0,0,0,0,0,0,0,0,0,9,0,0.00
00332,,71.55,71.54,83.53,0,0.0,1.54,0,0,0,0,0,0,0,0,0,0,0,0,0,0,0,0,0,0,2.59,9,0,0.00
00361,,63.48,56.51,65.51,0,0.0,0,0,0,0,0,0,0,0,0,0,0,0,0,0,0,0,0,0,0,0,9,0,0.00
00372,,53.27,53.26,80.26,0.25,0.0,0,0,0,0,18,0,0,0,0,0,0,0,0,0,0,0,0,0,0,0,9,0,0.00
00386,,30.19,27,81,0,0.0,0,0,0,0,0,0,0,0,0,0,0,0,0,0,0,0,0,0,0,0,9,0,45.00
00396,,76,72,81,0,0.0,0,0,0,0,0,0,0,0,0,0,0,0,0,0,0,0,0,0,0,0,9,0,0.00
00399,,73.41,71.11,80.54,0.06,0.0,0,0,0,0,0,0,0,0,0,0,0.43,0,0,0,0,0,0,0,0,0,9,0,0.00
00417,,45.58,43.21,54,18,0.0,0,0,0,0,0,0,0,0,0,0,1.45,0,0,0,0,0,0,0,0,0,9,0,0.00
00419,,72.15,71.38,80.38,0,0.0,0,0,0,0,0,0,0,0,0,0,0,0,0,0,0,0,0,0,0,0,9,0,0.00
00420,,0,72,81,0,0.0,0,0,0,0,0,0,0,0,0,0,0,0,0,0,0,0,0,0,0,0,9,0,0.00
00421,,0,72,81,0,0.0,0,0,0,0,0,0,0,0,0,0,0,0,0,0,0,0,0,0,0,0,9,0,0.00
00453,,71.41,71.29,80.29,0,0.0,0,0,0,0,0,0,0,0,0,0,0,0,0,0,0,0,0,0,0,0,9,0,0.00
00469,,73.55,70.25,83.35,0,0.0,1.14,0,0,0,0,0,0,0,0,0,1,0,0,0,0,0,0,0,0,3.1,9,0,0.00
00480,,75.31,72,86.1,0,0.0,3.1,0,0,0,0,0,0,0,0,0,0,0,0,0,0,0,0,0,0,5.1,9,0,0.00
00482,,71.5,71.33,80.33,0,0.0,0,0,0,0,0,0,0,0,0,0,0,0,0,0,0,0,0,0,0,0,9,0,0.00
00514,,0,72,81,0,0.0,0,0,0,0,0,0,0,0,0,0,0,0,0,0,0,0,0,0,0,0,9,0,0.00
00530,,64.31,61.31,80.31,0.17,0.0,0,0,0,0,0,0,0,0,0,0,1,0,0,0,0,0,0,0,0,0,9,0,9.00
00574,,0,58.3,81,0,0.0,0,0,0,0,0,0,0,0,0,0,0,0,0,0,0,0,0,0,0,0,9,0,13.50
00621,,74.05,70.05,81,0,0.0,0,0,0,0,0,0,0,0,0,0,1.55,0,0,0,0,0,0,0,0,0,9,0,0.00
00676,,73.54,70.41,81,0,0.0,0,0,0,0,0,0,0,0,0,0,1.19,0,0,0,0,0,0,0,0,0,9,0,0.00
00677,,80.45,71.29,81,0,0.0,0,0,0,0,0,0,0,0,0,0,1,0,0,0,0,0,0,0,0,0,9,0,0.00
00712,,70.15,67.15,76.15,0,0.0,0,4.26,0,0,0,0,0,0,0,0,0,0,0,0,0,0,0,0,0,0,9,4.26,0.00
00717,,35.51,34.04,61.04,17.3,0.0,0,0,0,0,0,0,0,0,0,0,0,0,0,0,0,0,0,0,0,0,9,0,18.00
00718,,38,36,81,0,0.0,0,0,0,0,0,0,0,0,0,0,0,0,0,0,0,0,0,0,0,0,9,0,36.00
00759,,74.33,71.27,83.47,0.03,0.0,0,0.29,0,0,0,0,0,0,0,0,0.3,0,0,0,0,0,0,0,0,2.5,9,0.29,0.00
00804,,0,0,81,0,0.0,0,0,0,0,0,81,0,0,0,0,0,0,0,0,0,0,0,0,0,0,0,0,0.00
00817,,72.34,71,80.3,0,0.0,0,0,0,0,0,0,0,0,0,0,0.3,0,0,0,0,0,0,0,0,0,9,0,0.00
00832,,75.32,72,81,0,0.0,0,0,0,0,0,0,0,0,0,0,0,0,0,0,0,0,0,0,0,0,9,0,0.00
00833,,74.47,70.25,79.25,0,0.0,0,0,0,0,0,0,0,0,0,0,0,0,0,0,0,0,0,0,0,0,9,0,0.00
00851,,75.59,71.59,80.59,0,0.0,0,0,0,0,0,0,0,0,0,0,0,0,0,0,0,0,0,0,0,0,9,0,0.00
00856,,75.58,71.37,80.37,0,0.0,0,0.14,0,0,0,0,0,0,0,0,0,0,0,0,0,0,0,0,0,0,9,0.14,0.00
00859,,73.09,70.39,79.39,0,0.0,0,0,0,0,0,0,0,0,0,0,0,0,0,0,0,0,0,0,0,0,9,0,0.00
00895,,76,72,81,0,0.0,0,0,0,0,0,0,0,0,0,0,0,0,0,0,0,0,0,0,0,0,9,0,0.00
00902,,70.59,70.59,79.59,0,0.0,0,0,0,0,0,0,0,0,0,0,0,0,0,0,0,0,0,0,0,0,9,0,0.00
00927,,75.51,71.51,80.51,0,0.0,0,0,0,0,0,0,0,0,0,0,0,0,0,0,0,0,0,0,0,0,9,0,0.00
00954,,73.14,72,81,0,0.0,0,0,0,0,0,0,0,0,0,0,0,0,0,0,0,0,0,0,0,8.4,9,0,0.00
00957,,37.47,35.47,80.47,0,0.0,0,0,0,0,0,0,0,0,0,0,0,0,0,0,0,0,0,0,0,0,9,0,36.00
00961,,75.54,71.54,80.54,0,0.0,0,0,0,0,0,0,0,0,0,0,0,0,0,0,0,0,0,0,0,0,9,0,0.00
00964,,73.05,72,81,0,0.0,0,0,0,0,0,0,0,0,0,0,0,0,0,0,0,0,0,0,0,0,9,0,0.00
00966,,74.35,72,81,0,0.0,0,0,0,0,0,0,0,0,0,0,0,0,0,0,0,0,0,0,0,0,9,0,0.00
01002,,0,72,81,0,0.0,0,0,0,0,0,0,0,0,0,0,0,0,0,0,0,0,0,0,0,0,9,0,0.00
01004,,0,36,81,0,0.0,0,0,0,0,0,0,0,0,0,0,0,0,0,0,0,0,0,0,0,0,9,0,36.00
01010,,74.37,71.2,80.2,0,0.0,0,0,0,0,0,0,0,0,0,0,0,0,0,0,0,0,0,0,0,0,9,0,0.00
01030,,72.51,70,79,0,0.0,0,0,0,0,0,0,0,0,0,0,0,0,0,0,0,0,0,0,0,0,9,0,0.00
01033,,0,36,81,0,0.0,0,0,0,0,0,0,0,0,0,0,0,0,0,0,0,0,0,0,0,0,9,0,36.00
01045,,72.09,71.54,80.54,0,0.0,0,0.28,0,0,0,0,0,0,0,0,0,0,0,0,0,0,0,0,0,0,9,0.28,0.00
01046,,26.31,26.31,35.31,0,0.0,0,0,0,0,0,0,0,0,0,0,0,0,0,0,0,0,0,0,0,0,9,0,0.00
01065,,24.41,45,81,0,0.0,0,0,0,0,0,0,0,0,0,0,0,0,0,0,0,0,0,0,0,0,9,0,27.00
01077,,75.56,71.56,86.5,0,0.0,1.27,0.12,0,0,0,0,0,0,0,0,0,0,0,0,0,0,0,0,0,5.54,9,0.12,0.00
01089,,0,0,81,0,0.0,0,0,0,0,81,0,0,0,0,0,0,0,0,0,0,0,0,0,0,0,0,0,0.00
01105,,74.58,70.58,80.58,0,0.0,0,0,0,0,0,0,0,0,0,0,1,0,0,0,0,0,0,0,0,0,9,0,0.00
01120,,73.2,71.5,80.5,0,0.0,0,0.3,0,0,0,0,0,0,0,0,0,0,0,0,0,0,0,0,0,0,9,0.3,0.00
01121,,71.04,71.04,81.29,0.26,0.0,0,8,0,0,0,0,0,0,0,0,0,0,0,0,0,0,0,0,0,1.25,9,8,0.00
01127,,37.48,35.18,44.18,0,0.0,0,0,0,0,0,0,0,0,0,0,0,0,0,0,0,0,0,0,0,0,9,0,0.00
01129,,76,72,81,0,0.0,0,0,0,0,0,0,0,0,0,0,0,0,0,0,0,0,0,0,0,0,9,0,0.00
01135,,71.19,71.14,80.14,0,0.0,0,0,0,0,0,0,0,0,0,0,0,0,0,0,0,0,0,0,0,0,9,0,0.00
01137,,0,36,81,0,0.0,0,0,0,0,0,0,0,0,0,0,0,0,0,0,0,0,0,0,0,0,9,0,36.00
01141,,0,36,81,0,0.0,0,0,0,0,0,0,0,0,0,0,0,0,0,0,0,0,0,0,0,0,9,0,36.00
01160,,0,72,81,0,0.0,0,0,0,0,0,0,0,0,0,0,0,0,0,0,0,0,0,0,0,0,9,0,0.00
01181,,74.11,71.11,80.11,0,0.0,0,0,0,0,0,0,0,0,0,0,0,0,0,0,0,0,0,0,0,0,9,0,0.00
01198,,71.24,71.23,80.23,0,0.0,0,0,0,0,0,0,0,0,0,0,0,0,0,0,0,0,0,0,0,0,9,0,0.00
01204,,64.35,61.35,70.35,0,0.0,0,0,0,0,0,0,0,0,0,0,0,0,0,0,0,0,0,0,0,0,9,0,0.00
01207,,66.3,63,72,0,0.0,0,0,0,0,0,0,0,0,0,0,0,0,0,0,0,0,0,0,0,0,9,0,0.00
01224,,9.3,9,81,0,0.0,0,0,0,0,0,0,0,0,0,0,0,0,0,0,0,0,0,0,0,0,9,0,63.00
01240,,56.43,53.43,80.43,0.17,0.0,0,0,0,0,0,0,0,0,0,0,0,0,0,0,0,0,0,0,0,0,9,0,18.00
01250,,72.06,68.36,79.36,0.57,0.0,0,0,0,0,0,0,0,0,0,0,2,0,0,0,0,0,0,0,0,0,9,0,0.00
01253,,71.41,71.32,80.32,0,0.0,0,0,0,0,0,0,0,0,0,0,0,0,0,0,0,0,0,0,0,0,9,0,0.00
01272,,66.1,62.4,80.4,0,0.0,0,0,0,0,0,0,0,0,0,0,0,0,0,0,0,0,0,0,0,0,9,0,9.00
01276,,74,70.12,81,0,0.0,0,0,0,0,0,0,0,0,0,0,1.48,0,0,0,0,0,0,0,0,0,9,0,0.00
01279,,71.18,71.14,80.14,0,0.0,0,0,0,0,0,0,0,0,0,0,0,0,0,0,0,0,0,0,0,0,9,0,0.00
01286,,0,0,81,0,0.0,0,0,0,0,81,0,0,0,0,0,0,0,0,0,0,0,0,0,0,0,0,0,0.00
01293,,61.53,60.57,69.57,0,0.0,0,0.22,0,0,0,0,0,0,0,0,0,0,0,0,0,0,0,0,0,0,9,0.22,0.00
01311,,64.36,61.06,80.08,0.25,0.0,0,0,0,0,0,0,9,0,0,0,1.02,0,0,0,0,0,0,0,0,0,9,0,0.00
01317,,72.53,71.55,80.55,0,0.0,0,0.02,0,0,0,0,0,0,0,0,0,0,0,0,0,0,0,0,0,0,9,0.02,0.00
01319,,70.22,70.22,79.22,0,0.0,0,0,0,0,0,0,0,0,0,0,0,0,0,0,0,0,0,0,0,0,9,0,0.00
01334,,0,72,81,0,0.0,0,0,0,0,0,0,0,0,0,0,0,0,0,0,0,0,0,0,0,0,9,0,0.00
01336,,71.22,66.47,81,0,0.0,0,0,0,0,0,0,0,0,0,0,0.47,0,0,0,0,0,0,0,0,3,9,0,4.50
01351,,72.49,69.08,82.45,0,0.0,1.48,0,0,0,0,0,0,0,0,0,2,0,0,0,0,0,0,0,0,2.37,9,0,0.00
01354,,65.02,63.27,80.52,0,0.0,0,0,0,0,0,0,8,0,0,0,0.3,0,0,0,0,0,0,0,0,0,9,0,0.00
01355,,72.26,71.04,80.04,0,0.0,0,0,0,0,0,0,0,0,0,0,0,0,0,0,0,0,0,0,0,0,9,0,0.00
01379,,82.33,79.05,87.05,0,0.0,0,0,0,0,0,0,0,0,0,0,0,0,0,0,0,0,0,0,0,0,8,0,0.00
01392,,66.21,62.51,80.51,0.06,0.0,0,0,0,0,0,0,0,0,0,0,0,0,0,0,0,0,0,0,0,0,9,0,9.00
01448,,72.24,71.24,81.49,0.12,0.0,0,0,0,0,0,0,0,0,0,0,0,0,0,0,0,0,0,0,0,1.25,9,0,0.00
01458,,72.34,69.04,78.04,0,0.0,0,0,0,0,0,0,0,0,0,0,0,0,0,0,0,0,0,0,0,0,9,0,0.00
01461,,74.58,71.59,80.59,0.01,0.0,0,0,0,0,0,0,0,0,0,0,0,0,0,0,0,0,0,0,0,0,9,2,0.00
01465,,75.3,71.3,80.3,0,0.0,0,0,0,0,0,0,0,0,0,0,0,0,0,0,0,0,0,0,0,0,9,0,0.00
01473,,76,72,81,0,0.0,0,0,0,0,0,0,0,0,0,0,0,0,0,0,0,0,0,0,0,0,9,0,0.00
01476,,74.56,70.56,79.56,0,0.0,0,0,0,0,0,0,0,0,0,0,0,0,0,0,0,0,0,0,0,0,9,0,0.00
01479,,72.49,71.19,80.19,0,0.0,0,0,0,0,0,0,0,0,0,0,0,0,0,0,0,0,0,0,0,0,9,0,0.00
01493,,66,62.3,81.45,0,0.0,1.05,0,0,0,0,0,0,0,0,0,2,0,0,0,0,0,0,0,0,3.45,9,0,4.50
01502,,47.3,45,81,0,0.0,0,0,0,27,0,0,0,0,0,0,0,0,0,0,0,0,0,0,0,0,9,0,0.00
01549,,56.3,56,79.56,0.3,0.0,0,0,0,0,0,0,16,0,0,0,0,0,0,0,0,0,0,0,0,0,9,0,0.00
01551,,70.48,70.48,79.48,0,0.0,0,0,0,0,0,0,0,0,0,0,0,0,0,0,0,0,0,0,0,0,9,0,0.00
01552,,37.3,35.59,71.59,0,0.0,0,0,0,0,0,0,0,0,0,0,0,27,0,0,0,0,0,0,0,0,9,0,0.00
01553,,0,0,81,0,0.0,0,0,0,0,81,0,0,0,0,0,0,0,0,0,0,0,0,0,0,0,0,0,0.00
01556,,66.38,62.38,71.38,0,0.0,0,0,0,0,0,0,0,0,0,0,0,0,0,0,0,0,0,0,0,0,9,0,0.00
01561,,73.43,70.11,79.11,0,0.0,0,0,0,0,0,0,0,0,0,0,0,0,0,0,0,0,0,0,0,0,9,0,0.00
01575,,0,0,81,0,0.0,0,0,0,0,0,81,0,0,0,0,0,0,0,0,0,0,0,0,0,0,0,0,0.00
01579,,75.25,71.25,80.25,0,0.0,0,0,0,0,0,0,0,0,0,0,0,0,0,0,0,0,0,0,0,0,9,0,0.00
01595,,65.57,62.49,80.49,0,0.0,0,0,0,0,0,0,0,0,0,0,0,0,0,0,0,0,0,0,0,0,9,0,9.00
01600,,75.5,72,81,0,0.0,0,0,0,0,0,0,0,0,0,0,0,0,0,0,0,0,0,0,0,0,9,0,0.00
01619,,58.54,58.24,80.25,0,0.0,0,0,0,0,0,0,0,0,0,0,0,0,0,0,0,0,0,0,0,0,9,0,13.50
01620,,73.05,71.05,80.05,0,0.0,0,0,0,0,0,0,0,0,0,0,0,0,0,0,0,0,0,0,0,0,9,0,0.00
01625,,75.51,71.51,80.51,0,0.0,0,0,0,0,0,0,0,0,0,0,0,0,0,0,0,0,0,0,0,0,9,0,0.00
01634,,74.14,71.14,82.34,0,0.0,1.06,0,0,0,0,0,0,0,0,0,0,0,0,0,0,0,0,0,0,2.2,9,0,0.00
01655,,54.57,51.57,62.57,0,0.0,0,0,0,0,0,0,0,0,0,0,2,0,0,0,0,0,0,0,0,0,9,0,0.00
01660,,24.39,23.44,77.05,3.55,0.0,0,0,0,0,0,0,0,0,0,0,0,0,0,0,36,0,0,0,0,0,9,0,9.00
01671,,70.46,69.46,81.11,0.35,0.0,0,0,0,0,0,0,0,0,0,0,1,0,0,0,0,0,0,0,0,1.25,9,0,0.00
01672,,72.15,71.42,80.42,0,0.0,0,0.06,0,0,0,0,0,0,0,0,0,0,0,0,0,0,0,0,0,0,9,0.06,0.00
01681,,73.05,69.05,80.05,0.35,0.0,0,0,0,0,0,0,0,0,0,0,2,0,0,0,0,0,0,0,0,0,9,0,0.00
01690,,73.07,71.07,80.28,0,0.0,0,0,0,0,0,0,0,0,0,0,0.21,0,0,0,0,0,0,0,0,0,9,0,0.00
01695,,0,0,9,0,0.0,0,0,0,0,0,0,0,0,0,0,0,0,0,0,0,0,0,0,0,0,9,0,0.00
01706,,74.03,71.33,85.28,0.22,0.0,0,0.38,0,0,0,0,0,0,0,0,0,0,0,0,0,0,0,0,0,4.55,9,0.38,0.00
01708,,0,72,81,0,0.0,0,0,0,0,0,0,0,0,0,0,0,0,0,0,0,0,0,0,0,0,9,0,0.00
01710,,51.26,51.07,71.48,9.06,0.0,0,0,0,0,0,0,12,0,0,0,0,0,0,0,0,0,0,0,0,0,9,0,0.00
01712,,73.15,71.45,81.45,0,0.0,0.54,0.26,0,0,0,0,0,0,0,0,0,0,0,0,0,0,0,0,0,1,9,0.26,0.00
01715,,76,72,81,0,0.0,0,0,0,0,0,0,0,0,0,0,0,0,0,0,0,0,0,0,0,0,9,0,0.00
01737,,72.16,71.57,80.57,0,0.0,0,0,0,0,0,0,0,0,0,0,0,0,0,0,0,0,0,0,0,0,9,0,0.00
01742,,0,0,81,0,0.0,0,0,0,0,81,0,0,0,0,0,0,0,0,0,0,0,0,0,0,0,0,0,0.00
01743,,76,72,81,0,0.0,0,0,0,0,0,0,0,0,0,0,0,0,0,0,0,0,0,0,0,0,9,0,0.00
01745,,71.06,71.06,83.15,0.31,0.0,0,0,0,0,0,0,0,0,0,0,0,0,0,0,0,0,0,0,0,3.09,9,0,0.00
01753,,66.3,63,81,0,0.0,0,0,0,0,0,0,0,0,0,0,0,0,0,0,0,0,0,0,0,0,9,0,9.00
01765,,47.3,45,81,0,0.0,0,0,0,0,0,0,0,0,0,0,0,27,0,0,0,0,0,0,0,0,9,0,0.00
01770,,55.59,53.58,80.58,0,0.0,0,0,0,0,0,0,0,0,0,0,0,0,0,0,0,0,0,0,0,0,9,0,18.00
01780,,76,72,81,0,0.0,0,0,0,0,0,0,0,0,0,0,0,0,0,0,0,0,0,0,0,0,9,0,0.00
01793,,0,0,45,36,0.0,0,0,0,0,0,0,0,0,0,0,0,0,0,0,0,0,0,0,0,0,9,0,36.00
01796,,69.45,65.45,81,0,0.0,0,0,0,0,0,0,6.15,0,0,0,0,0,0,0,0,0,0,0,0,0,9,0,0.00
01810,,67.28,65.53,76.53,0,0.0,0,0.28,0,0,0,0,0,0,0,0,2,0,0,0,0,0,0,0,0,0,9,0.28,0.00
01814,,75,71.59,80.59,0,0.0,0,0,0,0,0,0,0,0,0,0,0,0,0,0,0,0,0,0,0,0,9,0,0.00
01816,,71.31,71.31,81.56,0.16,0.0,0,0,0,0,0,0,0,0,0,0,0,0,0,0,0,0,0,0,0,1.25,9,0,0.00
01823,,61,60.3,80.3,0,0.0,0,0,0,0,0,0,0,0,0,0,2,0,0,0,0,0,0,0,0,0,9,0,9.00
01832,,75.25,71.25,80.25,0,0.0,0,0,0,0,0,0,0,0,0,0,0,0,0,0,0,0,0,0,0,0,9,0,0.00
01833,,86.17,70.53,85.25,0.05,0.0,0,0.02,0,0,0,0,0,0,0,0,1.02,0,0,0,0,0,0,0,0,4.3,9,0.02,0.00
01836,,62.08,59.08,72.38,3.51,0.0,0,0,0,0,0,0,0,0,0,0,0,0,0,0,0,0,0,0,0,0,9,0,4.50
01853,,0,72,81,0,0.0,0,0,0,0,0,0,0,0,0,0,0,0,0,0,0,0,0,0,0,0,9,0,0.00
01859,,75.28,71.28,80.28,0,0.0,0,0,0,0,0,0,0,0,0,0,0,0,0,0,0,0,0,0,0,0,9,0,0.00
01868,,35.29,35.29,80.29,0.31,0.0,0,0,0,0,0,0,0,0,0,0,0,0,0,27,0,0,0,0,0,0,9,0,9.00
01871,,0,0,81,0,0.0,0,0,0,0,0,0,0,0,0,0,0,0,0,0,0,0,0,0,0,0,9,0,72.00
01882,,41.29,54,81,0,0.0,0,0,0,0,0,0,0,0,0,0,0,0,0,0,0,0,0,0,0,0,9,0,18.00
01895,,76.3,70.09,79.09,0,0.0,0,0,0,0,0,0,0,0,0,0,0,0,0,0,0,0,0,0,0,0,9,0,0.00
01900,,29.15,28.45,39.4,32.04,0.0,0,0,0,0,0,0,0,0,0,0,1.55,0,0,0,0,0,0,0,0,0,9,0,0.00
01937,,0,72,81,0,0.0,0,0,0,0,0,0,0,0,0,0,0,0,0,0,0,0,0,0,0,0,9,0,0.00
01952,,42.05,35.07,80.07,0,0.0,0,0,0,0,0,0,0,0,0,0,0,0,0,0,0,0,0,0,0,6.3,9,0,36.00
01978,,0,72,81,0,0.0,0,0,0,0,0,0,0,0,0,0,0,0,0,0,0,0,0,0,0,0,9,0,0.00
01981,,66.3,63,72,0,0.0,0,0,0,0,0,0,0,0,0,0,0,0,0,0,0,0,0,0,0,0,9,0,0.00
01987,,71.17,67.47,81,0,0.0,0,0,0,0,0,0,0,0,0,0,0,0,0,0,0,0,0,0,0,0,9,0,4.50
01989,,66.11,66.06,80.37,0.38,0.0,0,0,0,0,0,0,0,0,0,0,0,0,0,0,4.3,0,0,0,0,1.01,9,0,0.00
02042,,80.43,72,80,0,0.0,0,0,0,0,0,0,0,0,0,0,0,0,0,0,0,0,0,0,0,0,8,0,0.00
02096,,28.51,27.21,80.57,0.03,0.0,0,0,0,0,0,0,0,0,0,0,0,0,0,0,0,0,0,0,0,0,9,0,9.00
02100,,65.55,62.25,63,0,0.0,0,0,0,0,0,0,0,0,0,0,0,0,0,0,0,0,0,0,0,0,9,0,0.00
02125,,67.3,65.2,80.44,0,0.0,0,0,0,0,0,0,0,0,0,0,2,0,0,0,0,0,0,0,0,0,9,0,4.50
02141,,0,72,81,0,0.0,0,0,0,0,0,0,0,0,0,0,0,0,0,0,0,0,0,0,0,0,9,0,0.00
02154,,63.59,62.46,78.18,4.19,0.0,0,0,0,0,0,0,0,0,0,0,2,0,0,0,0,0,0,0,0,4.32,9,0,0.00
02155,,0,36,81,0,0.0,0,0,0,0,0,0,0,0,0,0,0,0,0,0,0,0,0,0,0,0,9,0,36.00
02174,,71.23,71.22,80.22,0,0.0,0,0,0,0,0,0,0,0,0,0,0,0,0,0,0,0,0,0,0,0,9,0,0.00
02213,,66.3,63,81,0,0.0,0,0,0,0,0,0,0,0,0,0,0,0,0,0,0,0,0,0,0,0,9,0,9.00
02225,,34.4,32.4,41.4,0,0.0,0,0,0,0,0,0,0,0,0,0,0,0,0,0,0,0,0,0,0,0,9,0,0.00
02244,,76,72,81,0,0.0,0,0,0,0,0,0,0,0,0,0,0,0,0,0,0,0,0,0,0,0,9,0,0.00
02250,,75.58,71.58,80.58,0,0.0,0,0,0,0,0,0,0,0,0,0,0,0,0,0,0,0,0,0,0,0,9,0,0.00
02264,,76,72,81,0,0.0,0,0,0,0,0,0,0,0,0,0,0,0,0,0,0,0,0,0,0,0,9,0,0.00
02268,,0,36,81,0,0.0,0,0,0,0,45,0,0,0,0,0,0,0,0,0,0,0,0,0,0,0,0,0,0.00
02297,,38,36,81,0,0.0,0,0,0,0,0,0,0,0,0,0,0,0,0,0,0,0,0,0,0,0,9,0,36.00
02302,,38,36,81,0,0.0,0,0,0,0,0,0,0,0,0,0,0,36,0,0,0,0,0,0,0,0,9,0,0.00
02315,,76,72,81,0,0.0,0,0,0,0,0,0,0,0,0,0,0,0,0,0,0,0,0,0,0,0,9,0,0.00
02325,,71,70.58,79.58,0,0.0,0,0,0,0,0,0,0,0,0,0,0,0,0,0,0,0,0,0,0,0,9,0,0.00
02328,,0,0,45,36,0.0,0,0,0,0,0,36,0,0,0,0,0,0,0,0,0,0,0,0,0,0,9,0,0.00
02341,,74.09,71.3,81,0,0.0,0,0,0,0,0,0,0,0,0,0,0.3,0,0,0,0,0,0,0,0,0,9,0,0.00
02343,,73.1,68.33,79.21,0,0.0,0,0,0,0,0,0,0,0,0,0,1.48,0,0,0,0,0,0,0,0,5,9,0,0.00
02351,,72.19,71.19,80.19,0,0.0,0,0,0,0,0,0,0,0,0,0,0,0,0,0,0,0,0,0,0,0,9,0,0.00
02353,,35.39,33.39,78.39,2.21,0.0,0,0,0,0,0,0,0,0,0,0,0,0,0,0,0,0,0,0,0,0,9,0,36.00
02356,,0,63,81,0,0.0,0,0,0,0,0,0,0,0,0,0,0,0,0,0,0,0,0,0,0,0,9,0,9.00
02368,,76,72,81,0,0.0,0,0,0,0,0,0,0,0,0,0,0,0,0,0,0,0,0,0,0,0,9,0,0.00
02375,,63.29,62.57,71.57,0,0.0,0,0,0,0,0,0,0,0,0,0,0,0,0,0,0,0,0,0,0,0,9,0,0.00
02377,,75.04,72,81,0,0.0,0,0.28,0,0,0,0,0,0,0,0,0,0,0,0,0,0,0,0,0,0,9,0.28,0.00
02380,,0,72,81,0,0.0,0,0,0,0,0,0,0,0,0,0,0,0,0,0,0,0,0,0,0,0,9,0,0.00
02385,,0,36,81,0,0.0,0,0,0,0,0,0,0,0,0,0,0,0,0,0,0,0,0,0,0,0,9,0,36.00
02390,,45.23,44.53,80.53,0.04,0.0,0,0.17,0,0,0,0,0,0,0,0,0,27,0,0,0,0,0,0,0,0,9,0.17,0.00
02394,,66.38,66.11,84.51,0,0.0,1.46,0,0,0,0,0,0,0,0,0,0.42,0,0,0,0,0,0,0,0,4.28,9,0,4.50
02402,,0,72,81,0,0.0,0,0,0,0,0,0,0,0,0,0,0,0,0,0,0,0,0,0,0,0,9,0,0.00
02419,,76,72,81,0,0.0,0,0,0,0,0,0,0,0,0,0,0,0,0,0,0,0,0,0,0,0,9,0,0.00
02422,,82.15,78.4,78.4,0,0.0,0,0,0,0,0,0,0,0,0,0,0,0,0,0,0,0,0,0,0,0,0,0,0.00
02428,,71.59,69.53,80.53,0,0.0,0,0,0,0,0,0,0,0,0,0,2,0,0,0,0,0,0,0,0,0,9,0,0.00
02447,,75.52,71.52,80.52,0,0.0,0,0.28,0,0,0,0,0,0,0,0,0,0,0,0,0,0,0,0,0,0,9,0.28,0.00
02452,,57.59,54.29,80.58,0,0.0,0,0,0,0,0,0,8.29,0,0,0,0,0,0,0,0,0,0,0,0,0,9,0,9.00
02455,,75.25,71.53,80.53,0,0.0,0,0,0,0,0,0,0,0,0,0,0,0,0,0,0,0,0,0,0,0,9,0,0.00
02459,,0,0,81,0,0.0,0,0,0,0,81,0,0,0,0,0,0,0,0,0,0,0,0,0,0,0,0,0,0.00
02467,,0,63,81,0,0.0,0,0,0,0,0,0,0,0,0,0,0,0,0,0,0,0,0,0,0,0,9,0,9.00
02470,,71.47,71.24,84.54,0,0.0,3.56,0,0,0,0,0,0,0,0,0,0,0,0,0,0,0,0,0,0,4.3,9,0,0.00
02474,,73.45,70.44,80.57,0,0.0,0,0,0,0,0,0,0,0,0,0,1.13,0,0,0,0,0,0,0,0,0,9,0,0.00
02481,,70.47,70.17,80.15,0.26,0.0,0,0,0,0,0,0,0,0,0,0,0.58,0,0,0,0,0,0,0,0,0,9,0,0.00
02487,,47.21,43.32,70.32,0,0.0,0,0.09,0,0,18,0,0,0,0,0,0,0,0,0,0,0,0,0,0,0,9,0.09,0.00
02495,,70.43,67.11,80.38,0.15,0.0,0,0,0,0,0,0,0,0,0,0,0,0,0,0,0,0,0,0,0,0,9,0,4.50
02496,,79.35,76.35,84.35,0,0.0,0,0,0,0,0,0,0,0,0,0,0,0,0,0,0,0,0,0,0,0,8,0,0.00
02517,,74.27,71.27,80.27,0,0.0,0,0,0,0,0,0,0,0,0,0,0,0,0,0,0,0,0,0,0,0,9,0,0.00
02521,,76,72,81,0,0.0,0,0,0,0,0,0,0,0,0,0,0,0,0,0,0,0,0,0,0,0,9,0,0.00
02522,,38.17,35.14,80.14,0.46,0.0,0,0,0,0,0,0,0,0,0,0,0,0,0,0,0,0,0,0,0,0,9,0,36.00
02525,,21.01,20.01,65.01,15.59,0.0,0,0,0,0,0,0,0,0,0,0,0,0,0,0,0,0,0,0,0,0,9,0,36.00
02528,,0,72,81,0,0.0,0,0,0,0,0,0,0,0,0,0,0,0,0,0,0,0,0,0,0,0,9,0,0.00
02530,,73.59,71.48,80.48,0,0.0,0,0.42,0,0,0,0,0,0,0,0,0,0,0,0,0,0,0,0,0,0,9,0.42,0.00
02536,,24.53,23.23,68.23,12.37,0.0,0,0,0,0,0,0,0,0,0,0,0,0,0,0,0,0,0,0,0,0,9,0,36.00
02551,,84.51,80.21,80.59,0.01,0.0,0,0,0,0,0,0,0,0,0,0,0.38,0,0,0,0,0,0,0,0,0,0,0,0.00
02555,,0,72,81,0,0.0,0,0,0,0,0,0,0,0,0,0,0,0,0,0,0,0,0,0,0,0,9,0,0.00
02564,,0,72,81,0,0.0,0,0,0,0,0,0,0,0,0,0,0,0,0,0,0,0,0,0,0,0,9,0,0.00
02565,,37.24,34.49,79.49,1.11,0.0,0,0,0,0,0,0,0,0,0,0,0,0,0,0,0,0,0,0,0,0,9,0,36.00
02596,,0,0,81,0,0.0,0,0,0,0,0,81,0,0,0,0,0,0,0,0,0,0,0,0,0,0,0,0,0.00
02601,,0,0,81,0,0.0,0,0,0,0,81,0,0,0,0,0,0,0,0,0,0,0,0,0,0,0,0,0,0.00
02614,,0,72,81,0,0.0,0,0,0,0,0,0,0,0,0,0,0,0,0,0,0,0,0,0,0,0,9,0,0.00
02619,,0,72,81,0,0.0,0,0,0,0,0,0,0,0,0,0,0,0,0,0,0,0,0,0,0,0,9,0,0.00
02646,,75.53,71.53,80.53,0,0.0,0,0,0,0,0,0,0,0,0,0,0,0,0,0,0,0,0,0,0,0,9,0,0.00
02662,,74.07,70.07,82.26,0,0.0,0.25,0,0,0,0,0,0,0,0,0,1.53,0,0,0,0,0,0,0,0,1.26,9,0,0.00
02665,,75.47,71.47,71.47,0,0.0,0,0,0,0,0,0,0,0,0,0,0,0,0,0,0,0,0,0,0,0,0,0,0.00
02669,,0,72,81,0,0.0,0,0,0,0,0,0,0,0,0,0,0,0,0,0,0,0,0,0,0,0,9,0,0.00
02670,,76,72,81,0,0.0,0,0,0,0,0,0,0,0,0,0,0,0,0,0,0,0,0,0,0,0,9,0,0.00
02673,,0,72,81,0,0.0,0,0,0,0,0,0,0,0,0,0,0,0,0,0,0,0,0,0,0,0,9,0,0.00
02675,,76.53,70.47,78.47,0,0.0,0,0,0,0,0,0,0,0,0,0,0,0,0,0,0,0,0,0,0,0,8,0,0.00
02679,,0,72,81,0,0.0,0,0,0,0,0,0,0,0,0,0,0,0,0,0,0,0,0,0,0,0,9,0,0.00
02683,,0,36,81,0,0.0,0,0,0,0,0,0,0,0,0,0,0,0,0,0,0,0,0,0,0,0,9,0,36.00
02687,,76,72,81,0,0.0,0,0,0,0,0,0,0,0,0,0,0,0,0,0,0,0,0,0,0,0,9,0,0.00
02691,,40.17,36,81,0,0.0,0,0,0,0,0,0,0,0,0,0,0,0,0,0,0,0,0,0,0,0,9,0,36.00
02694,,0,63,81,0,0.0,0,0,0,0,0,0,0,0,0,0,0,9,0,0,0,0,0,0,0,0,9,0,0.00
02697,,76,72,81,0,0.0,0,0,0,0,0,0,0,0,0,0,0,0,0,0,0,0,0,0,0,0,9,0,0.00
02706,,76,72,81,0,0.0,0,0,0,0,0,0,0,0,0,0,0,0,0,0,0,0,0,0,0,0,9,0,0.00
02714,,0,72,81,0,0.0,0,0,0,0,0,0,0,0,0,0,0,0,0,0,0,0,0,0,0,0,9,0,0.00
02715,,75.55,71.55,80.55,0,0.0,0,0,0,0,0,0,0,0,0,0,0,0,0,0,0,0,0,0,0,0,9,0,0.00
02730,,0,36,81,0,0.0,0,0,0,0,0,0,0,0,0,0,0,0,0,0,0,0,0,0,0,0,9,0,36.00
02731,,0,72,81,0,0.0,0,0,0,0,0,0,0,0,0,0,0,0,0,0,0,0,0,0,0,0,9,0,0.00
02732,,0,54,81,0,0.0,0,0,0,0,0,0,0,0,0,0,0,0,0,0,0,0,0,0,0,0,9,0,18.00
02738,,0,36,81,0,0.0,0,0,0,0,0,0,0,0,0,0,0,0,0,0,0,0,0,0,0,0,9,0,36.00
02751,,0,72,81,0,0.0,0,0,0,0,0,0,0,0,0,0,0,0,0,0,0,0,0,0,0,0,9,0,0.00
02753,,0,72,81,0,0.0,0,0,0,0,0,0,0,0,0,0,0,0,0,0,0,0,0,0,0,0,9,0,0.00
02754,,0,36,81,0,0.0,0,0,0,0,0,0,0,0,0,0,0,0,0,0,0,0,0,0,0,0,9,0,36.00
02756,,0,72,81,0,0.0,0,0,0,0,0,0,0,0,0,0,0,0,0,0,0,0,0,0,0,0,9,0,0.00
02768,,0,63,81,0,0.0,0,0,0,0,0,0,0,0,0,0,0,0,0,0,0,0,0,0,0,0,9,0,9.00
02771,,0,36,81,0,0.0,0,0,0,0,0,0,0,0,0,0,0,0,0,0,0,0,0,0,0,0,9,0,36.00
02772,,0,72,81,0,0.0,0,0,0,0,0,0,0,0,0,0,0,0,0,0,0,0,0,0,0,0,9,0,0.00
02773,,0,0,81,0,0.0,0,0,0,0,0,81,0,0,0,0,0,0,0,0,0,0,0,0,0,0,0,0,0.00
02780,,66.26,62.56,81.47,0,0.0,0,0,0,0,0,0,0,0,0,0,0,0,0,0,0,0,0,0,0,0.51,9,0,9.00
02795,,75.59,71.59,80.59,0,0.0,0,0,0,0,0,0,0,0,0,0,0,0,0,0,0,0,0,0,0,0,9,0,0.00
02802,,75.14,71.14,80.44,0,0.0,0,0,0,0,0,0,0,0,0,0,0.3,0,0,0,0,0,0,0,0,0.59,9,0,0.00
02803,,29.43,27,81,0,0.0,0,0,0,0,0,0,0,0,0,0,0,0,0,0,0,0,0,0,0,0,9,0,45.00
02805,,0,36,81,0,0.0,0,0,0,0,0,0,0,0,0,0,0,0,0,0,0,0,0,0,0,0,9,0,36.00
02807,,76,72,81,0,0.0,0,0,0,0,0,0,0,0,0,0,0,0,0,0,0,0,0,0,0,0,9,0,0.00
02808,,37.57,35.57,80.57,0.03,0.0,0,0,0,0,0,0,0,0,0,0,0,0,0,0,0,0,0,0,0,0,9,0,36.00
02810,,76,72,81,0,0.0,0,0,0,0,0,0,0,0,0,0,0,0,0,0,0,0,0,0,0,0,9,0,0.00
02816,,38.17,35.59,80.59,0.01,0.0,0,0,0,0,0,0,0,0,0,0,0,0,0,0,0,0,0,0,0,0,9,0,45.00
02826,,0,63,81,0,0.0,0,0,0,0,0,0,0,0,0,0,0,0,0,0,0,0,0,0,0,0,9,0,9.00
02827,,75.44,71.44,81.32,0.08,0.0,0,0,0,0,0,0,0,0,0,0,0,0,0,0,0,0,0,0,0,0.48,9,0,0.00
02828,,74.36,70.36,79.36,0,0.0,0,0,0,0,0,0,0,0,0,0,0,0,0,0,0,0,0,0,0,0,9,0,0.00
02829,,0,0,9,0,0.0,0,0,0,0,0,0,0,0,0,0,0,0,0,0,0,0,0,0,0,0,9,0,0.00
02831,,75.53,71.53,80.53,0,0.0,0,0,0,0,0,0,0,0,0,0,0,0,0,0,0,0,0,0,0,0,9,0,0.00
02832,,0,72,81,0,0.0,0,0,0,0,0,0,0,0,0,0,0,0,0,0,0,0,0,0,0,0,9,0,0.00
02833,,76,72,81,0,0.0,0,0,0,0,0,0,0,0,0,0,0,0,0,0,0,0,0,0,0,0,9,0,0.00
02836,,0,72,81,0,0.0,0,0,0,0,0,0,0,0,0,0,0,0,0,0,0,0,0,0,0,0,9,0,0.00
02839,,53.59,51.29,80.09,0.38,0.0,0,0,0,0,0,0,0,0,0,0,2,0,0,0,0,0,0,0,0,0,9,0,18.00
02840,,0,36,81,0,0.0,0,0,0,0,0,0,0,0,0,0,0,0,0,0,0,0,0,0,0,0,9,0,36.00
02841,,66.3,63,81,0,0.0,0,0,0,0,0,0,0,0,0,0,0,0,0,0,0,0,0,0,0,0,9,0,9.00
02842,,0,36,81,0,0.0,0,0,0,0,0,0,0,0,0,0,0,0,0,0,0,0,0,0,0,0,9,0,36.00
02845,,0,72,81,0,0.0,0,0,0,0,0,0,0,0,0,0,0,0,0,0,0,0,0,0,0,0,9,0,0.00
02847,,31.17,30.01,48.58,21.46,0.0,0,0,0,0,0,0,0,0,0,0,0.57,0,0,0,0,0,0,0,0,0,9,0,9.00
02849,,73.27,69.27,80.27,0.32,0.0,0,0,0,0,0,0,0,0,0,0,2,0,0,0,0,0,0,0,0,0,9,0,0.00
02850,,0,36,81,0,0.0,0,0,0,0,0,0,0,0,0,0,0,0,0,0,0,0,0,0,0,0,9,0,36.00
02851,,70.28,65.07,74.07,0,0.0,0,0,0,0,0,0,0,0,0,0,0,0,0,0,0,0,0,0,0,0,9,0,0.00
02853,,73.34,71.43,80.43,0,0.0,0,0,0,0,0,0,0,0,0,0,0,0,0,0,0,0,0,0,0,0,9,0,0.00
02854,,76,72,81,0,0.0,0,0,0,0,0,0,0,0,0,0,0,0,0,0,0,0,0,0,0,0,9,0,0.00
02865,,0,63,81,0,0.0,0,0,0,0,0,0,0,0,0,0,0,0,0,0,0,0,0,0,0,0,9,0,9.00
02866,,75,71,81,0,0.0,0,0,0,0,0,0,0,0,0,0,1,0,0,0,0,0,0,0,0,0,9,0,0.00
02867,,75.54,71.54,80.54,0.05,0.0,0,0,0,0,0,0,0,0,0,0,0,0,0,0,0,0,0,0,0,0,9,1,0.00
02873,,76,72,81,0,0.0,0,0,0,0,0,0,0,0,0,0,0,0,0,0,0,0,0,0,0,0,9,0,0.00
02887,,38.38,35.23,80.23,0.37,0.0,0,0,0,0,0,0,0,0,0,0,0,0,0,0,0,0,0,0,0,0,9,0,36.00
02890,,0,0,81,0,0.0,0,0,0,0,0,81,0,0,0,0,0,0,0,0,0,0,0,0,0,0,0,0,0.00
02900,,0,0,81,0,0.0,0,0,0,0,0,0,0,0,0,0,0,0,0,0,0,0,0,0,0,0,9,0,72.00
02902,,75.3,71.3,71.3,0,0.0,0,0,0,0,0,0,0,0,0,0,0,0,0,0,0,0,0,0,0,0,9,0,0.00
02904,,37.51,35.51,80.51,0.09,0.0,0,0,0,0,0,0,0,0,0,0,0,0,0,0,0,0,0,0,0,0,9,0,36.00
02906,,80.19,72,81,0,0.0,0,0,0,0,0,0,0,0,0,0,0,0,0,0,0,0,0,0,0,0,9,0,0.00
02914,,8.59,8.59,17.59,0,0.0,0,0,0,0,0,0,0,0,0,0,0,0,0,0,0,0,0,0,0,0,9,0,0.00
02917,,0,72,81,0,0.0,0,0,0,0,0,0,0,0,0,0,0,0,0,0,0,0,0,0,0,0,9,0,0.00
02918,,0,36,81,0,0.0,0,0,0,0,0,0,0,0,0,0,0,0,0,0,0,0,0,0,0,0,9,0,36.00
02926,,0,72,81,0,0.0,0,0,0,0,0,0,0,0,0,0,0,0,0,0,0,0,0,0,0,0,9,0,0.00
02927,,0,72,81,0,0.0,0,0,0,0,0,0,0,0,0,0,0,0,0,0,0,0,0,0,0,0,9,0,0.00
02930,,73.54,69.54,80.52,0,5.5,0,0,0,0,0,0,0,0,0,0,1.58,0,0,0,0,0,0,0,0,0,9,0,0.00
02931,,37.59,35.59,80.59,0.01,0.0,0,0,0,0,0,0,0,0,0,0,0,0,0,0,0,0,0,0,0,0,9,0,36.00
02932,,37.56,35.56,80.56,0.04,0.0,0,0,0,0,0,0,0,0,0,0,0,0,0,0,0,0,0,0,0,0,9,0,36.00
02934,,58.43,55.43,73.43,0,0.0,0,0,0,0,0,0,0,0,0,0,0,0,0,0,0,0,0,0,0,0,9,0,9.00
02935,,0,54,81,0,0.0,0,0,0,0,0,0,0,0,0,0,0,0,0,0,0,0,0,0,0,0,9,0,18.00
02936,,76,72,81,0,0.0,0,0,0,0,0,0,0,0,0,0,0,0,0,0,0,0,0,0,0,0,9,0,0.00
02939,,0,36,81,0,0.0,0,0,0,0,0,0,0,0,0,0,0,0,0,0,0,0,0,0,0,0,9,0,36.00
02940,,0,36,81,0,0.0,0,0,0,0,0,0,0,0,0,0,0,0,0,0,0,0,0,0,0,0,9,0,36.00
02941,,0,72,81,0,0.0,0,0,0,0,0,0,0,0,0,0,0,0,0,0,0,0,0,0,0,0,9,0,0.00
02942,,76,72,81,0,0.0,0,0,0,0,0,0,0,0,0,0,0,0,0,0,0,0,0,0,0,0,9,0,0.00
02943,,0,54,81,0,0.0,0,0,0,0,0,0,0,0,0,0,0,0,0,0,0,0,0,0,0,0,9,0,18.00
02944,,0,36,81,0,0.0,0,0,0,0,0,0,0,0,0,0,0,0,0,0,0,0,0,0,0,0,9,0,36.00
02945,,0,36,81,0,0.0,0,0,0,0,0,0,0,0,0,0,0,0,0,0,0,0,0,0,0,0,9,0,36.00
02946,,0,36,81,0,0.0,0,0,0,0,0,0,0,0,0,0,0,0,0,0,0,0,0,0,0,0,9,0,36.00
02947,,0,63,81,0,0.0,0,0,0,0,0,0,0,0,0,0,0,0,0,0,0,0,0,0,0,0,9,0,9.00
02949,,0,45,81,0,0.0,0,0,0,0,0,0,0,0,0,0,0,0,0,0,0,0,0,0,0,0,9,0,27.00
02951,,0,63,81,0,0.0,0,0,0,0,0,0,0,0,0,0,0,0,0,0,9,0,0,0,0,0,9,0,0.00
02952,,0,54,81,0,0.0,0,0,0,0,0,0,0,0,0,0,0,9,0,0,0,0,0,0,0,0,9,0,9.00
02953,,0,72,81,0,0.0,0,0,0,0,0,0,0,0,0,0,0,0,0,0,0,0,0,0,0,0,9,0,0.00
02954,,0,36,81,0,0.0,0,0,0,0,0,0,0,0,0,0,0,0,0,0,0,0,0,0,0,0,9,0,36.00
02955,,0,36,81,0,0.0,0,0,0,0,0,0,0,0,0,0,0,0,0,0,0,0,0,0,0,0,9,0,36.00
02956,,0,72,81,0,0.0,0,0,0,0,0,0,0,0,0,0,0,0,0,0,0,0,0,0,0,0,9,0,0.00
02957,,0,36,81,0,0.0,0,0,0,0,0,0,0,0,0,0,0,0,0,0,0,0,0,0,0,0,9,0,36.00
02958,,0,72,81,0,0.0,0,0,0,0,0,0,0,0,0,0,0,0,0,0,0,0,0,0,0,0,9,0,0.00
02961,,0,63,81,0,0.0,0,0,0,0,0,0,0,0,0,0,0,0,0,0,0,0,0,0,0,0,9,0,9.00
02968,,68.19,62.53,80.53,0,0.0,0,0,9,0,0,0,0,0,0,0,0,0,0,0,0,0,0,0,0,0,9,0,0.00
02969,,48.25,44.1,80.1,0.5,0.0,0,0,9,0,0,0,0,0,0,0,0,0,0,0,0,0,0,0,0,0,9,0,18.00
02975,,0,72,81,0,0.0,0,0,0,0,0,0,0,0,0,0,0,0,0,0,0,0,0,0,0,0,9,0,0.00
02976,,54.42,51.42,79.42,0.36,0.0,0,0,0,0,0,0,0,0,0,0,1,0,0,0,0,0,0,0,0,0,9,0,18.00
02979,,0,72,81,0,0.0,0,0,0,0,0,0,0,0,0,0,0,0,0,0,0,0,0,0,0,0,9,0,0.00
02985,,74.14,71.44,80.44,0,0.0,0,8,0,0,0,0,0,0,0,0,0,0,0,0,0,0,0,0,0,0,9,8,0.00
02986,,0,36,81,0,0.0,0,0,0,0,0,0,0,0,0,0,0,0,0,0,0,0,0,0,0,0,9,0,36.00
02988,,0,72,81,0,0.0,0,0,0,0,0,0,0,0,0,0,0,0,0,0,0,0,0,0,0,0,9,0,0.00
02990,,0,72,81,0,0.0,0,0,0,0,0,0,0,0,0,0,0,0,0,0,0,0,0,0,0,0,9,0,0.00
02991,,0,72,81,0,0.0,0,0,0,0,0,0,0,0,0,0,0,0,0,0,0,0,0,0,0,0,9,0,0.00
02992,,0,63,81,0,0.0,0,0,0,0,0,0,0,0,0,0,0,0,0,0,0,0,0,0,0,0,9,0,9.00
02993,,0,72,81,0,0.0,0,0,0,0,0,0,0,0,0,0,0,0,0,0,0,0,0,0,0,0,9,0,0.00
02994,,0,72,81,0,0.0,0,0,0,0,0,0,0,0,0,0,0,0,0,0,0,0,0,0,0,0,9,0,0.00
02995,,72.21,67,80.3,0,0.0,0,0,4.3,0,0,0,0,0,0,0,0,0,0,0,0,0,0,0,0,0,9,0,0.00
02996,,0,72,81,0,0.0,0,0,0,0,0,0,0,0,0,0,0,0,0,0,0,0,0,0,0,0,9,0,0.00
03004,,75.21,71.21,80.21,0,0.0,0,0,0,0,0,0,0,0,0,0,0,0,0,0,0,0,0,0,0,0,9,0,0.00
03006,,0,72,81,0,0.0,0,0,0,0,0,0,0,0,0,0,0,0,0,0,0,0,0,0,0,0,9,0,0.00
03007,,0,36,81,0,0.0,0,0,0,0,0,0,0,0,0,0,0,0,0,0,0,0,0,0,0,0,9,0,36.00
03020,,76,72,81,0,0.0,0,0,0,0,0,0,0,0,0,0,0,0,0,0,0,0,0,0,0,0,9,0,0.00
03022,,60.5,57.33,80.03,0,0.0,0,0,13.3,0,0,0,0,0,0,0,0,0,0,0,0,0,0,0,0,0,9,0,0.00
03023,,0,72,81,0,0.0,0,0,0,0,0,0,0,0,0,0,0,0,0,0,0,0,0,0,0,0,9,0,0.00
03026,,50.22,46.39,55.39,0,0.0,0,8.31,0,0,0,0,0,0,0,0,0,0,0,0,0,0,0,0,0,0,9,8.31,0.00
03028,,80.36,71.55,79.55,0,0.0,0,0,0,0,0,0,0,0,0,0,0,0,0,0,0,0,0,0,0,0,8,0,0.00
03029,,74.38,71.59,79.59,0,0.0,0,0,0,0,0,0,0,0,0,0,0,0,0,0,0,0,0,0,0,0,8,0,0.00
03030,,98.05,90.05,112.05,0,0.0,0.21,0,0,0,0,0,0,0,0,0,0,0,0,0,0,0,0,0,0,0,11,0,9.00
03032,,71.59,71.46,80.46,0,0.0,0,8.18,0,0,0,0,0,0,0,0,0,0,0,0,0,0,0,0,0,0,9,8.18,0.00
03033,,76,72,81,0,0.0,0,0,0,0,0,0,0,0,0,0,0,0,0,0,0,0,0,0,0,0,9,0,0.00
03034,,0,0,81,0,0.0,0,0,72,0,0,0,0,0,0,0,0,0,0,0,0,0,0,0,0,0,9,0,0.00
03036,,71.29,71.28,80.28,0,0.0,0,8,0,0,0,0,0,0,0,0,0,0,0,0,0,0,0,0,0,0,9,8,0.00
03037,,117.14,107.14,118.14,0,0.0,0,0,0,0,0,0,0,0,0,0,0,0,0,0,0,0,0,0,0,0,11,0,0.00
03038,,14.04,13.3,22.3,0,0.0,0,0,0,0,0,0,0,0,0,0,0,0,0,0,0,0,0,0,0,0,9,0,0.00
03039,,0,72,81,0,0.0,0,0,0,0,0,0,0,0,0,0,0,0,0,0,0,0,0,0,0,0,9,0,0.00
03040,,38,36,36,0,0.0,0,0,0,0,0,0,0,0,0,0,0,0,0,0,0,0,0,0,0,0,0,0,0.00
20002,,0,36,81,0,0.0,0,0,0,0,0,0,0,0,0,0,0,0,0,0,0,0,0,0,0,0,9,0,36.00
20010,,0,72,81,0,0.0,0,0,0,0,0,0,0,0,0,0,0,0,0,0,0,0,0,0,0,0,9,0,0.00
20013,,0,36,81,0,0.0,0,0,0,0,0,0,0,0,0,0,0,0,0,0,0,0,0,0,0,0,9,0,36.00
20025,,0,63,81,0,0.0,0,0,0,0,0,0,0,0,0,0,0,0,0,0,0,0,0,0,0,0,9,0,9.00
20034,,0,0,81,0,0.0,0,0,0,0,0,81,0,0,0,0,0,0,0,0,0,0,0,0,0,0,0,0,0.00
20036,,0,72,81,0,0.0,0,0,0,0,0,0,0,0,0,0,0,0,0,0,0,0,0,0,0,0,9,0,0.00
20039,,0,72,81,0,0.0,0,0,0,0,0,0,0,0,0,0,0,0,0,0,0,0,0,0,0,0,9,0,0.00
20042,,0,45,81,0,0.0,0,0,0,0,0,0,0,0,0,0,0,0,0,0,0,0,0,0,0,0,9,0,27.00
20043,,0,36,81,0,0.0,0,0,0,0,0,0,0,0,0,0,0,0,0,0,0,0,0,0,0,0,9,0,36.00
20044,,0,72,81,0,0.0,0,0,0,0,0,0,0,0,0,0,0,0,0,0,0,0,0,0,0,0,9,0,0.00
20045,,0,72,81,0,0.0,0,0,0,0,0,0,0,0,0,0,0,0,0,0,0,0,0,0,0,0,9,0,0.00
20047,,0,36,81,0,0.0,0,0,0,0,0,0,0,0,0,0,0,0,0,0,0,0,0,0,0,0,9,0,36.00
20049,,0,36,81,0,0.0,0,0,0,0,0,0,0,0,0,0,0,0,0,0,0,0,0,0,0,0,9,0,36.00
20050,,0,36,81,0,0.0,0,0,0,0,0,0,0,0,0,0,0,0,0,0,0,0,0,0,0,0,9,0,36.00
20051,,0,54,81,0,0.0,0,0,0,0,0,0,0,0,0,0,0,0,0,0,0,0,0,0,0,0,9,0,18.00
20053,,0,72,81,0,0.0,0,0,0,0,0,0,0,0,0,0,0,0,0,0,0,0,0,0,0,0,9,0,0.00
20054,,0,72,81,0,0.0,0,0,0,0,0,0,0,0,0,0,0,0,0,0,0,0,0,0,0,0,9,0,0.00
20055,,0,72,81,0,0.0,0,0,0,0,0,0,0,0,0,0,0,0,0,0,0,0,0,0,0,0,9,0,0.00
"Ce document pouvant comporter des données à caractère personnel, l'utilisateur s'engage à ce que sa diffusion, son utilisation et son archivage respectent les dispositions en vigueur concernant la protection des données.",,,,,,,,,,,,,,,,,,,,,,,,,,,,,0
