,HS JANV-DEC 2022,,,,,,,,,,,,,,,,,
,,,,,,,,,,,,,,,,,,
Matricule,Ancienneté,Date d'ancienneté,N-J-W,HEURES TRAVAILLES,taux horaire,Sal_ Brut,HSUP75,NBREHS75,HSUP100,NBREHS100,TOTAL COST,TOTAL HS,DIRECTION II,Direction,Sous-service,Section analytique,Site,Emploi type
00007,33.67,6/1/1989,259.50,2098.39,119.908,,180.535,10.070,,,180.535,10.070,INDUS,011,28,DIR-INDUS,KAL,MOI
00011,29.77,4/11/1993,251.50,1828.31,33.278,,,,,,0.000,0.000,INDUS,011,31,EHS,KAL,EHS-MOI
00013,33.42,9/1/1989,264.00,2040.13,119.022,,,,,,0.000,0.000,GA,001,1,DG,LAC,
00041,28.24,11/1/1994,260.50,2179.61,77.442,,133.535,10.730,1551.568,109.830,1685.103,120.560,INDUS,004,15,WAREHOUSE,KAL,MAG
00042,22.81,4/1/2000,264.00,2043.95,161.586,,,,,,0.000,0.000,GA,002,38,DAF,KAL,
00075,22.47,8/4/2000,262.00,2108.31,92.684,,,,,,0.000,0.000,INDUS,011,28,DIR-INDUS,KAL,MOI
00086,12.56,6/22/2010,238.00,1884.88,42.897,,,,,,0.000,0.000,INDUS,009,32,CQ,KAL,
00096,30.08,1/1/1993,262.00,2125.70,108.532,,349.462,19.500,280.397,14.250,629.859,33.750,INDUS,011,28,DIR-INDUS,KAL,MOI
00107,22.19,11/14/2000,263.00,2111.09,100.207,,168.528,11.000,,,168.528,11.000,INDUS,011,28,FABRIQUANT,KAL,MOD
00112,22.14,12/1/2000,264.00,2147.00,361.542,,,,,,0.000,0.000,FOE,013,9,LINE_12,LAC,FF-MANAGER
00120,25.23,11/1/1997,264.00,2069.00,521.040,,,,,,0.000,0.000,GA,002,2,DAF,KAL,DIRECTEUR
00134,12.40,6/14/2010,217.00,1634.57,92.996,,172.550,9.750,937.805,46.000,1110.355,55.750,INDUS,009,33,MQU,KAL,
00210,24.34,9/22/1998,264.00,2208.45,116.322,,,,,,0.000,0.000,INDUS,009,33,MQU,KAL,
00221,24.23,11/3/1998,255.00,1936.48,208.328,,,,,,0.000,0.000,INDUS,009,32,CQ,KAL,
00230,23.90,3/1/1999,264.00,2175.68,98.868,,,,,,0.000,0.000,GA,002,4,DAF,KAL,
00236,11.61,9/20/2010,88.00,622.00,41.788,,,,,,0.000,0.000,FOE,013,9,LINE_14,LAC,PHARMA
00236,12.31,9/20/2010,,622.00,,,,,,,0.000,0.000,FOE,013,9,LINE_14,LAC,PHARMA
00259,28.41,9/1/1994,264.00,2021.00,889.386,,,,,,0.000,0.000,SHO,012,24,SHO-EXPORT,LAC,SA-MANAGER
00265,23.08,8/14/1999,158.50,1085.22,34.900,,,,,,0.000,0.000,INDUS,011,28,DIR-INDUS,KAL,MOD
00283,21.05,1/1/2002,264.00,2268.00,1442.304,,,,,,0.000,0.000,GA,001,1,DG,LAC,DIRECTEUR
00294,23.01,1/19/2000,251.00,2072.41,78.103,,235.611,17.500,134.635,8.750,370.246,26.250,INDUS,011,28,FABRIQUANT,KAL,MOD
00300,11.34,9/8/2011,207.00,1602.30,47.459,,,,79.019,7.750,79.019,7.750,INDUS,011,28,COND-IIAIR,KAL,MOD
00303,20.95,2/8/2002,263.00,2114.91,70.653,,,,,,0.000,0.000,INDUS,009,33,MQU,KAL,
00304,20.94,2/12/2002,261.50,2080.51,61.907,,,,,,0.000,0.000,INDUS,011,28,COND-IIAIR,KAL,MOD
00307,20.90,2/26/2002,247.00,1955.20,57.063,,,,58.789,5.750,58.789,5.750,INDUS,011,28,COND-IIAIR,KAL,MOD
00327,20.76,4/18/2002,261.50,1992.66,62.083,,,,79.194,7.500,79.194,7.500,INDUS,004,15,WAREHOUSE,KAL,
00329,11.58,6/14/2011,238.50,1879.58,53.960,,,,189.471,17.130,189.471,17.130,INDUS,004,15,WAREHOUSE,KAL,MAG
00332,20.77,4/16/2002,263.00,2097.42,97.956,,647.270,41.470,211.664,11.500,858.934,52.970,INDUS,011,28,FABRIQUANT,KAL,MOD
00361,20.48,7/29/2002,263.50,1316.79,146.185,,,,,,0.000,0.000,GA,002,23,AFF-JUR,KAL,
00372,20.37,9/9/2002,253.50,1992.27,54.604,,,,,,0.000,0.000,INDUS,011,28,COND-IIAIR,KAL,MOD
00386,20.29,10/7/2002,260.00,1636.40,97.416,,,,,,0.000,0.000,SHO,013,24,SHO,LAC,
00396,20.19,11/11/2002,257.00,1932.51,238.973,,,,,,0.000,0.000,INDUS,009,33,MQU,KAL,
00399,20.19,11/11/2002,252.00,1978.21,52.930,,,,,,0.000,0.000,INDUS,009,32,COND-IIAIR,KAL,
00402,20.23,10/28/2002,264.00,1985.00,298.230,,,,,,0.000,0.000,FOE,013,9,LINE_08,LAC,SUP-MEDICA
00417,19.98,1/29/2003,249.50,2015.82,69.903,,,,299.318,22.750,299.318,22.750,INDUS,011,28,FABRIQUANT,KAL,MOD
00419,19.96,2/4/2003,251.00,1953.67,58.424,,,,73.995,7.250,73.995,7.250,INDUS,011,28,COND-IIAIR,KAL,MOD
00420,19.71,5/5/2003,264.00,2160.00,362.700,,,,,,0.000,0.000,SHO,013,24,MKTNG-COM,LAC,FF-MANAGER
00421,19.88,3/3/2003,110.00,2177.12,102.685,,,,,,0.000,0.000,INDUS,011,28,DIR-INDUS,KAL,MOI
00421,19.88,3/3/2003,154.00,2177.12,275.139,,,,,,0.000,0.000,INDUS,011,28,DIR-INDUS,KAL,MOI
00453,19.39,9/1/2003,259.50,2076.81,60.518,,,,142.955,14.000,142.955,14.000,INDUS,011,28,COND-IIAIR,KAL,MOD
00469,19.09,12/16/2003,251.50,1954.13,90.973,,88.354,5.600,55.356,3.070,143.710,8.670,INDUS,011,28,FABRIQUANT,KAL,MOD
00480,19.04,1/5/2004,257.00,2128.99,73.598,,700.778,57.780,198.668,14.880,899.446,72.660,INDUS,011,28,FABRIQUANT,KAL,MOD
00482,19.04,1/6/2004,259.00,2049.44,54.053,,,,,,0.000,0.000,INDUS,011,28,COND-IIAIR,KAL,MOD
00492,8.39,9/9/2013,22.00,87.07,18.706,,,,,,0.000,0.000,INDUS,009,32,CQ,KAL,
00514,18.65,5/24/2004,264.00,2267.00,146.172,,,,,,0.000,0.000,INDUS,004,18,LOGISTIQUE,KAL,MAG
00530,10.97,1/23/2012,260.00,2102.46,89.975,,539.880,38.250,,,539.880,38.250,INDUS,011,28,FABRIQUANT,KAL,MOD
00574,14.06,12/22/2008,264.00,2078.00,497.034,,,,,,0.000,0.000,INDUS,004,26,LOGISTIQUE,KAL,DIRECTEUR
00621,17.27,10/10/2005,260.00,2092.10,70.231,,,,,,0.000,0.000,INDUS,009,33,LOGISTIQUE,KAL,
00669,16.79,4/3/2006,264.00,2147.00,158.358,,,,,,0.000,0.000,FOE,013,9,LINE_04,LAC,VISIT-MEDI
00676,16.69,5/9/2006,263.50,2140.80,54.238,,,,27.545,3.000,27.545,3.000,INDUS,014,13,PRT,KAL,
00677,14.23,10/21/2008,238.00,1837.83,38.802,,,,270.875,34.980,270.875,34.980,INDUS,011,31,EHS,KAL,EHS-MOI
00712,16.38,8/29/2006,246.00,1796.93,59.880,,,,,,0.000,0.000,INDUS,004,15,WAREHOUSE,KAL,RMG
00717,16.41,8/21/2006,252.50,1993.00,67.850,,,,280.343,23.150,280.343,23.150,INDUS,009,32,CQ,KAL,ANA
00718,16.41,8/21/2006,106.00,1921.78,65.604,,,,,,0.000,0.000,SHO,013,24,LOGISTIQUE,LAC,
00718,16.41,8/21/2006,152.00,1921.78,102.607,,,,,,0.000,0.000,SHO,013,24,LOGISTIQUE,LAC,
00759,16.00,1/15/2007,260.00,2039.88,64.052,,16.707,1.570,238.966,20.170,255.673,21.740,INDUS,011,28,FABRIQUANT,KAL,MOD
00804,15.57,6/21/2007,134.00,975.85,18.437,,,,,,0.000,0.000,INDUS,011,31,EHS,KAL,EHS-MOI
00817,15.21,10/29/2007,248.50,1960.71,57.983,,15.635,1.750,,,15.635,1.750,INDUS,011,28,COND-IIAIR,KAL,MOD
00832,15.23,10/24/2007,263.00,2089.41,41.443,,,,,,0.000,0.000,INDUS,011,31,EHS,KAL,EHS-MOI
00833,15.24,10/21/2007,263.00,1988.26,55.935,,,,,,0.000,0.000,GA,008,19,EHS,KAL,
00836,15.17,11/5/2007,264.00,2063.00,273.366,,,,,,0.000,0.000,FOE,013,9,LINE_03,LAC,SUP-MEDICA
00851,14.48,7/21/2008,264.00,1983.58,50.838,,,,,,0.000,0.000,INDUS,011,31,EHS,KAL,EHS-MOI
00856,14.99,1/18/2008,260.00,2040.33,84.359,,263.143,19.920,,,263.143,19.920,INDUS,011,28,FABRIQUANT,KAL,MOD
00859,15.00,1/17/2008,255.04,1963.93,81.834,,482.162,36.880,,,482.162,36.880,INDUS,011,28,FABRIQUANT,KAL,MOD
00895,14.70,5/2/2008,264.00,2250.87,66.864,,99.005,9.320,1278.878,107.650,1377.883,116.970,INDUS,004,15,WAREHOUSE,KAL,MAG
00902,14.68,5/12/2008,247.00,1933.46,37.285,,,,48.512,7.250,48.512,7.250,INDUS,011,28,COND-IIAIR,KAL,MOD
00927,14.50,7/16/2008,255.50,2013.17,39.194,,,,,,0.000,0.000,INDUS,011,31,EHS,KAL,EHS-MOI
00954,14.39,8/25/2008,244.00,1908.64,71.573,,,,,,0.000,0.000,INDUS,009,32,CQ,KAL,
00957,14.15,11/19/2008,258.00,2088.41,77.025,,45.080,3.500,561.379,38.850,606.459,42.350,INDUS,011,30,MNT,KAL,MAINT-MOI
00961,14.15,11/20/2008,264.00,2100.26,75.288,,,,,,0.000,0.000,INDUS,011,28,FABRIQUANT,KAL,MOD
00964,14.25,10/16/2008,262.00,2321.77,68.719,,2087.616,194.250,283.178,23.700,2370.794,217.950,INDUS,009,32,CQ,KAL,
00966,14.25,10/15/2008,260.50,2116.69,53.294,,,,,,0.000,0.000,INDUS,011,28,DIR-INDUS,KAL,MOI
01002,13.96,1/27/2009,264.00,2039.00,174.132,,,,,,0.000,0.000,FOE,013,9,LINE_06,LAC,DELEGUE
01004,13.97,1/26/2009,259.00,2030.00,196.122,,,,,,0.000,0.000,FOE,013,9,LINE_04,LAC,
01010,13.96,1/29/2009,251.00,1974.17,47.960,,,,,,0.000,0.000,INDUS,011,28,DIR-INDUS,KAL,MOI
01030,13.77,4/9/2009,241.00,2020.92,55.557,,482.170,53.250,356.366,31.410,838.536,84.660,INDUS,011,30,MNT,KAL,MAINT-MOI
01033,13.74,4/17/2009,261.00,2111.00,165.708,,,,,,0.000,0.000,FOE,013,9,LINE_07,LAC,VISIT-MEDI
01045,13.69,5/6/2009,261.50,2093.50,39.222,,,,110.715,14.900,110.715,14.900,INDUS,011,28,FABRIQUANT,KAL,MOD
01046,13.69,5/6/2009,235.00,1805.96,34.619,,,,46.964,7.000,46.964,7.000,INDUS,011,28,COND-IIAIR,KAL,MOD
01055,12.88,5/21/2009,66.00,710.07,15.009,,847.541,90.750,912.582,85.500,1760.123,176.250,GA,002,23,DAF,KAL,
01065,13.62,6/1/2009,264.00,2155.87,567.156,,,,,,0.000,0.000,RD,005,11,BUSDEV,KAL,
01077,2.07,12/7/2020,260.00,2031.14,27.845,,156.475,34.490,103.846,20.500,260.321,54.990,INDUS,011,28,FABRIQUANT,KAL,MOD
01089,13.40,8/19/2009,255.50,1997.85,35.850,,23.128,4.250,45.090,7.250,68.218,11.500,INDUS,011,28,COND-IIAIR,KAL,MOD
01090,13.37,8/19/2009,,,,,,,,,0.000,0.000,INDUS,011,32,CQ,KAL,
01105,13.24,10/19/2009,253.00,2017.46,55.119,,26.185,2.780,376.439,35.320,402.624,38.100,INDUS,004,15,WAREHOUSE,KAL,MAG
01116,4.86,2/26/2018,43.00,1968.64,4.724,,,,,,0.000,0.000,INDUS,011,28,COND-IIAIR,KAL,MOD
01116,4.86,2/26/2018,209.50,1968.64,24.653,,,,103.111,20.000,103.111,20.000,INDUS,011,28,COND-IIAIR,KAL,MOD
01120,13.17,11/11/2009,263.50,1959.93,36.665,,,,,,0.000,0.000,INDUS,011,28,FABRIQUANT,KAL,MOD
01123,13.13,11/25/2009,264.00,2017.50,99.414,,,,,,0.000,0.000,RD,005,11,DEVAMM,KAL,
01127,9.20,10/28/2013,123.45,644.70,124.381,,,,,,0.000,0.000,GA,007,25,ITM,KAL,
01129,13.04,12/29/2009,251.00,1989.00,59.075,,22.925,2.500,118.974,10.870,141.899,13.370,INDUS,004,15,WAREHOUSE,KAL,MAG
01135,13.00,1/14/2010,203.00,1475.85,29.029,,,,99.002,14.750,99.002,14.750,INDUS,011,28,COND-IIAIR,KAL,MOD
01137,13.02,1/4/2010,264.00,2075.00,179.004,,,,,,0.000,0.000,FOE,013,9,LINE_02,LAC,DELEGUE
01138,13.02,1/4/2010,264.00,2057.00,105.666,,,,,,0.000,0.000,FOE,013,9,LINE_14,LAC,PHARMA
01141,13.02,1/4/2010,264.00,2120.00,144.294,,,,,,0.000,0.000,FOE,013,9,LINE_04,LAC,VISIT-MEDI
01142,12.27,12/21/2009,64.00,459.00,37.058,,,,,,0.000,0.000,FOE,013,9,LINE_12,LAC,DELEGUE
01142,13.06,12/21/2009,,459.00,,,,,,,0.000,0.000,FOE,013,9,LINE_12,LAC,DELEGUE
01160,12.97,1/25/2010,264.00,2084.00,171.240,,,,,,0.000,0.000,FOE,013,9,LINE_02,LAC,DELEGUE
01176,12.72,3/16/2010,242.00,1796.19,59.164,,,,,,0.000,0.000,INDUS,009,33,MQU,KAL,
01181,12.78,4/2/2010,258.50,1906.30,37.757,,,,32.380,5.000,32.380,5.000,INDUS,011,30,MNT,KAL,MAINT-MOI
01198,12.65,5/21/2010,218.50,1579.57,26.779,,,,46.023,8.000,46.023,8.000,INDUS,011,28,COND-IIAIR,KAL,MOD
01204,12.64,5/24/2010,264.00,1963.55,153.744,,,,,,0.000,0.000,GA,002,5,DAF,KAL,
01207,12.58,6/16/2010,256.50,2035.58,78.948,,104.700,8.000,2582.149,178.470,2686.849,186.470,INDUS,004,15,WAREHOUSE,KAL,RMG
01209,12.60,6/7/2010,260.00,2148.45,101.804,,,,108.954,6.250,108.954,6.250,INDUS,011,30,MNT,KAL,MAINT-MOI
01224,12.54,6/30/2010,261.00,2181.22,59.158,,22.033,2.250,968.182,91.750,990.215,94.000,INDUS,004,15,WAREHOUSE,KAL,MAG
01239,12.46,7/27/2010,264.00,2048.00,173.286,,,,,,0.000,0.000,FOE,013,9,LINE_04,LAC,
01240,12.46,7/27/2010,264.00,2083.85,199.134,,,,,,0.000,0.000,INDUS,004,16,LOGISTIQUE,KAL,
01250,11.95,2/1/2011,242.50,1769.17,60.023,,,,577.359,50.250,577.359,50.250,INDUS,011,28,FABRIQUANT,KAL,MOD
01253,12.44,8/4/2010,257.00,2014.15,37.825,,20.564,3.500,620.068,90.000,640.632,93.500,INDUS,011,28,COND-IIAIR,KAL,MOD
01272,12.33,9/14/2010,264.00,2051.67,76.362,,,,,,0.000,0.000,GA,002,5,DAF,KAL,
01276,12.32,9/16/2010,260.50,2038.88,37.754,,,,,,0.000,0.000,INDUS,011,31,EHS,KAL,EHS-MOI
01279,11.95,2/1/2011,259.50,2085.88,39.977,,,,,,0.000,0.000,INDUS,011,28,COND-IIAIR,KAL,MOD
01286,12.27,10/4/2010,230.00,1783.73,32.003,,,,,,0.000,0.000,INDUS,011,28,FABRIQUANT,KAL,MOD
01293,12.24,10/18/2010,251.50,1991.97,62.251,,16.884,1.750,,,16.884,1.750,INDUS,011,28,FABRIQUANT,KAL,MOD
01311,11.95,2/1/2011,263.50,1877.34,87.410,,,,,,0.000,0.000,INDUS,011,31,EHS,KAL,EHS-MOI
01317,12.13,11/24/2010,252.00,1909.25,49.243,,39.909,5.250,,,39.909,5.250,INDUS,011,28,COND-IIAIR,KAL,MOD
01319,12.12,11/29/2010,171.00,1307.70,24.445,,,,,,0.000,0.000,INDUS,011,28,COND-IIAIR,KAL,MOD
01334,12.02,1/3/2011,264.00,2108.50,337.848,,,,,,0.000,0.000,RD,006,27,AFF-REG,LAC,DIRECTEUR
01336,12.02,1/6/2011,252.50,1973.75,75.998,,,,,,0.000,0.000,INDUS,011,28,DIR-INDUS,KAL,MOI
01351,11.98,1/21/2011,255.00,2075.89,56.473,,591.487,63.750,149.478,13.500,740.965,77.250,INDUS,011,28,FABRIQUANT,KAL,MOD
01354,11.95,2/1/2011,249.00,1930.73,37.217,,,,,,0.000,0.000,INDUS,011,28,FABRIQUANT,KAL,MOD
01355,11.95,2/1/2011,223.50,1668.90,37.009,,,,,,0.000,0.000,INDUS,011,28,DIR-INDUS,KAL,MOI
01377,11.76,3/1/2011,237.00,2611.11,41.883,,,,716.680,85.920,716.680,85.920,INDUS,011,31,EHS,KAL,EHS-MOI
01378,11.87,3/1/2011,261.00,2833.96,46.401,,,,325.904,40.000,325.904,40.000,INDUS,011,31,EHS,KAL,EHS-MOI
01379,11.87,3/1/2011,259.00,2764.76,45.876,,,,550.521,67.350,550.521,67.350,INDUS,011,31,EHS,KAL,EHS-MOI
01385,1.26,9/28/2021,230.00,1782.49,21.952,,,,69.612,15.250,69.612,15.250,INDUS,011,28,COND-IIAIR,KAL,MOD
01392,11.81,3/21/2011,258.00,1728.47,155.944,,,,,,0.000,0.000,INDUS,004,26,GRH,KAL,
01393,11.45,3/21/2011,174.00,1250.77,25.727,,,,50.608,7.500,50.608,7.500,INDUS,011,28,DIR-INDUS,KAL,MOD
01448,11.33,9/13/2011,169.50,1257.95,25.160,,,,,,0.000,0.000,INDUS,011,28,COND-IIAIR,KAL,MOD
01452,11.33,9/14/2011,135.00,993.91,18.755,,,,,,0.000,0.000,INDUS,011,28,COND-IIAIR,KAL,MOD
01458,11.31,9/19/2011,252.00,1878.82,40.373,,59.053,9.000,468.750,63.000,527.803,72.000,INDUS,011,28,COND-IIAIR,KAL,MOD
01461,11.31,9/19/2011,247.00,1978.25,46.847,,36.805,5.000,,,36.805,5.000,INDUS,011,28,DIR-INDUS,KAL,MOI
01465,11.29,9/26/2011,256.00,1825.19,252.230,,,,,,0.000,0.000,GA,007,25,ITM,KAL,
01470,11.16,11/14/2011,66.00,2073.60,34.329,,,,,,0.000,0.000,FOE,013,9,SHO,LAC,VISIT-MEDI
01470,11.16,11/14/2011,198.00,2073.60,119.801,,,,,,0.000,0.000,SHO,013,24,SHO,LAC,
01473,11.26,10/10/2011,256.50,2042.10,53.524,,98.509,11.000,641.020,65.000,739.529,76.000,INDUS,009,32,CQ,KAL,CCQ
01476,11.23,10/18/2011,239.00,1863.18,40.950,,88.093,13.000,,,88.093,13.000,INDUS,011,28,FABRIQUANT,KAL,MOD
01479,11.23,10/19/2011,263.00,2013.59,35.812,,,,,,0.000,0.000,INDUS,011,28,COND-IIAIR,KAL,MOD
01484,10.24,11/3/2011,11.00,44.85,1.450,,,,,,0.000,0.000,INDUS,011,28,DIR-INDUS,KAL,MOD
01486,10.31,11/8/2011,,,,,,,,,0.000,0.000,INDUS,011,28,DIR-INDUS,KAL,MOD
01488,10.56,11/8/2011,85.50,642.46,12.170,,,,,,0.000,0.000,INDUS,011,28,DIR-INDUS,KAL,MOD
01493,11.10,12/5/2011,264.00,2113.90,75.924,,,,166.385,13.000,166.385,13.000,INDUS,011,30,MNT,KAL,MAINT-MOI
01502,10.98,1/17/2012,88.00,2150.81,33.316,,,,115.503,6.500,115.503,6.500,INDUS,009,32,MQU,KAL,
01502,10.98,1/17/2012,176.00,2150.81,87.578,,150.050,6.800,960.828,38.100,1110.878,44.900,INDUS,009,37,MQU,KAL,
01525,10.89,2/20/2012,264.00,2078.31,102.798,,,,,,0.000,0.000,GA,002,8,DAF,KAL,
01545,9.91,5/3/2012,36.00,259.99,4.435,,,,,,0.000,0.000,INDUS,011,28,DIR-INDUS,KAL,MOD
01549,10.68,5/7/2012,255.00,2009.60,35.679,,,,44.963,7.250,44.963,7.250,INDUS,011,28,COND-IIAIR,KAL,MOD
01551,10.68,5/7/2012,240.50,1870.00,33.701,,,,,,0.000,0.000,INDUS,011,28,COND-IIAIR,KAL,MOD
01552,10.68,5/7/2012,240.50,1889.36,31.450,,,,41.921,7.250,41.921,7.250,INDUS,011,28,COND-IIAIR,KAL,MOD
01553,10.68,5/7/2012,245.00,1927.15,33.695,,,,90.806,14.500,90.806,14.500,INDUS,011,28,COND-IIAIR,KAL,MOD
01556,6.76,4/4/2016,264.00,1822.48,286.830,,,,,,0.000,0.000,GA,002,4,DAF,KAL,
01561,10.62,5/30/2012,262.00,2097.82,41.806,,,,170.590,22.200,170.590,22.200,INDUS,011,30,MNT,KAL,MAINT-MOI
01575,9.93,2/4/2013,249.50,1975.01,32.756,,,,42.115,7.250,42.115,7.250,INDUS,011,28,COND-IIAIR,KAL,MOD
01576,9.64,6/20/2012,2.50,,0.311,,,,,,0.000,0.000,INDUS,011,31,DIR-INDUS,KAL,EHS-MOI
01579,10.54,6/25/2012,264.00,1888.84,50.640,,,,449.275,52.750,449.275,52.750,INDUS,009,32,CQ,KAL,CCQ
01590,10.52,7/5/2012,260.00,1977.34,75.556,,,,1064.596,80.250,1064.596,80.250,INDUS,011,28,FABRIQUANT,KAL,MOD
01595,2.17,10/30/2020,220.00,2119.63,40.686,,,,,,0.000,0.000,INDUS,009,32,CQ,KAL,
01595,2.17,10/30/2020,44.00,2119.63,8.676,,,,,,0.000,0.000,INDUS,009,32,CQ,KAL,
01600,10.41,8/13/2012,260.50,2063.71,43.945,,213.456,32.270,133.009,16.500,346.465,48.770,INDUS,011,30,MNT,KAL,MAINT-MOI
01615,9.97,1/21/2013,258.00,1993.85,31.196,,,,38.862,7.250,38.862,7.250,INDUS,011,28,COND-IIAIR,KAL,MOD
01619,9.97,1/21/2013,250.00,1932.21,30.029,,,,35.883,6.750,35.883,6.750,INDUS,011,28,COND-IIAIR,KAL,MOD
01620,9.97,1/22/2013,254.50,1931.88,33.331,,33.039,6.500,122.602,20.250,155.641,26.750,INDUS,011,28,COND-IIAIR,KAL,MOD
01625,10.34,9/7/2012,250.00,2019.96,100.038,,,,,,0.000,0.000,INDUS,011,28,MQU,KAL,MOI
01628,9.47,9/11/2012,,,,,,,,,0.000,0.000,INDUS,011,30,DIR-INDUS,KAL,MAINT-MOI
01634,9.97,1/21/2013,262.00,2112.79,63.034,,64.879,6.570,321.527,28.500,386.406,35.070,INDUS,011,28,DIR-INDUS,KAL,MOI
01655,9.97,1/21/2013,248.00,1937.09,74.690,,274.074,22.920,48.339,3.250,322.413,26.170,INDUS,011,28,FABRIQUANT,KAL,MOD
01660,9.96,1/23/2013,264.00,2129.04,48.840,,52.072,6.500,373.739,43.550,425.811,50.050,INDUS,009,32,FABRIQUANT,KAL,CCQ
01671,9.89,2/18/2013,254.00,1980.76,30.740,,,,38.862,7.250,38.862,7.250,INDUS,011,28,COND-IIAIR,KAL,MOD
01672,9.89,2/18/2013,251.50,2058.73,30.005,,,,,,0.000,0.000,INDUS,011,28,FABRIQUANT,KAL,MOD
01675,9.89,2/18/2013,172.50,1187.24,19.708,,,,,,0.000,0.000,INDUS,011,28,DIR-INDUS,KAL,MOD
01679,4.93,1/29/2018,15.50,1761.88,1.703,,,,,,0.000,0.000,INDUS,011,28,DIR-INDUS,KAL,MOD
01679,4.93,1/29/2018,214.00,1761.88,25.044,,,,15.860,2.750,15.860,2.750,INDUS,011,28,DIR-INDUS,KAL,MOD
01681,9.89,2/18/2013,237.50,1776.26,116.784,,,,,,0.000,0.000,GA,007,25,ITM,KAL,
01690,9.88,2/21/2013,239.00,1939.48,37.862,,,,50.761,7.250,50.761,7.250,INDUS,011,28,COND-IIAIR,KAL,MOD
01706,3.76,4/2/2019,262.00,2070.01,29.303,,35.187,7.250,82.367,14.850,117.554,22.100,INDUS,011,28,FABRIQUANT,KAL,MOD
01708,9.78,4/1/2013,264.00,2231.00,129.246,,,,,,0.000,0.000,INDUS,004,18,LOGISTIQUE,KAL,MAG
01710,6.76,4/4/2016,151.00,1169.77,15.538,,8.452,2.000,67.613,14.000,76.065,16.000,INDUS,011,28,FABRIQUANT,KAL,MOD
01712,6.76,4/4/2016,256.50,2021.29,31.182,,,,192.711,32.530,192.711,32.530,INDUS,011,28,FABRIQUANT,KAL,MOD
01715,9.78,4/1/2013,264.00,1963.29,120.894,,,,,,0.000,0.000,GA,008,19,GRH,KAL,RH
01731,9.70,4/29/2013,240.00,1795.69,33.490,,,,288.247,45.750,288.247,45.750,INDUS,011,28,COND-IIAIR,KAL,MOD
01737,9.70,4/29/2013,240.00,1898.07,50.346,,,,987.089,101.000,987.089,101.000,INDUS,011,28,COND-IIAIR,KAL,MOD
01742,9.68,5/6/2013,247.00,1797.95,29.878,,,,34.857,6.500,34.857,6.500,INDUS,011,28,COND-IIAIR,KAL,MOD
01743,9.68,5/6/2013,263.00,2400.95,55.440,,33.093,3.730,2453.862,248.000,2486.955,251.730,INDUS,004,15,WAREHOUSE,KAL,MAG
01745,9.68,5/7/2013,240.50,1830.26,31.582,,,,,,0.000,0.000,INDUS,011,28,COND-IIAIR,KAL,MOD
01748,9.47,7/23/2013,255.00,2004.05,25.489,,6.966,1.750,103.447,22.250,110.413,24.000,INDUS,011,28,COND-IIAIR,KAL,MOD
01753,9.64,5/21/2013,246.00,1857.92,42.836,,,,811.878,99.020,811.878,99.020,INDUS,004,15,WAREHOUSE,KAL,
01754,9.63,5/23/2013,219.00,1647.50,40.679,,26.140,3.250,531.077,60.750,557.217,64.000,INDUS,009,32,CQ,KAL,CCQ
01765,7.28,9/28/2015,264.00,2108.23,97.038,,,,98.476,6.000,98.476,6.000,INDUS,004,14,LOGISTIQUE,KAL,
01769,8.72,6/12/2013,18.00,118.63,10.359,,,,,,0.000,0.000,RD,005,11,DEVAMM,KAL,
01770,9.58,6/13/2013,244.50,1999.67,37.753,,,,78.215,10.500,78.215,10.500,INDUS,011,30,MNT,KAL,MAINT-MOI
01780,9.54,6/26/2013,249.00,1951.63,57.870,,,,201.202,18.900,201.202,18.900,INDUS,009,32,CQ,KAL,ANA
01793,9.50,7/10/2013,259.00,1606.32,35.194,,,,46.917,7.000,46.917,7.000,INDUS,011,31,EHS,KAL,EHS-MOI
01796,9.44,8/1/2013,248.00,2019.93,71.390,,,,,,0.000,0.000,INDUS,004,18,LOGISTIQUE,KAL,
01798,9.44,8/2/2013,264.00,1883.60,277.554,,,,,,0.000,0.000,INDUS,004,14,LOGISTIQUE,KAL,
01803,8.81,8/5/2013,98.00,706.40,42.701,,44.736,2.500,153.382,7.500,198.118,10.000,INDUS,009,37,MQU,KAL,
01810,9.36,8/29/2013,263.50,2315.42,51.615,,,,1728.396,188.020,1728.396,188.020,INDUS,004,15,WAREHOUSE,KAL,MAG
01814,9.35,9/2/2013,225.50,1720.90,54.369,,,,25.739,2.180,25.739,2.180,INDUS,011,28,DIR-INDUS,KAL,MOI
01816,9.35,9/2/2013,259.00,2036.17,31.910,,,,,,0.000,0.000,INDUS,011,28,COND-IIAIR,KAL,MOD
01823,9.32,9/16/2013,248.00,1852.03,31.093,,,,321.048,56.250,321.048,56.250,INDUS,011,28,DIR-INDUS,KAL,MOD
01832,9.22,10/21/2013,262.00,2062.09,42.861,,,,,,0.000,0.000,INDUS,011,28,DIR-INDUS,KAL,MOI
01833,9.22,10/21/2013,254.00,1956.46,84.963,,58.235,4.000,378.856,22.770,437.091,26.770,INDUS,011,28,FABRIQUANT,KAL,MOD
01836,9.22,10/21/2013,264.00,2109.41,124.086,,,,,,0.000,0.000,INDUS,011,30,MNT,KAL,MAINT-MOI
01850,9.22,10/21/2013,264.00,2050.00,125.622,,,,,,0.000,0.000,FOE,013,9,LINE_08,LAC,VISIT-MEDI
01853,9.20,10/28/2013,264.00,2075.00,142.074,,,,,,0.000,0.000,FOE,013,9,LINE_14,LAC,DELEGUE
01859,9.16,11/11/2013,264.00,2024.92,158.388,,,,421.536,14.280,421.536,14.280,GA,007,25,ITM,KAL,
01860,8.21,11/11/2013,21.50,67.45,13.376,,,,,,0.000,0.000,GA,007,25,ITM,LAC,
01862,9.12,11/26/2013,262.00,2123.69,50.306,,56.493,7.000,712.790,77.350,769.283,84.350,INDUS,004,15,LOGISTIQUE,KAL,MAG
01868,8.98,1/15/2014,237.50,1846.71,30.619,,,,41.213,7.250,41.213,7.250,INDUS,011,28,COND-IIAIR,KAL,MOD
01869,8.98,1/15/2014,264.00,2184.01,167.832,,,,,,0.000,0.000,INDUS,009,32,CQ,KAL,
01871,8.98,1/16/2014,264.00,2177.00,323.058,,,,,,0.000,0.000,GA,008,19,GRH,KAL,MANAGER
01882,7.89,2/17/2015,209.50,1530.59,167.297,,,,,,0.000,0.000,RD,005,11,DEVAMM,KAL,
01895,8.80,3/24/2014,264.00,2223.00,51.708,,,,,,0.000,0.000,GA,001,1,DG,LAC,
01896,8.10,3/24/2014,79.00,597.00,39.694,,,,,,0.000,0.000,FOE,013,9,LINE_08,LAC,VISIT-MEDI
01896,8.80,3/24/2014,,597.00,,,,,,,0.000,0.000,FOE,013,9,LINE_08,LAC,VISIT-MEDI
01900,8.68,5/5/2014,264.00,1921.93,93.930,,,,,,0.000,0.000,GA,007,25,ITM,KAL,
01915,7.39,8/19/2015,264.00,2271.26,85.410,,,,2341.623,156.750,2341.623,156.750,INDUS,009,35,CQ,KAL,
01937,8.39,8/18/2014,264.00,2116.50,514.404,,,,,,0.000,0.000,GA,007,25,ITM,KAL,DIRECTEUR
01939,8.39,8/19/2014,264.00,2034.50,123.528,,,,,,0.000,0.000,FOE,013,9,LINE_08,LAC,VISIT-MEDI
01952,8.05,12/22/2014,261.50,1808.48,123.757,,58.510,3.250,143.611,6.980,202.121,10.230,INDUS,011,30,MNT,KAL,MAINT-MOI
01954,8.01,1/6/2015,264.00,2113.00,130.254,,,,,,0.000,0.000,FOE,013,9,LINE_15,LAC,PHARMA
01958,7.98,1/15/2015,264.00,2086.00,123.336,,,,,,0.000,0.000,FOE,013,9,LINE_01,LAC,DELEGUE
01978,7.75,4/8/2015,264.00,2097.00,118.602,,,,,,0.000,0.000,FOE,013,9,LINE_07,LAC,DELEGUE
01981,7.64,5/18/2015,264.00,2116.04,130.254,,,,137.732,6.250,137.732,6.250,GA,002,5,DAF,KAL,
01986,7.57,6/1/2015,257.00,1985.00,117.533,,,,,,0.000,0.000,FOE,013,9,LINE_12,LAC,VISIT-MEDI
01987,7.59,6/8/2015,264.00,2170.55,121.056,,,,661.036,30.630,661.036,30.630,INDUS,011,30,MNT,KAL,MAINT-MOI
01989,7.59,6/8/2015,264.00,2284.17,82.710,,165.364,12.820,2555.246,175.700,2720.610,188.520,INDUS,009,32,CQ,KAL,ANA
02072,3.57,1/28/2019,165.50,1184.70,36.154,,,,,,0.000,0.000,INDUS,011,28,DIR-INDUS,KAL,MOD
02094,0.18,5/16/2022,40.50,978.45,3.799,,,,,,0.000,0.000,INDUS,011,28,DIR-INDUS,KAL,MOD
02094,0.34,8/30/2022,72.00,978.45,7.135,,,,,,0.000,0.000,INDUS,011,28,DIR-INDUS,KAL,MOD
02096,6.72,4/18/2016,254.00,1912.17,189.545,,,,,,0.000,0.000,RD,005,11,CQ,KAL,
02100,6.68,5/2/2016,264.00,2389.47,71.802,,,,6758.167,528.850,6758.167,528.850,INDUS,011,30,MNT,KAL,MAINT-MOI
02115,6.50,6/27/2016,261.00,1994.00,119.453,,,,,,0.000,0.000,FOE,013,9,LINE_03,LAC,VISIT-MEDI
02125,6.43,8/1/2016,258.50,2058.35,100.565,,222.688,13.250,422.566,22.000,645.254,35.250,INDUS,011,28,FABRIQUANT,KAL,MOD
02139,6.26,10/3/2016,178.00,1462.50,81.748,,,,,,0.000,0.000,FOE,013,9,LINE_02,LAC,VISIT-MEDI
02141,6.26,10/3/2016,264.00,2093.00,160.788,,,,,,0.000,0.000,FOE,013,9,LINE_08,LAC,VISIT-MEDI
02143,5.56,10/3/2016,71.00,486.00,24.689,,,,,,0.000,0.000,FOE,013,9,LINE_04,LAC,VISIT-MEDI
02143,6.26,10/3/2016,,486.00,,,,,,,0.000,0.000,FOE,013,9,LINE_04,LAC,VISIT-MEDI
02150,5.72,10/5/2016,112.00,824.00,46.317,,,,,,0.000,0.000,FOE,013,9,LINE_03,LAC,VISIT-MEDI
02150,6.25,10/5/2016,,824.00,,,,,,,0.000,0.000,FOE,013,9,LINE_03,LAC,VISIT-MEDI
02151,2.77,3/26/2020,64.00,2051.63,19.639,,,,,,0.000,0.000,INDUS,011,28,DIR-INDUS,KAL,MOI
02151,2.77,3/26/2020,193.00,2051.63,63.341,,,,138.975,8.750,138.975,8.750,INDUS,011,28,DIR-INDUS,KAL,MOI
02154,6.20,10/24/2016,264.00,2402.46,64.710,,1013.008,102.340,1972.820,173.000,2985.828,275.340,INDUS,009,32,CQ,KAL,ANA
02155,6.20,10/25/2016,264.00,2120.00,165.474,,,,,,0.000,0.000,FOE,013,9,LINE_04,LAC,VISIT-MEDI
02161,6.10,12/1/2016,177.00,1411.00,80.906,,,,,,0.000,0.000,FOE,013,9,LINE_06,LAC,DELEGUE
02174,5.93,1/30/2017,250.00,1920.46,30.418,,,,39.047,7.250,39.047,7.250,INDUS,011,28,COND-IIAIR,KAL,MOD
02188,5.37,5/12/2017,197.50,1301.97,21.194,,,,,,0.000,0.000,INDUS,011,31,EHS,LAC,EHS-MOI
02204,5.75,3/27/2017,262.00,1898.50,346.083,,,,,,0.000,0.000,INDUS,014,13,PRT,KAL,DIRECTEUR
02213,5.62,5/25/2017,261.00,2079.19,31.588,,143.634,29.750,139.240,24.250,282.874,54.000,INDUS,011,28,WAREHOUSE,KAL,MOD
02223,5.54,6/21/2017,264.00,2032.00,125.460,,,,,,0.000,0.000,FOE,013,9,LINE_04,LAC,
02225,5.51,7/3/2017,132.00,1421.20,103.392,,,,,,0.000,0.000,RD,006,27,AFF-REG,LAC,
02225,5.51,7/3/2017,132.00,1421.20,117.570,,,,,,0.000,0.000,RD,006,27,AFF-REG,LAC,
02244,4.74,4/11/2018,58.50,1996.35,6.425,,,,,,0.000,0.000,INDUS,011,28,DIR-INDUS,KAL,MOI
02244,4.74,4/11/2018,191.50,1996.35,22.700,,,,,,0.000,0.000,INDUS,011,28,DIR-INDUS,KAL,MOI
02246,5.43,7/31/2017,132.00,914.52,79.866,,,,,,0.000,0.000,INDUS,011,28,DIR-INDUS,KAL,MOI
02250,5.35,8/29/2017,260.00,2291.47,37.335,,49.110,8.000,913.876,135.600,962.986,143.600,INDUS,004,15,WAREHOUSE,KAL,MAG
02264,3.99,1/7/2019,262.00,2056.12,28.624,,,,,,0.000,0.000,INDUS,011,31,EHS,KAL,EHS-MOI
02264,3.99,1/7/2019,,2056.12,,,,,,,0.000,0.000,INDUS,011,31,EHS,KAL,EHS-MOI
02268,6.97,1/19/2016,110.00,2174.00,99.015,,,,,,0.000,0.000,SHO,013,24,LINE_05,LAC,
02268,6.97,1/19/2016,154.00,2174.00,150.609,,,,,,0.000,0.000,FOE,013,9,LINE_05,LAC,
02275,4.02,9/17/2018,171.50,1281.72,76.922,,,,,,0.000,0.000,INDUS,011,28,DIR-INDUS,KAL,MOI
02290,4.87,2/20/2018,22.00,2198.01,5.499,,,,,,0.000,0.000,INDUS,009,32,CQ,KAL,ANA
02290,4.87,2/20/2018,242.00,2198.01,64.149,,,,455.273,38.000,455.273,38.000,INDUS,009,32,CQ,KAL,ANA
02293,4.83,3/6/2018,264.00,1751.61,107.970,,,,,,0.000,0.000,SHO,013,24,SHO,LAC,
02294,4.84,3/5/2018,264.00,2111.00,129.504,,,,,,0.000,0.000,FOE,013,9,LINE_08,LAC,DELEGUE
02297,4.83,3/6/2018,191.00,1404.80,136.527,,,,,,0.000,0.000,GA,007,25,ITM,KAL,RSI
02300,4.75,4/4/2018,264.00,1912.93,115.020,,,,,,0.000,0.000,INDUS,009,33,MQU,KAL,
02302,1.22,10/14/2021,50.50,1780.31,14.002,,,,,,0.000,0.000,INDUS,009,32,DEVAMM,KAL,
02302,1.22,10/14/2021,180.00,1780.31,53.306,,,,215.325,15.000,215.325,15.000,INDUS,009,32,DEVAMM,KAL,
02315,4.33,9/5/2018,176.00,2149.97,34.250,,,,,,0.000,0.000,INDUS,009,32,CQ,KAL,ANA
02315,4.33,9/5/2018,88.00,2149.97,18.556,,,,,,0.000,0.000,INDUS,009,32,CQ,KAL,ANA
02325,4.35,8/28/2018,172.00,2040.62,18.705,,9.755,2.250,74.324,15.000,84.079,17.250,INDUS,011,28,COND-IIAIR,KAL,MOD
02325,4.35,8/28/2018,85.00,2040.62,10.045,,,,,,0.000,0.000,INDUS,011,28,COND-IIAIR,KAL,MOD
02326,0.81,3/1/2022,212.00,1725.18,267.101,,,,,,0.000,0.000,SHO,013,24,SHO,LAC,
02328,4.52,6/27/2018,264.00,1456.41,146.316,,,,,,0.000,0.000,GA,015,3,AFF-JUR,LAC,
02337,2.34,8/31/2020,61.00,1111.44,6.211,,,,,,0.000,0.000,INDUS,011,28,DIR-INDUS,KAL,MOD
02337,0.34,8/30/2022,81.50,1111.44,8.075,,,,37.686,8.000,37.686,8.000,INDUS,011,28,DIR-INDUS,KAL,MOD
02338,3.47,3/6/2019,170.50,1238.95,18.489,,30.349,7.000,71.848,14.500,102.197,21.500,INDUS,011,28,DIR-INDUS,KAL,MOD
02339,4.49,7/10/2018,219.50,1773.69,123.499,,,,,,0.000,0.000,RD,005,11,DEVAMM,KAL,
02343,3.99,1/8/2019,260.50,2065.67,71.025,,23.951,2.250,260.670,19.820,284.621,22.070,INDUS,011,28,DIR-INDUS,KAL,MOI
02343,3.99,1/8/2019,,2065.67,,,,,,,0.000,0.000,INDUS,011,28,DIR-INDUS,KAL,MOI
02345,2.67,5/4/2020,254.00,1999.27,27.397,,37.960,8.920,,,37.960,8.920,INDUS,011,28,COND-IIAIR,KAL,MOD
02350,4.47,7/16/2018,246.00,1905.68,138.884,,,,,,0.000,0.000,RD,005,11,DEVAMM,KAL,
02351,4.29,9/21/2018,196.50,2089.46,21.568,,,,37.162,7.500,37.162,7.500,INDUS,011,28,COND-IIAIR,KAL,MOD
02351,4.29,9/21/2018,65.00,2089.46,7.682,,,,44.373,8.000,44.373,8.000,INDUS,011,28,COND-IIAIR,KAL,MOD
02353,4.45,7/23/2018,264.00,1378.30,442.986,,,,,,0.000,0.000,SHO,012,24,SHO-EXPORT,LAC,
02356,4.41,8/6/2018,264.00,2165.00,162.336,,,,,,0.000,0.000,FOE,013,9,LINE_09,LAC,VISIT-MEDI
02367,4.28,9/25/2018,188.50,1936.33,20.673,,24.930,5.750,,,24.930,5.750,INDUS,011,28,COND-IIAIR,KAL,MOD
02367,4.28,9/25/2018,57.50,1936.33,6.794,,,,,,0.000,0.000,INDUS,011,28,COND-IIAIR,KAL,MOD
02368,4.28,9/25/2018,195.50,1504.52,63.146,,,,,,0.000,0.000,INDUS,011,28,DIR-INDUS,KAL,MOI
02370,4.26,10/1/2018,264.00,2056.00,163.092,,,,,,0.000,0.000,INDUS,009,32,CQ,KAL,
02372,2.96,2/6/2019,13.00,62.79,1.372,,,,,,0.000,0.000,INDUS,011,28,DIR-INDUS,KAL,MOD
02375,4.23,10/11/2018,196.00,2100.15,38.226,,7.721,1.000,52.941,6.000,60.662,7.000,INDUS,004,15,WAREHOUSE,KAL,MAG
02375,4.23,10/11/2018,63.00,2100.15,13.190,,,,,,0.000,0.000,INDUS,004,15,WAREHOUSE,KAL,MAG
02377,4.22,10/16/2018,195.50,2214.27,20.995,,,,201.201,38.800,201.201,38.800,INDUS,011,31,EHS,KAL,EHS-MOI
02377,4.22,10/16/2018,66.00,2214.27,7.578,,55.403,11.750,84.873,15.750,140.276,27.500,INDUS,011,31,EHS,KAL,EHS-MOI
02380,4.16,11/5/2018,264.00,2164.11,332.634,,,,,,0.000,0.000,GA,003,7,CG,KAL,
02385,4.13,11/19/2018,264.00,2093.00,128.034,,,,,,0.000,0.000,FOE,013,9,LINE_06,LAC,VISIT-MEDI
02390,3.93,1/28/2019,246.50,1932.71,27.562,,4.340,1.000,,,4.340,1.000,INDUS,011,28,FABRIQUANT,KAL,MOD
02394,4.03,12/24/2018,259.00,2131.08,52.797,,109.592,13.380,328.348,35.000,437.940,48.380,INDUS,009,32,CQ,KAL,ANA
02394,4.03,12/24/2018,,2131.08,,,,,,,0.000,0.000,INDUS,009,32,CQ,KAL,ANA
02402,3.95,1/21/2019,264.00,2210.00,167.832,,,,,,0.000,0.000,FOE,013,9,LINE_04,LAC,VISIT-MEDI
02403,2.05,5/4/2020,37.50,276.05,3.821,,,,,,0.000,0.000,INDUS,011,28,DIR-INDUS,KAL,MOD
02419,3.20,10/23/2019,262.50,2092.19,79.764,,,,,,0.000,0.000,RD,005,11,DEVAMM,KAL,
02428,3.85,2/28/2019,261.50,2114.45,69.474,,,,391.887,29.880,391.887,29.880,INDUS,011,28,FABRIQUANT,KAL,MOD
02432,3.80,3/8/2019,235.50,1859.15,68.069,,,,,,0.000,0.000,INDUS,004,14,LOGISTIQUE,KAL,
02447,3.75,4/4/2019,256.50,2074.90,36.550,,32.646,5.500,578.721,87.000,611.367,92.500,INDUS,004,15,WAREHOUSE,KAL,MAG
02451,3.73,4/11/2019,226.00,1781.41,34.417,,,,50.038,7.000,50.038,7.000,INDUS,009,32,CQ,KAL,CCQ
02452,3.72,4/15/2019,264.00,2007.69,67.548,,,,68.517,6.000,68.517,6.000,GA,002,8,LOGISTIQUE,KAL,
02455,2.67,5/4/2020,261.50,2051.78,28.215,,29.270,7.000,248.163,48.750,277.433,55.750,INDUS,011,28,COND-IIAIR,KAL,MOD
02460,3.68,4/29/2019,262.00,2036.44,149.062,,,,133.450,5.250,133.450,5.250,INDUS,011,28,DIR-INDUS,KAL,MOI
02462,3.68,5/2/2019,264.00,2120.00,111.708,,,,,,0.000,0.000,FOE,013,9,LINE_14,LAC,PHARMA
02464,3.63,5/20/2019,264.00,2138.00,109.650,,,,,,0.000,0.000,FOE,013,9,LINE_10,LAC,DELEGUE
02467,3.62,5/23/2019,264.00,2129.00,139.554,,,,,,0.000,0.000,FOE,013,9,LINE_03,LAC,VISIT-MEDI
02470,3.52,6/27/2019,260.00,2012.94,29.110,,44.743,10.320,116.700,22.000,161.443,32.320,INDUS,011,28,COND-IIAIR,KAL,MOD
02474,3.56,6/12/2019,244.50,1794.74,65.065,,,,264.340,21.500,264.340,21.500,INDUS,011,28,FABRIQUANT,KAL,MOD
02475,3.56,6/12/2019,241.00,1868.00,85.885,,,,,,0.000,0.000,FOE,013,9,LINE_07,LAC,VISIT-MEDI
02479,2.58,6/26/2019,16.50,65.13,9.984,,,,,,0.000,0.000,INDUS,009,37,MQU,KAL,
02481,2.92,2/3/2020,190.00,1426.43,20.014,,,,34.666,7.250,34.666,7.250,INDUS,011,28,COND-IIAIR,KAL,MOD
02482,3.52,6/27/2019,264.00,2244.00,80.556,,112.157,8.950,1325.355,93.510,1437.512,102.460,INDUS,011,30,MNT,KAL,MAINT-MOI
02483,3.52,6/27/2019,262.50,2102.00,102.204,,,,,,0.000,0.000,FOE,013,9,LINE_06,LAC,VISIT-MEDI
02487,3.51,7/1/2019,264.00,2193.69,93.984,,431.688,28.420,566.386,33.250,998.074,61.670,INDUS,011,28,DIR-INDUS,KAL,MOI
02491,2.73,7/1/2019,58.00,353.21,29.198,,,,,,0.000,0.000,INDUS,009,37,MQU,KAL,
02495,2.19,10/26/2020,257.00,1965.14,27.559,,29.858,7.200,91.229,19.250,121.087,26.450,INDUS,011,28,COND-IIAIR,KAL,MOD
02506,2.50,8/26/2019,33.00,171.00,18.290,,,,,,0.000,0.000,FOE,013,9,LINE_13,LAC,VISIT-MEDI
02512,3.31,9/13/2019,263.00,2097.00,102.390,,,,,,0.000,0.000,FOE,013,9,LINE_08,LAC,VISIT-MEDI
02516,3.21,10/9/2019,254.00,1909.77,65.008,,,,,,0.000,0.000,GA,008,19,GRH,KAL,
02517,3.23,10/10/2019,257.50,2031.29,69.420,,527.001,45.580,,,527.001,45.580,INDUS,011,28,FABRIQUANT,KAL,MOD
02521,3.20,10/23/2019,263.00,2042.55,71.916,,,,428.830,35.250,428.830,35.250,INDUS,009,32,CQ,KAL,ANA
02522,3.18,10/28/2019,264.00,1560.41,254.466,,,,,,0.000,0.000,SHO,013,24,MKTNG-COM,LAC,
02525,3.17,11/4/2019,219.00,1789.91,207.486,,,,,,0.000,0.000,MEDIM,016,40,MEDIMARK,LAC,
02525,3.17,11/4/2019,44.00,1789.91,46.344,,,,,,0.000,0.000,MEDIM,016,40,MEDIMARK,LAC,
02528,3.11,11/25/2019,264.00,2210.00,819.876,,,,,,0.000,0.000,SHO,013,24,SHO,LAC,SA-MANAGER
02530,3.09,12/3/2019,262.50,2114.34,99.951,,246.467,15.000,799.023,42.550,1045.490,57.550,INDUS,011,28,FABRIQUANT,KAL,MOD
02531,3.06,12/11/2019,258.00,2032.00,88.217,,,,,,0.000,0.000,FOE,013,9,LINE_14,LAC,PHARMA
02533,2.98,1/9/2020,264.00,2066.00,96.006,,,,,,0.000,0.000,FOE,013,9,LINE_02,LAC,VISIT-MEDI
02536,2.97,1/13/2020,66.00,2111.00,30.639,,,,,,0.000,0.000,FOE,013,9,DG,LAC,VISIT-MEDI
02536,2.97,1/13/2020,198.00,2111.00,127.612,,,,,,0.000,0.000,SHO,013,24,DG,LAC,
02537,2.95,1/21/2020,261.00,2039.00,92.864,,,,,,0.000,0.000,FOE,013,9,LINE_11,LAC,DELEGUE
02545,2.90,2/7/2020,264.00,2093.00,111.708,,,,,,0.000,0.000,FOE,013,9,LINE_03,LAC,DELEGUE
02550,2.87,2/21/2020,260.00,2029.56,71.052,,,,,,0.000,0.000,INDUS,009,32,CQ,KAL,ANA
02551,2.84,3/3/2020,264.00,2505.38,49.428,,294.373,38.500,4468.193,511.650,4762.566,550.150,INDUS,011,30,MNT,KAL,MAINT-MOI
02554,2.82,3/10/2020,257.00,2152.80,87.176,,456.799,33.200,833.771,52.080,1290.570,85.280,INDUS,011,30,MNT,KAL,MAINT-MOI
02555,2.81,3/12/2020,257.00,2040.00,94.222,,,,,,0.000,0.000,FOE,013,9,LINE_06,LAC,VISIT-MEDI
02556,2.50,4/23/2020,2.00,15.43,0.934,,,,,,0.000,0.000,INDUS,011,28,DIR-INDUS,KAL,MOI
02562,0.93,2/16/2021,18.00,96.50,1.689,,,,,,0.000,0.000,INDUS,011,31,DIR-INDUS,KAL,EHS-MOI
02564,2.60,5/27/2020,264.00,2113.00,96.006,,,,,,0.000,0.000,FOE,013,9,LINE_14,LAC,PHARMA
02565,2.60,5/27/2020,110.00,1719.54,113.780,,,,,,0.000,0.000,SHO,013,24,MKTNG-COM,LAC,
02565,2.60,5/27/2020,154.00,1719.54,173.050,,,,,,0.000,0.000,SHO,013,24,MKTNG-COM,LAC,
02575,2.53,6/22/2020,178.00,1423.00,63.337,,,,,,0.000,0.000,FOE,013,9,LINE_08,LAC,VISIT-MEDI
02577,2.53,6/23/2020,264.00,2075.00,93.984,,,,,,0.000,0.000,FOE,013,9,LINE_03,LAC,VISIT-MEDI
02578,1.56,6/29/2020,10.50,32.05,2.888,,,,,,0.000,0.000,SHO,013,24,SHO,LAC,
02583,2.38,8/17/2020,264.00,614.79,135.132,,,,,,0.000,0.000,INDUS,011,28,DIR-INDUS,LAC,MOI
02594,2.30,9/14/2020,66.00,1112.00,22.350,,,,,,0.000,0.000,FOE,013,9,LINE_05,LAC,VISIT-MEDI
02594,1.85,9/14/2020,80.00,1112.00,27.091,,,,,,0.000,0.000,FOE,013,9,LINE_05,LAC,VISIT-MEDI
02594,2.30,9/14/2020,,1112.00,,,,,,,0.000,0.000,FOE,013,9,LINE_05,LAC,VISIT-MEDI
02596,2.28,9/21/2020,66.00,2095.00,22.350,,,,,,0.000,0.000,FOE,013,9,LINE_10,LAC,DELEGUE
02596,2.28,9/21/2020,198.00,2095.00,73.920,,,,,,0.000,0.000,FOE,013,9,LINE_10,LAC,DELEGUE
02601,2.09,11/30/2020,260.00,2001.46,27.842,,30.215,7.290,65.131,13.750,95.346,21.040,INDUS,011,28,COND-IIAIR,KAL,MOD
02602,1.94,1/25/2021,87.00,1666.37,26.697,,24.576,1.950,,,24.576,1.950,INDUS,004,15,LOGISTIQUE,KAL,MAG
02602,1.82,1/25/2021,135.00,1666.37,44.568,,,,359.189,22.500,359.189,22.500,INDUS,004,15,LOGISTIQUE,KAL,MAG
02603,1.94,1/25/2021,154.00,2102.00,76.528,,,,,,0.000,0.000,FOE,013,9,LINE_07,LAC,VISIT-MEDI
02603,1.94,1/25/2021,110.00,2102.00,59.360,,,,,,0.000,0.000,FOE,013,9,LINE_07,LAC,VISIT-MEDI
02605,1.40,1/25/2021,130.00,1004.00,50.222,,,,,,0.000,0.000,FOE,013,9,LINE_02,LAC,VISIT-MEDI
02606,1.94,1/25/2021,154.00,1994.00,48.656,,,,,,0.000,0.000,FOE,013,9,LINE_10,LAC,VISIT-MEDI
02606,1.94,1/25/2021,110.00,1994.00,37.044,,,,,,0.000,0.000,FOE,013,9,LINE_10,LAC,VISIT-MEDI
02608,1.91,2/2/2021,154.00,2147.00,68.064,,,,,,0.000,0.000,FOE,013,9,LINE_14,LAC,PHARMA
02608,1.91,2/2/2021,110.00,2147.00,52.800,,,,,,0.000,0.000,FOE,013,9,LINE_14,LAC,PHARMA
02610,0.95,2/8/2021,8.00,,2.709,,,,,,0.000,0.000,FOE,013,9,LINE_05,LAC,VISIT-MEDI
02611,1.90,2/8/2021,154.00,1994.00,68.064,,,,,,0.000,0.000,FOE,013,9,LINE_01,LAC,DELEGUE
02611,1.87,2/8/2021,96.00,1994.00,46.080,,,,,,0.000,0.000,FOE,013,9,LINE_01,LAC,DELEGUE
02613,1.51,2/16/2021,157.50,1251.74,33.920,,,,691.848,69.690,691.848,69.690,INDUS,009,32,CQ,KAL,ANA
02614,1.88,2/16/2021,154.00,2068.00,68.064,,,,,,0.000,0.000,FOE,013,9,LINE_04,LAC,VISIT-MEDI
02614,1.88,2/16/2021,110.00,2068.00,52.800,,,,,,0.000,0.000,FOE,013,9,LINE_04,LAC,VISIT-MEDI
02619,1.87,2/17/2021,154.00,2165.00,52.914,,,,,,0.000,0.000,FOE,013,9,LINE_07,LAC,DELEGUE
02619,1.87,2/17/2021,110.00,2165.00,41.070,,,,,,0.000,0.000,FOE,013,9,LINE_07,LAC,DELEGUE
02620,1.86,2/22/2021,44.00,2045.68,7.208,,,,,,0.000,0.000,GA,002,21,DAF,KAL,
02620,1.86,2/22/2021,219.00,2045.68,38.150,,,,,,0.000,0.000,GA,002,21,DAF,KAL,
02622,1.85,2/24/2021,167.50,2072.62,26.514,,,,,,0.000,0.000,RD,005,11,DEVAMM,KAL,
02622,1.85,2/24/2021,88.00,2072.62,28.144,,,,,,0.000,0.000,RD,005,11,DEVAMM,KAL,
02625,1.84,3/2/2021,176.00,2138.00,72.664,,,,,,0.000,0.000,FOE,013,9,LINE_14,LAC,PHARMA
02625,1.84,3/2/2021,88.00,2138.00,39.044,,,,,,0.000,0.000,FOE,013,9,LINE_14,LAC,PHARMA
02626,1.30,3/2/2021,129.00,959.00,51.207,,,,,,0.000,0.000,FOE,013,9,LINE_05,LAC,VISIT-MEDI
02626,1.84,3/2/2021,,959.00,,,,,,,0.000,0.000,FOE,013,9,LINE_05,LAC,VISIT-MEDI
02632,1.25,3/22/2021,121.00,878.00,40.975,,,,,,0.000,0.000,FOE,013,9,LINE_10,LAC,VISIT-MEDI
02632,1.78,3/22/2021,,878.00,,,,,,,0.000,0.000,FOE,013,9,LINE_10,LAC,VISIT-MEDI
02634,1.74,4/5/2021,198.00,2070.50,75.849,,,,,,0.000,0.000,FOE,013,9,LINE_07,LAC,VISIT-MEDI
02634,1.74,4/5/2021,66.00,2070.50,26.949,,,,,,0.000,0.000,FOE,013,9,LINE_07,LAC,VISIT-MEDI
02636,1.18,5/17/2021,146.00,1103.00,58.778,,,,,,0.000,0.000,FOE,013,9,LINE_04,LAC,VISIT-MEDI
02636,1.63,5/17/2021,,1103.00,,,,,,,0.000,0.000,FOE,013,9,LINE_04,LAC,VISIT-MEDI
02637,0.76,5/20/2021,40.00,243.00,31.318,,,,,,0.000,0.000,SHO,013,24,SHO,LAC,
02638,1.59,6/1/2021,242.00,1994.00,91.773,,,,,,0.000,0.000,FOE,013,9,LINE_10,LAC,DELEGUE
02638,1.59,6/1/2021,22.00,1994.00,6.941,,,,,,0.000,0.000,FOE,013,9,LINE_10,LAC,DELEGUE
02645,1.21,7/5/2021,187.00,1405.50,113.144,,,,,,0.000,0.000,SHO,013,24,SHO,LAC,
02646,1.47,7/13/2021,66.00,2032.25,13.959,,,,64.529,6.500,64.529,6.500,GA,002,2,DAF,KAL,
02646,1.47,7/13/2021,197.00,2032.25,44.547,,,,,,0.000,0.000,GA,002,2,DAF,KAL,
02650,0.86,8/12/2021,108.00,744.55,92.317,,,,,,0.000,0.000,INDUS,011,30,MNT,KAL,MAINT-MOI
02651,0.85,8/16/2021,119.50,886.56,40.468,,33.380,2.400,119.215,7.500,152.595,9.900,INDUS,009,33,MQU,KAL,
02652,1.38,8/16/2021,21.00,1960.34,5.507,,,,,,0.000,0.000,INDUS,009,33,DEVAMM,KAL,
02652,1.38,8/16/2021,214.00,1960.34,63.332,,,,,,0.000,0.000,RD,005,11,DEVAMM,KAL,
02654,0.95,9/9/2021,166.00,1292.00,129.970,,,,,,0.000,0.000,FOE,013,9,LINE_07,LAC,
02657,1.26,9/27/2021,264.00,2070.13,149.046,,,,,,0.000,0.000,GA,008,19,GRH,KAL,RH
02658,1.24,10/4/2021,22.00,1912.09,5.288,,,,,,0.000,0.000,GA,001,1,DG,LAC,ASS
02658,1.24,10/4/2021,176.00,1912.09,45.190,,,,,,0.000,0.000,GA,001,1,DG,LAC,
02658,1.24,10/4/2021,66.00,1912.09,28.752,,,,,,0.000,0.000,GA,001,1,DG,LAC,
02659,1.25,9/30/2021,264.00,2296.72,81.012,,308.016,24.440,1091.054,75.750,1399.070,100.190,INDUS,011,30,MNT,KAL,MAINT-MOI
02662,1.24,10/4/2021,263.50,2186.75,38.986,,,,206.572,29.750,206.572,29.750,INDUS,009,32,CQ,KAL,ANA
02663,0.44,10/11/2021,55.00,399.30,7.813,,,,,,0.000,0.000,RD,005,11,DEVAMM,KAL,
02665,1.17,11/1/2021,264.00,2237.84,55.836,,,,1163.406,117.190,1163.406,117.190,INDUS,011,30,MNT,KAL,MAINT-MOI
02666,1.15,11/8/2021,263.00,2198.91,141.333,,,,,,0.000,0.000,INDUS,011,28,DIR-INDUS,KAL,MOI
02667,1.02,11/15/2021,169.00,1206.90,174.806,,,,,,0.000,0.000,INDUS,011,28,DIR-INDUS,KAL,MOI
02668,0.42,11/17/2021,82.00,632.11,44.057,,141.445,6.410,,,141.445,6.410,INDUS,009,33,MQU,KAL,
02669,1.08,12/2/2021,264.00,2120.00,107.202,,,,,,0.000,0.000,FOE,013,9,LINE_14,LAC,PHARMA
02670,1.01,12/27/2021,260.00,2348.75,113.265,,290.544,16.240,2648.840,129.550,2939.384,145.790,INDUS,009,37,MQU,KAL,
02671,0.80,1/3/2022,202.00,1661.00,269.697,,,,,,0.000,0.000,FOE,013,9,LINE_08,LAC,SUP-MEDICA
02672,0.63,1/3/2022,168.00,1312.00,161.700,,,,,,0.000,0.000,FOE,013,9,LINE_04,LAC,SUP-MEDICA
02672,0.99,1/3/2022,,1312.00,,,,,,,0.000,0.000,FOE,013,9,LINE_04,LAC,SUP-MEDICA
02673,0.99,1/3/2022,256.00,2129.00,94.836,,,,,,0.000,0.000,FOE,013,9,LINE_14,LAC,PHARMA
02674,0.99,1/3/2022,255.50,2250.26,58.103,,,,,,0.000,0.000,INDUS,004,26,LOGISTIQUE,KAL,ACH
02676,0.97,1/11/2022,250.00,2048.00,100.648,,,,,,0.000,0.000,FOE,013,9,LINE_11,LAC,
02677,0.97,1/11/2022,250.00,2075.00,92.614,,,,,,0.000,0.000,FOE,013,9,LINE_06,LAC,
02678,0.97,1/11/2022,250.00,2120.00,134.318,,,,,,0.000,0.000,FOE,013,9,LINE_03,LAC,
02679,0.97,1/11/2022,250.00,2084.00,108.909,,,,,,0.000,0.000,FOE,013,9,LINE_03,LAC,
02680,0.97,1/12/2022,95.00,2111.00,51.041,,,,,,0.000,0.000,FOE,013,9,LINE_06,LAC,
02680,0.97,1/12/2022,154.00,2111.00,82.740,,,,,,0.000,0.000,FOE,013,9,LINE_06,LAC,
02681,0.97,1/13/2022,248.00,2048.00,99.842,,,,,,0.000,0.000,FOE,013,9,LINE_10,LAC,
02683,0.94,1/24/2022,241.00,2041.00,81.612,,,,,,0.000,0.000,FOE,013,9,LINE_09,LAC,
02684,0.94,1/24/2022,65.00,665.25,26.168,,,,,,0.000,0.000,INDUS,009,33,MQU,KAL,
02684,0.32,1/24/2022,22.00,665.25,8.857,,,,,,0.000,0.000,INDUS,009,33,MQU,KAL,
02685,0.46,7/18/2022,113.00,989.69,38.266,,,,,,0.000,0.000,INDUS,011,28,MQU,KAL,MOI
02687,0.32,9/7/2022,75.00,705.54,16.390,,,,,,0.000,0.000,INDUS,011,30,EHS,KAL,MAINT-MOI
02689,0.46,7/18/2022,113.00,995.58,38.266,,,,,,0.000,0.000,INDUS,009,33,MQU,KAL,
02690,0.76,2/16/2022,192.50,1099.75,50.480,,,,,,0.000,0.000,GA,003,7,CG,LAC,
02691,0.82,3/9/2022,206.00,1638.56,161.289,,,,,,0.000,0.000,SHO,013,24,MKTNG-COM,LAC,
02692,0.07,2/23/2022,19.00,153.07,1.783,,,,,,0.000,0.000,INDUS,011,31,EHS,KAL,EHS-MOI
02694,0.84,3/1/2022,214.00,1769.00,100.473,,,,,,0.000,0.000,FOE,013,9,LINE_14,LAC,
02695,0.47,3/2/2022,118.00,925.00,39.960,,,,,,0.000,0.000,FOE,013,9,LINE_08,LAC,
02697,0.31,9/8/2022,75.00,739.45,27.784,,,,,,0.000,0.000,INDUS,011,28,MQU,KAL,MOI
02698,0.82,3/8/2022,205.00,1713.99,153.144,,,,,,0.000,0.000,INDUS,009,32,CQ,KAL,
02700,0.78,3/21/2022,190.50,1553.07,18.291,,25.045,6.500,,,25.045,6.500,INDUS,011,28,DIR-INDUS,KAL,MOD
02702,0.38,4/4/2022,100.00,735.48,9.382,,,,,,0.000,0.000,INDUS,011,28,DIR-INDUS,KAL,MOD
02703,0.72,4/14/2022,179.00,1474.00,66.310,,,,,,0.000,0.000,FOE,013,9,LINE_10,LAC,
02704,0.50,4/21/2022,127.00,1015.67,12.045,,4.816,1.250,,,4.816,1.250,INDUS,011,28,DIR-INDUS,KAL,MOD
02705,0.25,4/21/2022,64.00,516.53,6.004,,,,,,0.000,0.000,INDUS,011,31,EHS,KAL,EHS-MOI
02706,0.70,4/21/2022,176.00,1491.61,16.944,,68.012,16.500,35.331,7.500,103.343,24.000,INDUS,011,31,EHS,KAL,EHS-MOI
02707,0.10,5/16/2022,25.00,216.00,8.466,,,,,,0.000,0.000,FOE,013,9,LINE_04,LAC,
02708,0.63,5/16/2022,159.00,1395.00,53.843,,,,,,0.000,0.000,FOE,013,9,LINE_09,LAC,
02709,0.52,5/16/2022,126.00,1053.00,42.668,,,,,,0.000,0.000,FOE,013,9,LINE_07,LAC,DELEGUE
02709,0.63,5/16/2022,,1053.00,,,,,,,0.000,0.000,FOE,013,9,LINE_07,LAC,DELEGUE
02710,0.63,5/16/2022,6.00,906.82,5.129,,,,,,0.000,0.000,INDUS,009,33,MQU,KAL,
02710,0.63,5/16/2022,154.00,906.82,131.635,,,,,,0.000,0.000,INDUS,009,33,MQU,KAL,
02711,0.59,5/30/2022,144.00,1299.18,57.972,,,,,,0.000,0.000,RD,005,11,DEVAMM,KAL,
02713,0.57,6/6/2022,143.00,1260.00,52.975,,,,,,0.000,0.000,FOE,013,9,LINE_09,LAC,
02714,0.55,6/14/2022,136.00,1224.00,63.853,,,,,,0.000,0.000,FOE,013,9,LINE_06,LAC,
02715,0.55,6/15/2022,136.00,1278.73,20.802,,,,,,0.000,0.000,INDUS,009,33,MQU,KAL,
02719,0.53,6/20/2022,132.00,1248.85,79.866,,,,,,0.000,0.000,INDUS,009,33,WAREHOUSE,KAL,
02722,0.04,6/23/2022,8.50,76.28,2.601,,,,,,0.000,0.000,INDUS,009,32,CQ,KAL,
02729,0.50,7/1/2022,117.50,1031.30,24.852,,,,,,0.000,0.000,INDUS,011,28,DIR-INDUS,KAL,MOD
02730,0.47,7/13/2022,116.00,1026.00,44.813,,,,,,0.000,0.000,FOE,013,9,LINE_07,LAC,
02731,0.47,7/11/2022,118.00,1044.00,51.405,,,,,,0.000,0.000,FOE,013,9,LINE_03,LAC,
02732,0.46,7/18/2022,113.00,1008.00,43.654,,,,,,0.000,0.000,FOE,013,9,LINE_03,LAC,
02733,0.42,8/1/2022,103.00,839.77,43.162,,,,,,0.000,0.000,SHO,013,24,MKTNG-COM,LAC,
02736,0.12,8/8/2022,27.00,243.00,10.002,,,,,,0.000,0.000,FOE,013,9,LINE_05,LAC,
02737,0.40,8/8/2022,96.50,895.77,58.388,,,,120.700,4.250,120.700,4.250,INDUS,009,33,MQU,KAL,
02738,0.40,8/9/2022,97.00,891.00,37.473,,,,,,0.000,0.000,FOE,013,9,LINE_02,LAC,
02739,0.36,8/22/2022,85.00,751.04,61.972,,,,,,0.000,0.000,GA,007,25,ITM,KAL,
02742,0.32,9/7/2022,76.00,738.83,9.966,,,,,,0.000,0.000,GA,002,4,DAF,KAL,
02743,0.10,9/13/2022,27.00,221.01,2.677,,,,,,0.000,0.000,INDUS,011,31,EHS,KAL,EHS-MOI
02744,0.23,9/27/2022,44.00,357.00,4.416,,,,,,0.000,0.000,INDUS,011,31,EHS,KAL,EHS-MOI
02745,0.25,9/30/2022,59.00,571.74,74.335,,,,,,0.000,0.000,INDUS,011,30,MNT,KAL,MAINT-MOI
02749,0.14,11/9/2022,31.00,257.21,20.932,,,,,,0.000,0.000,MEDIM,016,40,AFF-REG,LAC,
02750,0.12,11/16/2022,25.00,288.00,35.258,,,,,,0.000,0.000,FOE,013,9,LINE_03,LAC,SUP-MEDICA
02751,-0.01,1/2/2023,,,,,,,,,0.000,0.000,FOE,013,9,LINE_02,LAC,
02753,-0.01,1/2/2023,,,,,,,,,0.000,0.000,FOE,013,9,LINE_02,LAC,SUP-MEDICA
02754,-0.01,1/2/2023,,,,,,,,,0.000,0.000,FOE,013,9,LINE_03,LAC,
02755,-0.01,1/2/2023,,,,,,,,,0.000,0.000,FOE,013,9,LINE_06,LAC,DELEGUE
02756,-0.01,1/2/2023,,,,,,,,,0.000,0.000,FOE,013,9,LINE_04,LAC,DELEGUE
02757,-0.01,1/2/2023,,,,,,,,,0.000,0.000,FOE,013,9,LINE_10,LAC,
02758,-0.01,1/2/2023,,,,,,,,,0.000,0.000,FOE,013,9,LINE_09,LAC,DELEGUE
02761,-0.03,1/10/2023,,,,,,,,,0.000,0.000,FOE,013,9,LINE_09,LAC,DELEGUE
02768,-0.03,1/10/2023,,,,,,,,,0.000,0.000,SHO,013,24,LINE_12,LAC,
02771,-0.04,1/16/2023,,,,,,,,,0.000,0.000,FOE,013,9,LINE_11,LAC,DELEGUE
02772,-0.04,1/16/2023,,,,,,,,,0.000,0.000,INDUS,014,13,PRT,KAL,
20001,8.21,10/13/2014,239.00,1805.00,139.775,,,,,,0.000,0.000,FOE,013,9,LINE_08,LAC2,DELEGUE
20002,8.24,10/13/2014,264.00,2178.50,337.254,,,,,,0.000,0.000,FOE,013,9,SHO,LAC2,SUP-MEDICA
20010,8.13,11/21/2014,264.00,2169.00,249.684,,,,,,0.000,0.000,SHO,013,,SHO,LAC2,
20013,7.60,6/1/2015,264.00,2108.00,153.234,,,,,,0.000,0.000,FOE,013,9,LINE_10,LAC2,VISIT-MEDI
20019,6.39,8/15/2016,259.00,2068.00,118.537,,,,,,0.000,0.000,FOE,013,9,LINE_09,LAC2,VISIT-MEDI
20020,6.39,8/18/2016,263.00,2129.00,119.182,,,,,,0.000,0.000,FOE,013,9,LINE_01,LAC2,VISIT-MEDI
20021,6.11,11/15/2016,225.00,1708.00,93.651,,,,,,0.000,0.000,FOE,013,9,LINE_04,LAC2,VISIT-MEDI
20022,6.14,11/15/2016,264.00,2066.00,129.504,,,,,,0.000,0.000,FOE,013,9,LINE_02,LAC2,DELEGUE
20023,4.97,1/15/2018,264.00,2111.00,185.364,,,,,,0.000,0.000,FOE,013,9,LINE_01,LAC2,DELEGUE
20025,4.50,7/5/2018,264.00,2102.00,124.110,,,,,,0.000,0.000,FOE,013,9,LINE_01,LAC2,VISIT-MEDI
20027,4.14,9/3/2018,201.00,1508.00,69.725,,,,,,0.000,0.000,FOE,013,9,LINE_01,LAC2,DELEGUE
20027,4.34,9/3/2018,,1508.00,,,,,,,0.000,0.000,FOE,013,9,LINE_01,LAC2,DELEGUE
20028,3.36,2/11/2019,130.00,1013.00,47.166,,,,,,0.000,0.000,FOE,013,9,LINE_02,LAC2,DELEGUE
20029,3.73,4/11/2019,264.00,2111.00,201.252,,,,,,0.000,0.000,FOE,013,9,LINE_04,LAC2,DELEGUE
20031,3.00,1/3/2020,22.00,2084.00,17.598,,,,,,0.000,0.000,FOE,013,9,LINE_01,LAC2,AM
20031,3.00,1/3/2020,241.50,2084.00,205.933,,,,,,0.000,0.000,FOE,013,9,LINE_01,LAC2,AM
20034,2.03,12/21/2020,264.00,2084.00,93.990,,,,,,0.000,0.000,FOE,013,9,LINE_03,LAC2,VISIT-MEDI
20035,1.91,2/2/2021,154.00,2084.00,53.066,,,,,,0.000,0.000,FOE,013,9,LINE_01,LAC2,VISIT-MEDI
20035,1.91,2/2/2021,110.00,2084.00,41.830,,,,,,0.000,0.000,FOE,013,9,LINE_01,LAC2,VISIT-MEDI
20036,0.94,1/24/2022,241.00,2057.00,129.483,,,,,,0.000,0.000,FOE,013,9,LINE_02,LAC2,DELEGUE
20037,0.93,1/26/2022,239.00,1994.00,217.164,,,,,,0.000,0.000,FOE,013,9,LINE_02,LAC2,
20038,0.71,4/18/2022,177.00,1438.00,95.098,,,,,,0.000,0.000,FOE,013,9,LINE_01,LAC2,
20039,0.40,8/9/2022,97.00,891.00,35.934,,,,,,0.000,0.000,FOE,013,9,LINE_01,LAC2,
20040,0.09,11/28/2022,17.00,220.00,7.982,,,,,,0.000,0.000,FOE,013,9,LINE_05,LAC2,VISIT-MEDI
20041,-0.01,1/2/2023,,,,,,,,,0.000,0.000,FOE,013,9,LINE_02,LAC2,DELEGUE
