,,04/05/2026 16:58,,,,,,,,,,,,,,,,,,,,,,,,,,,
,ETAT TPS,,,,,,,,,,,,,,,,,,,,,,,,,,,,
,Du 01/09/2025 au 30/09/2025,,,,,,,,,,,,,,,,,,,,,,,,,,,,
,,01715,,,,,,,,,,,,,,,,,,,,,,,,,,,
Matricule,Nom & Prénom,Présence badgée,Présence badgée validée,Heures totales,Cumul Abs vers la paie,Absence vers la paie en jour,HS75,HSUP100%,MISSION,FORM,MALAD,MATERNITE,RC.ALLAIT,AC.TRAJET,AC.TRAVAIL,ARRET TRV,AUTO,CSS,CPAT,CMAR,CNAIS,CDESES,CP.EX,CIR,M.A.P,VALHS,FERIE,VALHR,CP
00007,Production,166.27,157.27,184.27,0,0.0,0,0,0,0,0,0,0,0,0,0,0,0,0,0,0,0,0,0,0,0,9,0,18.00
00013,Direction Générale,184.23,175.16,195.05,0,0.0,0,0,0,0,0,0,0,0,0,0,2,0,0,0,0,0,0,0,0,0,9,0,9.00
00041,Logistique,178.24,177.03,197.31,0.08,0.0,0,0,0,0,0,0,0,0,0,0,3,0,0,0,0,0,0,0,0,0,9,0,9.00
00042,Direction  Administrative et Financière,183.32,174.02,197.32,0,0.0,0,0,0,0,0,0,0,0,0,0,1,0,0,0,0,0,0,0,0,0,9,0,13.50
00075,Production,195.24,184.54,195.54,0,0.0,0,0,0,0,0,0,0,0,0,0,2,0,0,0,0,0,0,0,0,0,9,0,0.00
00086,Contrôle Qualité,165.18,159.5,170.36,0,0.0,0,0,0,0,0,0,0,0,0,0,2,0,0,0,0,0,0,0,0,0,9,0,0.00
00096,Production,176.43,170.07,179.07,0,0.0,0,0,0,0,0,0,0,0,0,0,0,0,0,0,0,0,0,0,0,0,9,0,0.00
00107,Production,197.32,187.02,198,0,0.0,0,0,0,0,0,0,0,0,0,0,2,0,0,0,0,0,0,0,0,0,9,0,0.00
00112,Sales Force,0,180,198,0,0.0,0,0,0,0,0,0,0,0,0,0,0,0,0,0,0,0,0,0,0,0,9,0,9.00
00120,Direction  Administrative et Financière,0,144,198,0,0.0,0,0,0,0,0,0,0,0,0,0,0,0,0,0,0,0,0,0,0,0,9,0,45.00
00210,Assurance Qualité,109.01,108,198,0,0.0,0,0,0,0,0,0,0,0,0,0,0,0,0,0,0,0,0,0,0,0,9,0,81.00
00221,Contrôle Qualité,197.07,186.37,197.37,0,0.0,0,0,0,0,0,0,0,0,0,0,2,0,0,0,0,0,0,0,0,0,9,0,0.00
00230,Direction  Administrative et Financière,186.39,176.39,198,0,0.0,0,0,0,0,0,0,0,0,0,0,0,0,0,0,0,0,0,0,0,0,9,0,13.50
00259,International Sales,0,153,198,0,0.0,0,0,0,0,0,0,0,0,0,0,0,0,0,0,0,0,0,0,0,0,9,0,36.00
00294,Production,169.44,167.34,178.34,0.15,0.0,0,0.01,0,0,0,0,0,0,0,0,2,0,0,0,0,0,0,0,0,0,9,0.01,0.00
00300,Production,178.43,177.52,187.44,0,0.0,0,0,0,0,0,0,0,0,0,0,1,0,0,0,0,0,0,0,0,0,9,0,0.00
00303,Assurance Qualité,194.17,183.47,197.11,0,0.0,0,0,0,0,0,0,0,0,0,0,0,0,0,0,0,0,0,0,0,0,9,0,4.50
00304,Production,186.43,186.38,195.38,0,0.0,0,0,0,0,0,0,0,0,0,0,0,0,0,0,0,0,0,0,0,0,9,0,0.00
00307,Production,174.15,173.44,182.44,0,0.0,0,0,0,0,0,0,0,0,0,0,0,0,0,0,0,0,0,0,0,0,9,0,0.00
00327,Logistique,180.3,171,198,0,0.0,0,0,0,0,0,0,0,0,0,0,3,0,0,0,0,0,0,0,0,0,9,0,9.00
00329,Logistique,163.2,160.13,202.12,0,0.0,0,0.12,0,0,0,0,0,0,0,0,2,0,0,0,0,0,0,0,0,0,9,0.12,31.50
00332,Production,189.36,179.36,203.05,0,0.0,4.08,0,0,0,0,0,0,0,0,0,2,0,0,0,0,0,0,0,0,8,9,0,4.50
00361,Affaires Juridiques,122.3,110.02,152.21,0.14,0.0,0,0,13.3,0,0,0,0,0,0,0,0,0,0,0,0,0,0,0,0,0,9,0,22.50
00372,Production,186.57,186.56,196.26,0,0.0,0,0,0,0,0,0,0,0,0,0,0.3,0,0,0,0,0,0,0,0,0,9,0,0.00
00386,Marketing And Sales,163.26,149.01,176.01,0,0.0,0,0,0,0,0,0,0,0,0,0,0,0,0,0,0,0,0,0,0,0,9,0,18.00
00396,Assurance Qualité,156.41,148.11,197.11,0,0.0,0,0,13.3,27,0,0,0,0,0,0,0,0,0,0,0,0,0,0,0,0,9,0,0.00
00399,Production,176.05,176.04,196.04,0,0.0,0,0,0,0,0,0,0,0,0,0,2,0,0,0,0,0,0,0,0,0,9,0,9.00
00417,Production,189.12,179.12,188.12,0,0.0,0,0,0,0,0,0,0,0,0,0,0,0,0,0,0,0,0,0,0,0,9,0,0.00
00419,Production,152.42,151.05,160.05,0,0.0,0,0,0,0,0,0,0,0,0,0,0,0,0,0,0,0,0,0,0,0,9,0,0.00
00420,Marketing And Sales,0,180,198,0,0.0,0,0,0,0,0,0,0,0,0,0,0,0,0,0,0,0,0,0,0,0,9,0,9.00
00421,Production,0,189,198,0,0.0,0,0,0,0,0,0,0,0,0,0,0,0,0,0,0,0,0,0,0,0,9,0,0.00
00453,Production,169.51,169.4,196.4,0,0.0,0,0,0,0,0,0,18,0,0,0,0,0,0,0,0,0,0,0,0,0,9,0,0.00
00469,Production,176.25,166.26,208.29,0,0.0,3.59,0,0,0,0,0,0,0,0,0,0.3,0,0,0,0,0,0,0,0,24.03,9,0,9.00
00480,Production,187.56,184.32,198.02,0,0.0,1.3,0,0,0,0,0,0,0,0,0,0.3,0,0,0,0,0,0,0,0,4.3,9,0,0.00
00482,Production,168.32,168.32,187.04,0,0.0,0,0,0,0,0,0,0,0,0,0,0.55,0,0,0,0,0,0,0,0,0,9,0,9.00
00514,Logistique,0,189,198,0,0.0,0,0,0,0,0,0,0,0,0,0,0,0,0,0,0,0,0,0,0,0,9,0,0.00
00530,Production,200.41,187.45,199.23,0.13,0.0,0,0,0,0,0,0,0,0,0,0,0.3,0,0,0,0,0,0,0,0,2.32,9,0,0.00
00574,Logistique,0,189,198,0,0.0,0,0,0,0,0,0,0,0,0,0,0,0,0,0,0,0,0,0,0,0,9,0,0.00
00621,Logistique,198.39,188.09,197.09,0,0.0,0,0,0,0,0,0,0,0,0,0,0,0,0,0,0,0,0,0,0,0,9,0,0.00
00676,Pharmacien Responsable Technique,182.36,180.35,194.32,0,0.0,0,0,0,0,0,0,0,0,0,0,0.3,0,0,0,0,0,0,0,0,0,9,0,4.50
00677,"Environnement, Hygiène et Sécurité",141.3,134,206.25,0,0.0,4.27,0,0,0,0,0,0,0,0,0,1,0,0,0,0,0,0,0,0,8.25,9,0,54.00
00712,Logistique,178.32,169.02,187.02,0,0.0,0,0,9,0,0,0,0,0,0,0,0,0,0,0,0,0,0,0,0,0,9,0,0.00
00717,Contrôle Qualité,107.06,104.01,123.01,11.05,0.0,0,0,0,0,0,0,0,0,0,0,1,0,0,0,0,0,0,0,0,0,9,0,9.00
00718,Logistique,154.12,146.12,182.14,4.31,0.0,0,0,9,0,0,0,0,0,0,0,0.02,0,0,0,0,0,0,0,0,0,9,0,18.00
00759,Production,184.18,175.46,197.55,0,0.0,0,0,0,0,0,0,0,0,0,0,0,0,0,0,0,0,0,0,0,0,9,0,13.50
00804,"Environnement, Hygiène et Sécurité",142.39,133.09,198,0,0.0,0,0,0,0,0,0,38,0,0,0,0,0,0,0,0,0,0,0,0,0,9,0,18.00
00817,Production,178.15,178.15,196.21,0,0.0,0,0,0,0,0,0,0,0,0,0,2,0,0,0,0,0,0,0,0,0,9,0,9.00
00832,"Environnement, Hygiène et Sécurité",178.26,168.56,188.56,0.02,0.0,0,0,0,0,0,0,0,0,0,0,3,0,0,0,0,0,0,0,0,0,9,0,13.50
00833,"Environnement, Hygiène et Sécurité",196.53,186.26,197.14,0,0.0,0,0,0,0,0,0,0,0,0,0,2,0,0,0,0,0,0,0,0,0,9,0,0.00
00851,"Environnement, Hygiène et Sécurité",199.3,189,198,0,0.0,0,0,0,0,0,0,0,0,0,0,0,0,0,0,0,0,0,0,0,0,9,0,0.00
00856,Production,188.17,182.07,196.19,0,0.0,0,0,0,0,0,0,0,0,0,0,1,0,0,0,0,0,0,0,0,0,9,0,4.50
00859,Production,197.21,187.21,197.46,0,0.0,0,0.33,0,0,0,0,0,0,0,0,2,0,0,0,0,0,0,0,0,0,9,0.33,0.00
00895,Logistique,139.34,135.55,193.18,0,0.0,9,0,0,0,0,0,0,0,0,0,0,0,0,0,0,0,0,0,0,0,9,0,49.50
00902,Production,186.44,186.44,195.44,0,0.0,0,0,0,0,0,0,0,0,0,0,0,0,0,0,0,0,0,0,0,0,9,0,0.00
00927,"Environnement, Hygiène et Sécurité",168.23,159.48,186.48,0.06,0.0,0,0,0,0,0,0,0,0,0,0,0,9,0,0,0,0,0,0,0,0,9,0,9.00
00954,Contrôle Qualité,184.34,177.56,188.53,0,0.0,0,0,0,0,0,0,0,0,0,0,2,0,0,0,0,0,0,0,0,0,9,0,0.00
00957,Maintenance,175.4,166.4,202.4,0,0.0,0,0.01,0,0,0,0,0,0,0,0,0,0,0,0,0,0,0,0,0,0,9,0.01,27.00
00961,Production,199.29,188.59,197.59,0,0.0,0,0,0,0,0,0,0,0,0,0,0,0,0,0,0,0,0,0,0,0,9,0,0.00
00964,Contrôle Qualité,191,188.5,200.4,0.01,0.0,0,0.26,0,0,0,0,0,0,0,0,0,0,0,0,0,0,0,0,0,2.5,9,0.26,0.00
00966,Production,194.06,189,198,0,0.0,0,0,0,0,0,0,0,0,0,0,0,0,0,0,0,0,0,0,0,0,9,0,0.00
01002,Sales Force,0,108,135,0,0.0,0,0,18,0,0,0,0,0,0,0,0,0,0,0,0,0,0,0,0,0,9,0,0.00
01004,Sales Force,0,162,198,0,0.0,0,0,0,0,0,0,0,0,0,0,0,0,0,0,0,0,0,0,0,0,9,0,27.00
01010,Production,189.02,179.02,197.02,0,0.0,0,0,0,0,0,0,0,0,0,0,0,9,0,0,0,0,0,0,0,0,9,0,0.00
01030,Maintenance,111.44,106,191.3,0,0.0,0,0.1,27,0,0,0,0,0,0,0,0,0,0,0,0,0,0,0,0,0,9,0.1,49.50
01033,Sales Force,0,189,198,0,0.0,0,0,0,0,0,0,0,0,0,0,0,0,0,0,0,0,0,0,0,0,9,0,0.00
01045,Production,194.35,188.58,197.58,0,0.0,0,0,0,0,0,0,0,0,0,0,0,0,0,0,0,0,0,0,0,0,9,0,0.00
01046,Production,89.28,88.58,169.58,0,0.0,0,0,0,0,72,0,0,0,0,0,0,0,0,0,0,0,0,0,0,0,9,0,0.00
01065,Business Development,118.25,180,198,0,0.0,0,0,0,0,0,0,0,0,0,0,0,0,0,0,0,0,0,0,0,0,9,0,9.00
01077,Production,180.33,168.53,203.53,0,0.0,3.58,0,0,0,0,0,0,0,0,0,2,0,0,0,0,0,0,0,0,6,9,0,18.00
01089,Production,0,0,198,0,0.0,0,0,0,0,198,0,0,0,0,0,0,0,0,0,0,0,0,0,0,0,0,0,0.00
01105,Logistique,179.47,179.41,197.44,0,0.0,0,0,0,0,0,0,0,0,0,0,1,0,0,0,0,0,0,0,0,0,9,0,9.00
01120,Production,194.11,186.4,195.4,0,0.0,0,0,0,0,0,0,0,0,0,0,0,0,0,0,0,0,0,0,0,0,9,0,0.00
01121,Production,183.51,183.51,195.21,0,0.0,8.46,16.54,0,0,0,0,0,0,0,0,2.3,0,0,0,0,0,0,0,0,0,9,16.54,0.00
01127,Systèmes D'Information,53.59,49.59,85.59,0,0.0,0,0,0,0,0,0,0,0,0,0,0,0,0,0,0,0,0,0,0,0,9,0,27.00
01129,Logistique,182.32,179.37,197.37,0,0.0,0,0,0,0,0,0,0,0,0,0,0,0,0,0,0,0,0,0,0,0,9,0,9.00
01135,Production,186.54,186.54,195.54,0,0.0,0,0,0,0,0,0,0,0,0,0,0,0,0,0,0,0,0,0,0,0,9,0,0.00
01137,Sales Force,0,189,198,0,0.0,0,0,0,0,0,0,0,0,0,0,0,0,0,0,0,0,0,0,0,0,9,0,0.00
01141,Sales Force,0,189,198,0,0.0,0,0,0,0,0,0,0,0,0,0,0,0,0,0,0,0,0,0,0,0,9,0,0.00
01160,Sales Force,0,189,198,0,0.0,0,0,0,0,0,0,0,0,0,0,0,0,0,0,0,0,0,0,0,0,9,0,0.00
01181,Maintenance,197.33,187.52,199.29,0,0.0,0,0,0,0,0,0,0,0,0,0,0,0,0,0,0,0,0,0,0,2.37,9,0,0.00
01198,Production,185.2,185.2,195,0,0.0,0,0,0,0,0,0,0,0,0,0,0.4,0,0,0,0,0,0,0,0,0,9,0,0.00
01204,Direction  Administrative et Financière,145.25,137.25,193.21,0,0.0,0,0,0,0,0,0,0,0,0,0,2,0,0,0,0,0,0,0,0,0,9,0,45.00
01207,Logistique,199.25,188.55,197.55,0,0.0,0,0.13,0,0,0,0,0,0,0,0,0,0,0,0,0,0,0,0,0,0,9,0.13,0.00
01224,Logistique,179.34,178.02,196.1,0,0.0,0,0,0,0,0,0,0,0,0,0,0.3,0,0,0,0,0,0,0,0,0,9,0,9.00
01240,Logistique,124.52,117.22,138.5,0,0.0,0,0,13.3,0,0,0,0,0,0,0,0,0,0,0,0,0,0,0,0,0,9,0,0.00
01250,Production,179.06,171.02,183.31,3.33,0.0,0,0,0,0,0,0,0,0,0,0,4,0,0,0,0,0,0,0,0,0,9,0,0.00
01253,Production,186.33,186,195,0,0.0,0,0,0,0,0,0,0,0,0,0,0,0,0,0,0,0,0,0,0,0,9,0,0.00
01272,Direction  Administrative et Financière,103.48,98.18,197.18,0,0.0,0,0,0,0,0,0,0,0,0,0,0,0,0,0,0,0,0,0,0,0,9,0,90.00
01276,"Environnement, Hygiène et Sécurité",172.15,169.27,197.57,0,0.0,0,0,0,0,0,0,0,0,0,0,1.3,0,0,0,0,0,0,0,0,0,9,0,18.00
01279,Production,179.23,178.23,196.23,0,0.0,0,0,0,0,0,0,0,0,0,0,0,9,0,0,0,0,0,0,0,0,9,0,0.00
01286,Production,0,0,171,18,0.0,0,0,0,0,171,0,0,0,0,0,0,0,0,0,0,0,0,0,0,0,0,0,0.00
01293,Production,182.13,178.43,187.45,0,0.0,0,0,0,0,0,0,0,0,0,0,0.3,0,0,0,0,0,0,0,0,0,9,0,0.00
01311,"Environnement, Hygiène et Sécurité",157,148.3,195.28,0,0.0,0,0,0,0,0,0,36,0,0,0,2,0,0,0,0,0,0,0,0,0,9,0,0.00
01317,Production,190.37,187.57,196.57,0,0.0,0,0,0,0,0,0,0,0,0,0,0,0,0,0,0,0,0,0,0,0,9,0,0.00
01319,Production,183.41,183.41,194.41,0,0.0,0,0,0,0,0,0,0,0,0,0,2,0,0,0,0,0,0,0,0,0,9,0,0.00
01334,Affaires Réglementaires,0,189,198,0,0.0,0,0,0,0,0,0,0,0,0,0,0,0,0,0,0,0,0,0,0,0,9,0,0.00
01336,Production,198.58,188.28,197.58,0,0.0,0,0,0,0,0,0,0,0,0,0,0.3,0,0,0,0,0,0,0,0,4.3,9,0,0.00
01351,Production,195.38,185.38,201.58,0,0.0,4.35,0.42,0,0,0,0,0,0,0,0,2,0,0,0,0,0,0,0,0,5.54,9,0.42,0.00
01354,Production,152.35,143.05,193.55,1.37,0.0,0,0,0,0,0,0,42,0,0,0,0,0,0,0,0,0,0,0,0,0,9,0,0.00
01355,Production,185.13,183.16,192.16,0,0.0,0,0,0,0,0,0,0,0,0,0,0.3,0,0,0,0,0,0,0,0,0,9,0,0.00
01379,"Environnement, Hygiène et Sécurité",217.18,206.45,207.46,0,0.0,0,0,0,0,0,0,0,0,0,0,1.01,0,0,0,0,0,0,0,0,0,8,0,0.00
01385,Production,63.11,63.1,63.1,0,0.0,0.13,8.32,0,0,0,0,0,0,0,0,0,0,0,0,0,0,0,0,0,0,0,8.32,0.00
01392,Ressources Humaines,145.04,137.34,197.04,0,0.0,0,0,0,18,0,0,0,0,0,0,1,0,0,0,0,0,0,0,0,0,9,0,31.50
01448,Production,160.27,160.27,169.27,0,0.0,0,0,0,0,0,0,0,0,0,0,0,0,0,0,0,0,0,0,0,0,9,0,0.00
01458,Production,185.36,184.55,194.48,0,0.0,0,0,0,0,0,0,0,0,0,0,1,0,0,0,0,0,0,0,0,0.31,9,0,0.00
01461,Production,169.23,161.07,180.02,8.59,0.0,0,0,0,0,0,0,0,0,0,0,2,0,0,0,0,0,0,0,0,8.01,9,0,0.00
01465,Systèmes D'Information,168.24,159.24,179.21,0,0.0,0,0,0,0,0,0,0,0,0,0,2,0,0,0,0,0,0,0,0,3.1,9,0,9.00
01473,Contrôle Qualité,196.05,188.1,198,0,0.0,0,0,0,0,0,0,0,0,0,0,1,0,0,0,0,0,0,0,0,0,9,0,0.00
01476,Production,187.38,177.43,193.55,0,0.0,0,0,0,0,0,0,0,0,0,0,2.42,0,0,0,0,0,0,0,0,0,9,0,4.50
01479,Production,187.1,186.39,195.39,0,0.0,0,0,0,0,0,0,0,0,0,0,0,0,0,0,0,0,0,0,0,0,9,0,0.00
01493,Maintenance,138.12,136.19,197.51,0,0.0,0,0,0,0,0,0,0,0,0,0,4,0,0,0,0,0,0,0,0,0,9,0,49.50
01502,"Qualification, Validation et Metrologie",190,180,198,0,0.0,0,0,0,0,0,0,0,0,0,0,0,0,0,0,0,0,0,0,0,9.32,9,0,9.00
01549,Production,142.29,142.29,195.29,0.42,0.0,0,0,0,0,0,0,42,0,0,0,2,0,0,0,0,0,0,0,0,0,9,0,0.00
01551,Production,186.45,186.45,195.45,0,0.0,0,0,0,0,0,0,0,0,0,0,0,0,0,0,0,0,0,0,0,0,9,0,0.00
01552,Production,0,0,189,0,0.0,0,0,0,0,189,0,0,0,0,0,0,0,0,0,0,0,0,0,0,0,0,0,0.00
01553,Production,17.53,17.53,197.53,0,0.0,0,0,0,0,180,0,0,0,0,0,0,0,0,0,0,0,0,0,0,0,0,0,0.00
01556,Direction  Administrative et Financière,176.28,166.28,193.55,0,0.0,0,0,6.15,0,0,0,0,0,0,0,1.3,0,0,0,0,0,0,0,0,0,9,0,13.50
01561,Maintenance,133,126,180,0,0.0,0,0,9,0,0,0,0,0,0,0,0,0,0,0,0,0,0,0,27,0,9,0,9.00
01575,Production,83.26,83.26,116.25,27.03,0.0,0,0,0,0,0,0,24,0,0,0,0,0,0,0,0,0,0,0,0,0,9,0,0.00
01579,Contrôle Qualité,190,180,198,0,0.0,0,0,9,0,0,0,0,0,0,0,0,0,0,0,0,0,0,0,0,0,9,0,0.00
01595,Contrôle Qualité,175.46,170.47,197.47,0,0.0,0,0,0,0,0,0,0,0,0,0,0,0,0,0,0,0,0,0,0,0,9,0,18.00
01600,Maintenance,191.35,181.35,211.53,0,0.0,0.08,3.41,0,0,0,0,0,0,0,0,0,0,0,0,0,0,0,0,0,7.35,9,3.41,22.50
01619,Production,187.1,187.1,196.1,0,0.0,0,0,0,0,0,0,0,0,0,0,0,0,0,0,0,0,0,0,0,0,9,0,0.00
01620,Production,186.19,184.56,193.56,0,0.0,0,0,0,0,0,0,0,0,0,0,0,0,0,0,0,0,0,0,0,0,9,0,0.00
01625,Assurance Qualité,189.51,179.51,188.51,0,0.0,0,0,0,0,0,0,0,0,0,0,0,0,0,0,0,0,0,0,0,0,9,0,0.00
01634,Production,74.26,70.56,134.36,0,0.0,0,0,0,0,0,0,0,0,0,0,1,27,0,0,0,0,0,0,0,0,9,0,0.00
01655,Production,187.03,176.06,190.44,0,0.0,2.22,0,0,0,0,0,0,0,0,0,2,0,0,0,0,0,0,0,0,3.58,9,0,0.00
01660,Production,187.2,184.58,195.28,0,0.0,0,0,0,0,0,0,0,0,0,0,0.3,0,0,0,0,0,0,0,0,1,9,0,0.00
01671,Production,168.3,168.3,177.3,0,0.0,0,0,0,0,0,0,0,0,0,0,0,0,0,0,0,0,0,0,0,0,9,0,0.00
01672,Production,186.01,179.3,197.3,0,0.0,0,1.56,0,0,0,0,0,0,0,0,0,0,0,0,0,0,0,0,0,0,9,1.56,9.00
01681,Systèmes D'Information,170.57,161.56,195.07,0.1,0.0,0,0,0,0,0,0,0,0,0,0,1.45,0,0,0,0,0,0,0,0,0,9,0,22.50
01690,Production,184.54,184.19,195.37,0.21,0.0,0,0,0,0,0,0,0,0,0,0,2.3,0,0,0,0,0,0,0,0,0,9,0,0.00
01706,Production,161.37,156.37,188.15,0,0.0,0,0.09,0,0,0,0,0,0,0,0,2,22.3,0,0,0,0,0,0,0,0,9,0.09,0.00
01708,Logistique,0,189,198,0,0.0,0,0,0,0,0,0,0,0,0,0,0,0,0,0,0,0,0,0,0,0,9,0,0.00
01710,Production,145.35,145.29,196.18,0.3,0.0,0,0.05,0,0,0,0,44,0,0,0,0,0,0,0,0,0,0,0,0,0,9,0.05,0.00
01712,Production,195.29,188.29,197.29,0,0.0,0,0,0,0,0,0,0,0,0,0,0,0,0,0,0,0,0,0,0,0,9,0,0.00
01715,Ressources Humaines,170.3,161.3,198,0,0.0,0,0,0,0,0,0,0,0,0,0,0.3,0,0,0,0,0,0,0,0,0,9,0,27.00
01737,Production,166.4,165.5,179.2,0,0.0,0,0,0,0,0,0,0,0,0,0,0,0,0,0,0,0,0,0,0,0,9,0,4.50
01742,Production,0,0,198,0,0.0,0,0,0,0,0,198,0,0,0,0,0,0,0,0,0,0,0,0,0,0,0,0,0.00
01743,Logistique,186.19,184.23,197.53,0,0.0,0,0,0,0,0,0,0,0,0,0,1,0,0,0,0,0,0,0,0,0,9,0,4.50
01745,Production,161.25,159.25,168.25,0,0.0,0,0,0,0,0,0,0,0,0,0,0,0,0,0,0,0,0,0,0,0,9,0,0.00
01753,Logistique,161.3,153,180,0,0.0,0,0,0,0,0,0,0,0,0,0,0,18,0,0,0,0,0,0,0,0,9,0,0.00
01765,Logistique,179.35,170.05,197.05,0.13,0.0,0,0,0,0,0,0,0,0,0,0,0,18,0,0,0,0,0,0,0,0,9,0,0.00
01770,Maintenance,168.33,159.33,197.33,0,0.0,0,0,0,0,0,0,0,0,0,0,2,0,0,0,0,0,0,0,0,0,9,0,27.00
01780,Contrôle Qualité,194.56,184.56,197.45,0,0.0,0,0,0,0,0,0,4.3,0,0,0,0,0,0,0,0,0,0,0,0,0,9,0,0.00
01793,"Environnement, Hygiène et Sécurité",0,0,72,0,0.0,0,0,63,0,0,0,0,0,0,0,0,0,0,0,0,0,0,0,0,0,9,0,0.00
01796,Logistique,174.52,164.52,197.55,0,0.0,0,0,0,0,0,0,16,0,0,0,0,0,0,0,0,0,0,0,0,0,9,0,9.00
01810,Logistique,185.2,182.37,222.33,0,0.0,0,0,0,0,0,0,0,0,0,0,0.3,0,0,0,0,0,0,0,0,12.26,9,0,18.00
01814,Production,199.25,188.55,197.55,0,0.0,0,0.06,0,0,0,0,0,0,0,0,0,0,0,0,0,0,0,0,0,0,9,0.06,0.00
01816,Production,175.58,175.58,195.28,0.53,0.0,0,0,0,0,0,0,0,0,0,0,1.3,0,0,0,0,0,0,0,0,0,9,0,9.00
01823,Production,197.04,186.34,198,0,0.0,0,0.46,0,0,0,0,0,0,0,0,3,0,0,0,0,0,0,0,0,0,9,0.46,0.00
01832,Production,179.34,170.04,183.56,0,0.0,0,0,0,0,0,0,0,0,0,0,1,0,0,0,0,0,0,0,0,0,9,0,4.50
01833,Production,190.57,180.57,194.58,0,0.0,3.12,1.38,0,0,0,0,0,0,0,0,4,0,0,0,0,0,0,0,0,3.3,9,1.38,0.00
01836,Maintenance,186.12,176.42,197.48,0,0.0,0,0,4.3,0,0,0,0,0,0,0,0,0,0,0,0,0,0,0,0,6.3,9,0,9.00
01859,Systèmes D'Information,178.26,168.56,197.48,0.03,0.0,0,0,9,0,0,0,0,0,0,0,1.52,0,0,0,0,0,0,0,0,3,9,0,9.00
01868,Production,26.24,26.24,197.24,0,0.0,0,0,0,0,162,0,0,0,0,0,0,0,0,0,0,0,0,0,0,0,9,0,0.00
01871,Ressources Humaines,0,189,198,0,0.0,0,0,0,0,0,0,0,0,0,0,0,0,0,0,0,0,0,0,0,0,9,0,0.00
01882,Developpement,91.59,162,198,0,0.0,0,0,0,0,0,0,0,0,0,0,0,0,0,0,0,0,0,0,0,0,9,0,9.00
01895,Direction Générale,206.04,187.41,196.41,0,0.0,0,0,0,0,0,0,0,0,0,0,0,0,0,0,0,0,0,0,0,0,9,0,0.00
01900,Systèmes D'Information,9.13,8.43,80.43,0,0.0,0,0,63,0,0,0,0,0,0,0,0,0,0,0,0,0,0,0,0,0,9,0,0.00
01937,Systèmes D'Information,0,189,198,0,0.0,0,0,0,0,0,0,0,0,0,0,0,0,0,0,0,0,0,0,0,0,9,0,0.00
01952,Maintenance,149.23,140.53,189.07,0.15,0.0,0,0,12.14,0,0,0,0,0,0,0,0,0,0,0,0,0,0,0,0,32.37,9,0,27.00
01978,Sales Force,0,108,135,0,0.0,0,0,18,0,0,0,0,0,0,0,0,0,0,0,0,0,0,0,0,0,9,0,0.00
01981,Direction  Administrative et Financière,189.47,179.47,198,0,0.0,0,0,0,0,0,0,0,0,0,0,0.5,0,0,0,0,0,0,0,0,0,9,0,9.00
01987,Maintenance,161.3,153,198,0,0.0,0,0,0,0,0,0,0,0,0,0,0,9,0,0,0,0,0,0,0,0,9,0,27.00
01989,Contrôle Qualité,185.1,184.09,200.47,0,0.0,2.18,0.18,0,0,0,0,0,0,0,0,0,0,0,0,0,0,0,0,0,3.34,9,0.18,4.50
02042,"Environnement, Hygiène et Sécurité",233.01,207.01,216.01,0,0.0,0,0,0,0,0,0,0,0,0,0,1,0,0,0,0,0,0,0,0,0,8,0,0.00
02096,Contrôle Qualité,187.43,178.13,193.39,4.2,0.0,0,0,0,0,0,0,0,0,0,0,2,0,0,0,0,0,0,0,0,4.08,9,0,4.50
02100,Maintenance,166.52,157.52,184.52,0,0.0,0,0,0,0,0,0,0,0,0,0,0,0,0,0,0,0,0,0,0,0,9,0,27.00
02125,Production,169.47,160.17,182.05,0,0.0,0,0.11,0,0,0,0,0,0,0,0,4,0,0,0,0,0,0,0,0,0,9,0.11,9.00
02141,Sales Force,0,189,198,0,0.0,0,0,0,0,0,0,0,0,0,0,0,0,0,0,0,0,0,0,0,0,9,0,0.00
02154,Contrôle Qualité,154.23,150.44,197.25,0,0.0,6.28,0.01,0,0,0,0,0,0,0,0,0,0,0,0,0,0,0,0,0,10.38,9,0.01,31.50
02155,Sales Force,0,189,198,0,0.0,0,0,0,0,0,0,0,0,0,0,0,0,0,0,0,0,0,0,0,0,9,0,0.00
02174,Production,161.15,160.59,169.59,0,0.0,0,0,0,0,0,0,0,0,0,0,0,0,0,0,0,0,0,0,0,0,9,0,0.00
02213,Logistique,180.57,179.55,197.55,0,0.0,0,0.59,0,0,0,0,0,0,0,0,0,0,0,0,0,0,0,0,0,0,9,0.59,9.00
02225,Affaires Réglementaires,90.05,85.05,157.05,0,0.0,0,0,0,0,0,0,0,0,0,0,0,0,0,0,0,0,0,0,0,0,9,0,63.00
02244,Production,186.18,176.18,198.11,0,0.0,0.11,0,0,0,0,0,0,0,0,0,4,0,0,0,0,0,0,0,0,1.59,9,0,9.00
02250,Logistique,190.33,188.19,197.24,0.09,0.0,0,0.17,0,0,0,0,0,0,0,0,0,0,0,0,0,0,0,0,0,0.05,9,0.17,0.00
02264,"Environnement, Hygiène et Sécurité",196.06,186.29,195.59,0,0.0,0,0,0,0,0,0,0,0,0,0,0,0,0,0,0,0,0,0,0,0.3,9,0,0.00
02268,Sales Force,0,189,198,0,0.0,0,0,0,0,0,0,0,0,0,0,0,0,0,0,0,0,0,0,0,0,9,0,0.00
02297,Systèmes D'Information,190,180,198,0,0.0,0,0,0,9,0,0,0,0,0,0,0,0,0,0,0,0,0,0,0,0,9,0,0.00
02302,Developpement,199.3,189,198,0,0.0,0,0,0,0,0,0,0,0,0,0,0,0,0,0,0,0,0,0,0,0,9,0,0.00
02315,Contrôle Qualité,161.3,153,198,0,0.0,0,0,0,0,0,0,0,0,0,0,0,0,0,0,0,0,0,0,0,0,9,0,36.00
02325,Production,183.35,183.02,192.05,0,0.0,0,0,0,0,0,0,0,0,0,0,0.3,0,0,0,0,0,0,0,0,0,9,0,0.00
02328,Affaires Juridiques,0,0,198,0,0.0,0,0,0,0,0,198,0,0,0,0,0,0,0,0,0,0,0,0,0,0,0,0,0.00
02341,Contrôle Qualité,200.47,189.09,199.28,0,0.0,0,0,0,0,0,0,0,0,0,0,1.3,0,0,0,0,0,0,0,0,0,9,0,0.00
02343,Production,184.42,175.12,188.42,0,0.0,0,0,4.3,0,0,0,0,0,0,0,0,0,0,0,0,0,0,0,0,6.53,9,0,0.00
02351,Production,188.01,187.31,196.31,0,0.0,0,0,0,0,0,0,0,0,0,0,0,0,0,0,0,0,0,0,0,0,9,0,0.00
02353,International Sales,99.45,93.14,192.14,0,0.0,0,0,0,0,0,0,0,0,0,0,0,0,0,0,0,0,0,0,0,0,9,0,9.00
02356,Sales Force,0,180,198,0,0.0,0,0,0,0,0,0,0,0,0,0,0,0,0,0,0,0,0,0,0,0,9,0,0.00
02368,Production,173.55,164.3,189,0,0.0,0,0,0,0,0,0,0,0,0,0,2,0,0,0,0,0,0,0,0,0,9,0,13.50
02375,Logistique,182.14,180.09,202.29,0,0.0,0,0,4.2,0,0,0,0,0,0,0,1,0,0,0,0,0,0,0,0,0,9,0,9.00
02377,"Environnement, Hygiène et Sécurité",196.47,186.17,206.17,0,0.0,7.57,0.5,0,0,0,0,0,0,0,0,1,0,0,0,0,0,0,0,0,10,9,0.5,0.00
02380,Contrôle de Gestion,0,189,198,0,0.0,0,0,0,0,0,0,0,0,0,0,0,0,0,0,0,0,0,0,0,0,9,0,0.00
02385,Sales Force,0,180,198,0,0.0,0,0,0,0,0,0,0,0,0,0,0,0,0,0,0,0,0,0,0,0,9,0,9.00
02390,Production,104.32,104.32,178.32,0,0.0,0,0,0,0,0,0,0,0,0,0,2,63,0,0,0,0,0,0,0,0,9,0,0.00
02394,Contrôle Qualité,198.17,188.29,206.36,0,0.0,5.06,0,0,0,0,0,0,0,0,0,1,0,0,0,0,0,0,0,0,8.36,9,0,0.00
02402,Sales Force,0,180,198,0,0.0,0,0,0,0,0,0,0,0,0,0,0,0,0,0,0,0,0,0,0,0,9,0,9.00
02419,Developpement,194.36,184.36,198,0,0.0,0,0,0,0,0,0,0,0,0,0,0,0,0,0,0,0,0,0,0,0,9,0,4.50
02422,"Environnement, Hygiène et Sécurité",209.44,203.3,214.3,0,0.0,0,0,0,0,0,0,0,0,0,0,3,0,0,0,0,0,0,0,0,0,8,0,0.00
02428,Production,188.03,178.33,197.58,0,0.0,0,0,0,0,0,0,0,0,0,0,2,9,0,0,0,0,0,0,0,0,9,0,0.00
02447,Logistique,160.41,159.43,215.39,0,0.0,2.48,0.03,0,0,0,0,0,0,0,0,1,0,0,0,0,0,0,0,0,10,9,0.03,36.00
02452,Logistique,156.06,146.06,198,0,0.0,0,0,0,0,0,0,37.21,0,0,0,0,0,0,0,0,0,0,0,0,0,9,0,9.00
02455,Production,186.29,185.35,194.35,0,0.0,0,0,0,0,0,0,0,0,0,0,0,0,0,0,0,0,0,0,0,0,9,0,0.00
02459,Production,177.37,177.37,186.37,0,0.0,0,0,0,0,0,0,0,0,0,0,0,0,0,0,0,0,0,0,0,0,9,0,0.00
02467,Sales Force,0,189,198,0,0.0,0,0,0,0,0,0,0,0,0,0,0,0,0,0,0,0,0,0,0,0,9,0,0.00
02470,Production,196.24,187.48,212.55,0,0.0,15.28,0,0,0,0,0,0,0,0,0,0,0,0,0,0,0,0,0,0,16.07,9,0,0.00
02474,Production,188.33,177.04,194.04,0,0.0,0,0.2,0,0,0,0,0,0,0,0,2,4.3,0,0,0,0,0,0,0,2,9,0.2,0.00
02481,Production,185.57,185.57,195.57,0,0.0,0,0,0,0,0,0,0,0,0,0,1,0,0,0,0,0,0,0,0,0,9,0,0.00
02487,Production,189.47,179.47,196.03,0,0.0,0,0,0,0,0,0,0,0,0,0,2,0,0,0,0,0,0,0,0,1,9,0,4.50
02495,Production,187.55,186.13,195.13,0,0.0,0,0,0,0,0,0,0,0,0,0,0,0,0,0,0,0,0,0,0,0,9,0,0.00
02496,"Environnement, Hygiène et Sécurité",208.19,204.09,214.09,0,0.0,0,0,0,0,0,0,0,0,0,0,2,0,0,0,0,0,0,0,0,0,8,0,0.00
02517,Production,191.38,181.38,197.36,0,0.0,0,0,0,0,0,0,0,0,0,0,3,0,0,0,0,0,0,0,0,0,9,0,4.50
02521,Contrôle Qualité,92.41,90,198,0,0.0,0,0,0,0,63,36,0,0,0,0,0,0,0,0,0,0,0,0,0,0,9,0,0.00
02522,Marketing And Sales,205.55,169.45,178.45,0,0.0,0,0,0,0,0,0,0,0,0,0,0,0,0,0,0,0,0,0,0,0,9,0,0.00
02525,MEDI-MARKETING,59.29,56.29,151.29,0,0.0,0,0,50,0,0,0,9,0,0,0,0,0,0,0,0,0,0,0,0,0,9,0,9.00
02528,Marketing And Sales,0,180,198,0,0.0,0,0,0,0,0,0,0,0,0,0,0,0,0,0,0,0,0,0,0,0,9,0,9.00
02530,Production,198.15,188.4,197.4,0,0.0,0,0,0,0,0,0,0,0,0,0,0,0,0,0,0,0,0,0,0,0,9,0,0.00
02536,Direction Générale,130.03,122.09,140.09,0,0.0,0,0,10,0,0,0,0,0,0,0,0,0,0,0,0,0,0,0,0,0,9,0,0.00
02551,Maintenance,178,151.19,196.19,0.01,0.0,0,0,0,0,0,0,0,0,0,0,0.3,0,0,0,0,0,0,0,0,0,9,0,45.00
02555,Sales Force,0,189,198,0,0.0,0,0,0,0,0,0,0,0,0,0,0,0,0,0,0,0,0,0,0,0,9,0,0.00
02564,Sales Force,0,162,198,0,0.0,0,0,0,0,0,0,0,0,0,0,0,0,0,0,0,0,0,0,0,0,9,0,27.00
02565,Marketing And Sales,101.11,94.35,148.35,0,0.0,0,0,36,0,0,0,0,0,0,0,0,0,0,0,0,0,0,0,0,0,9,0,9.00
02596,Sales Force,0,189,198,0,0.0,0,0,0,0,0,0,0,0,0,0,0,0,0,0,0,0,0,0,0,0,9,0,0.00
02601,Production,89.04,89.04,197.04,0,0.0,0,0,0,0,99,0,0,0,0,0,0,0,0,0,0,0,0,0,0,0,9,0,0.00
02614,Sales Force,0,189,198,0,0.0,0,0,0,0,0,0,0,0,0,0,0,0,0,0,0,0,0,0,0,0,9,0,0.00
02619,Sales Force,0,189,198,0,0.0,0,0,0,0,0,0,0,0,0,0,0,0,0,0,0,0,0,0,0,0,9,0,0.00
02646,Direction  Administrative et Financière,197.23,186.53,197.51,0,0.0,0,0,0,0,0,0,0,0,0,0,2,0,0,0,0,0,0,0,0,0,9,0,0.00
02662,Contrôle Qualité,194.2,186.02,206.44,0,0.0,0,0,0,0,0,0,0,0,0,0,2,0,0,0,0,0,0,0,0,0.51,9,0,9.00
02665,Maintenance,206.33,195.33,197.33,0,0.0,0,0,0,0,0,0,0,0,0,0,2,0,0,0,0,0,0,0,0,0,0,0,0.00
02669,Sales Force,0,180,198,0,0.0,0,0,0,0,0,0,0,0,0,0,0,0,0,0,0,0,0,0,0,0,9,0,9.00
02670,"Qualification, Validation et Metrologie",199.3,189,198,0,0.0,0,0.02,0,0,0,0,0,0,0,0,0,0,0,0,0,0,0,0,0,0,9,0.02,0.00
02673,Sales Force,0,189,198,0,0.0,0,0,0,0,0,0,0,0,0,0,0,0,0,0,0,0,0,0,0,0,9,0,0.00
02675,"Environnement, Hygiène et Sécurité",217.55,202.2,202.2,0,0.0,0,0,0,0,0,0,0,0,0,0,0,0,0,0,0,0,0,0,0,0,0,0,0.00
02679,Sales Force,0,189,198,0,0.0,0,0,0,0,0,0,0,0,0,0,0,0,0,0,0,0,0,0,0,0,9,0,0.00
02683,Sales Force,0,189,198,0,0.0,0,0,0,0,0,0,0,0,0,0,0,0,0,0,0,0,0,0,0,0,9,0,0.00
02687,"Environnement, Hygiène et Sécurité",180.3,171,189,0,0.0,0,0,9,0,0,0,0,0,0,0,0,0,0,0,0,0,0,0,0,0,9,0,0.00
02691,Marketing And Sales,145.59,130.15,148.15,0,0.0,0,0,0,0,0,0,0,0,0,0,0,0,0,0,0,0,0,0,0,0,9,0,9.00
02694,Sales Force,0,189,198,0,0.0,0,0,0,0,0,0,0,0,0,0,0,0,0,0,0,0,0,0,0,0,9,0,0.00
02697,Assurance Qualité,199.3,189,198,0,0.0,0,0,0,0,0,0,0,0,0,0,0,0,0,0,0,0,0,0,0,0,9,0,0.00
02706,"Environnement, Hygiène et Sécurité",194.52,186.43,203.37,0,0.0,5.47,0,0,0,0,0,0,0,0,0,2,0,0,0,0,0,0,0,0,5.54,9,0,0.00
02714,Sales Force,0,189,198,0,0.0,0,0,0,0,0,0,0,0,0,0,0,0,0,0,0,0,0,0,0,0,9,0,0.00
02715,Assurance Qualité,178.46,169.16,188.53,0,0.0,0,0,0,0,0,0,9,0,0,0,2,0,0,0,0,0,0,0,0,0,9,0,0.00
02730,Sales Force,0,189,198,0,0.0,0,0,0,0,0,0,0,0,0,0,0,0,0,0,0,0,0,0,0,0,9,0,0.00
02732,Sales Force,0,189,198,0,0.0,0,0,0,0,0,0,0,0,0,0,0,0,0,0,0,0,0,0,0,0,9,0,0.00
02738,Sales Force,0,162,198,0,0.0,0,0,0,0,0,0,0,0,0,0,0,0,0,0,0,0,0,0,0,0,9,0,0.00
02751,Sales Force,0,162,198,0,0.0,0,0,0,0,0,0,0,0,0,0,0,0,0,0,0,0,0,0,0,0,9,0,0.00
02753,Sales Force,0,180,198,0,0.0,0,0,0,0,0,0,0,0,0,0,0,0,0,0,0,0,0,0,0,0,9,0,9.00
02754,Sales Force,0,189,198,0,0.0,0,0,0,0,0,0,0,0,0,0,0,0,0,0,0,0,0,0,0,0,9,0,0.00
02756,Sales Force,0,189,198,0,0.0,0,0,0,0,0,0,0,0,0,0,0,0,0,0,0,0,0,0,0,0,9,0,0.00
02768,Sales Force,0,189,198,0,0.0,0,0,0,0,0,0,0,0,0,0,0,0,0,0,0,0,0,0,0,0,9,0,0.00
02771,Sales Force,0,171,198,0,0.0,0,0,0,0,0,0,0,0,0,0,0,0,0,0,0,0,0,0,0,0,9,0,18.00
02772,Pharmacien Responsable Technique,0,184.3,198,0,0.0,0,0,0,0,0,0,0,0,0,0,0,0,0,0,0,0,0,0,0,0,9,0,4.50
02773,Ressources Humaines,89.46,83.46,197.26,0.12,0.0,0,0,0,0,0,63,23.47,0,0,0,0.3,27,0,0,0,0,0,0,0,0,0,0,0.00
02780,Contrôle Qualité,138.42,132.46,189.31,0.1,0.0,0,0,0,0,0,0,0,0,0,0,2,0,0,0,0,0,0,0,0,0.45,9,0,45.00
02795,Production,199.3,188.55,197.55,0,0.0,0,0,0,0,0,0,0,0,0,0,0,0,0,0,0,0,0,0,0,0,9,0,0.00
02802,Production,167.36,159.06,174.27,0,0.0,0,0,0,0,0,0,0,0,0,0,2,0,0,0,0,0,0,0,0,6.37,9,0,4.50
02803,Business Development,178.27,166.34,187.31,0,0.0,0,0,3.06,0,0,0,0,0,0,0,0,0,0,0,0,0,0,0,0,0,9,0,9.00
02805,MEDI-MARKETING,0,171,198,0,0.0,0,0,0,0,0,0,0,0,0,0,0,0,0,0,0,0,0,0,0,0,9,0,0.00
02807,Logistique,188.33,179.59,197.59,0,0.0,0,0,0,0,0,0,0,0,0,0,0.3,0,0,0,0,0,0,0,0,0,9,0,9.00
02808,Direction  Administrative et Financière,198.48,188.18,197.18,0,0.0,0,0,0,0,0,0,0,0,0,0,0,0,0,0,0,0,0,0,0,0,9,0,0.00
02810,Contrôle Qualité,193.03,188.59,197.59,0,0.0,0,0.02,0,0,0,0,0,0,0,0,0,0,0,0,0,0,0,0,0,0,9,0.02,0.00
02816,Maintenance,150.08,143.08,197.49,0,0.0,0,0,0,0,0,0,0,0,0,0,1.3,0,0,0,0,0,0,0,0,0,9,0,45.00
02826,Sales Force,0,189,198,0,0.0,0,0,0,0,0,0,0,0,0,0,0,0,0,0,0,0,0,0,0,0,9,0,0.00
02827,Contrôle Qualité,184.59,175.29,197.59,0,0.0,22.43,0,0,0,0,0,0,0,0,0,0,0,0,0,0,0,0,0,0,0,9,0,13.50
02828,Logistique,183.3,166.59,186.11,0,0.0,0,0,0,0,0,0,0,0,0,0,1.3,0,0,0,0,0,0,0,0,0,9,0,9.00
02829,Developpement,165.53,153,171,0,0.0,0,0,0,0,0,0,0,0,0,0,0,0,0,0,0,0,0,0,0,0,9,0,9.00
02831,Contrôle Qualité,186.07,176.37,197.54,0,0.0,0,0,0,0,0,0,0,0,0,0,0,0,0,0,0,0,0,0,0,0,9,0,13.50
02832,Sales Force,0,189,198,0,0.0,0,0,0,0,0,0,0,0,0,0,0,0,0,0,0,0,0,0,0,0,9,0,0.00
02833,Direction  Administrative et Financière,187.49,178.01,196.05,0,0.0,0,0,0,0,0,0,0,0,0,0,0.04,0,0,0,0,0,0,0,0,0,9,0,9.00
02836,Sales Force,0,189,198,0,0.0,0,0,0,0,0,0,0,0,0,0,0,0,0,0,0,0,0,0,0,0,9,0,0.00
02840,Sales Force,0,162,198,0,0.0,0,0,0,0,0,0,0,0,0,0,0,0,0,0,0,0,0,0,0,0,9,0,0.00
02841,Developpement,197.26,189,198,0,0.0,0,0,0,0,0,0,0,0,0,0,0,0,0,0,0,0,0,0,0,0,9,0,0.00
02842,Sales Force,0,189,198,0,0.0,0,0,0,0,0,0,0,0,0,0,0,0,0,0,0,0,0,0,0,0,9,0,0.00
02845,Sales Force,0,189,198,0,0.0,0,0,0,0,0,0,0,0,0,0,0,0,0,0,0,0,0,0,0,0,9,0,0.00
02847,MEDI-MARKETING,63,60,144.53,0,0.0,0,0,33.3,0,0,0,0,0,0,0,0,0,0,0,0,0,0,0,0,0,9,0,9.00
02849,Affaires Réglementaires,183.12,173.42,196.06,0,0.0,0,0,0,0,0,0,0,0,0,0,0,0,0,0,0,0,0,0,0,0,9,0,13.50
02850,Sales Force,0,189,198,0,0.0,0,0,0,0,0,0,0,0,0,0,0,0,0,0,0,0,0,0,0,0,9,0,0.00
02851,MEDI-MARKETING,163.06,151.08,169.08,0,0.0,0,0,0,0,0,0,0,0,0,0,0,0,0,0,0,0,0,0,0,0,9,0,9.00
02853,Production,183.28,179.22,192.52,0,0.0,0,0,0,0,0,0,0,0,0,0,0,0,0,0,0,0,0,0,0,4.3,9,0,0.00
02854,Assurance Qualité,187.33,177.33,197.33,0,0.0,0,0,0,0,0,0,0,0,0,0,2,0,0,0,0,0,0,0,0,0,9,0,9.00
02865,Sales Force,0,180,198,0,0.0,0,0,0,0,0,0,0,0,0,0,0,0,0,0,0,0,0,0,0,0,9,0,9.00
02866,Maintenance,180.3,171,198,0,0.0,0,0,0,0,0,0,0,0,0,0,1,0,0,0,0,0,0,0,0,0,9,0,18.00
02867,Maintenance,138.07,131.03,197.46,0,0.0,0,0,0,0,0,0,0,0,0,0,2,0,0,0,0,0,0,0,0,0,9,0,58.50
02873,Contrôle Qualité,199.3,189,198,0,0.0,0,0,0,0,0,0,0,0,0,0,0,0,0,0,0,0,0,0,0,0,9,0,0.00
02887,Marketing And Sales,112.12,102.54,116.23,0,0.0,0,0,4.3,0,0,0,0,0,0,0,0,0,0,0,0,0,0,0,0,0,9,0,0.00
02890,Sales Force,0,0,198,0,0.0,0,0,0,0,0,198,0,0,0,0,0,0,0,0,0,0,0,0,0,0,0,0,0.00
02900,Sales Force,0,189,198,0,0.0,0,0,0,0,0,0,0,0,0,0,0,0,0,0,0,0,0,0,0,0,9,0,0.00
02902,Maintenance,175.5,152.5,189.49,0,0.0,9.31,0,0,0,0,0,0,0,0,0,0,0,0,0,0,0,0,0,0,0.59,9,0,27.00
02904,Logistique,189.52,179.52,197.52,0,0.0,0,0,0,0,0,0,0,0,0,0,0,0,0,0,0,0,0,0,0,0,9,0,9.00
02906,Marketing And Sales,183.25,169.43,196.43,0,0.0,0,0,0,0,0,0,0,0,0,0,0,0,0,0,0,0,0,0,0,0,9,0,18.00
02917,Sales Force,0,171,198,0,0.0,0,0,18,0,0,0,0,0,0,0,0,0,0,0,0,0,0,0,0,0,9,0,0.00
02918,Sales Force,0,171,198,0,0.0,0,0,18,0,0,0,0,0,0,0,0,0,0,0,0,0,0,0,0,0,9,0,0.00
02926,Sales Force,0,180,198,0,0.0,0,0,0,0,0,0,0,0,0,0,0,0,0,0,0,0,0,0,0,0,9,0,9.00
02927,Sales Force,0,171,198,0,0.0,0,0,18,0,0,0,0,0,0,0,0,0,0,0,0,0,0,0,0,0,9,0,0.00
02930,Production,66.21,62.51,71.51,63.12,7.0,0,0,0,0,0,0,0,0,0,0,0,0,0,0,0,0,0,0,0,0,9,0,0.00
02931,Direction  Administrative et Financière,199.3,189,198,0,0.0,0,0,0,0,0,0,0,0,0,0,0,0,0,0,0,0,0,0,0,0,9,0,0.00
02932,Ressources Humaines,103.53,98.23,121.28,12.07,1.5,0,0,0,0,0,0,0,0,0,0,2,0,0,0,0,0,0,0,0,0,9,0,13.50
02934,Ressources Humaines,165.12,156.42,195.14,0,0.0,0,0,36,0,0,0,0,0,0,0,0,0,0,0,0,0,0,0,0,0,9,0,13.50
02935,Sales Force,0,144,198,0,0.0,0,0,0,0,0,0,0,0,0,0,0,0,45,0,0,0,0,0,0,0,9,0,0.00
02936,Contrôle Qualité,194.09,184.09,197.39,0,0.0,0,0,0,0,0,0,0,0,0,0,0,0,0,0,0,0,0,0,0,0,9,0,4.50
02939,Sales Force,0,171,198,0,0.0,0,0,18,0,0,0,0,0,0,0,0,0,0,0,0,0,0,0,0,0,9,0,0.00
02940,Sales Force,0,171,198,0,0.0,0,0,18,0,0,0,0,0,0,0,0,0,0,0,0,0,0,0,0,0,9,0,0.00
02941,Sales Force,0,171,198,0,0.0,0,0,18,0,0,0,0,0,0,0,0,0,0,0,0,0,0,0,0,0,9,0,0.00
02942,"Environnement, Hygiène et Sécurité",199.29,188.59,197.59,0,0.0,9,0,0,0,0,0,0,0,0,0,0,0,0,0,0,0,0,0,0,0,9,0,0.00
02943,Sales Force,0,171,198,0,0.0,0,0,18,0,0,0,0,0,0,0,0,0,0,0,0,0,0,0,0,0,9,0,0.00
02944,Sales Force,0,171,198,0,0.0,0,0,18,0,0,0,0,0,0,0,0,0,0,0,0,0,0,0,0,0,9,0,0.00
02945,Sales Force,0,189,198,0,0.0,0,0,0,0,0,0,0,0,0,0,0,0,0,0,0,0,0,0,0,0,9,0,0.00
02946,Sales Force,0,171,198,0,0.0,0,0,18,0,0,0,0,0,0,0,0,0,0,0,0,0,0,0,0,0,9,0,0.00
02947,Sales Force,0,171,198,0,0.0,0,0,18,0,0,0,0,0,0,0,0,0,0,0,0,0,0,0,0,0,9,0,0.00
02949,Sales Force,0,117,198,0,0.0,0,0,9,0,0,0,0,0,0,0,0,0,63,0,0,0,0,0,0,0,9,0,0.00
02951,Sales Force,0,171,198,0,0.0,0,0,18,0,0,0,0,0,0,0,0,0,0,0,0,0,0,0,0,0,9,0,0.00
02952,Sales Force,0,126,135,0,0.0,0,0,0,0,0,0,0,0,0,0,0,0,0,0,0,0,0,0,0,0,9,0,0.00
02953,Sales Force,0,189,198,0,0.0,0,0,0,0,0,0,0,0,0,0,0,0,0,0,0,0,0,0,0,0,9,0,0.00
02954,Sales Force,0,171,198,0,0.0,0,0,18,0,0,0,0,0,0,0,0,0,0,0,0,0,0,0,0,0,9,0,0.00
02955,Sales Force,0,171,198,0,0.0,0,0,18,0,0,0,0,0,0,0,0,0,0,0,0,0,0,0,0,0,9,0,0.00
02956,Sales Force,0,153,198,0,0.0,0,0,18,0,0,0,0,0,0,0,0,0,0,0,0,0,0,0,0,0,9,0,18.00
02957,Sales Force,0,171,198,0,0.0,0,0,18,0,0,0,0,0,0,0,0,0,0,0,0,0,0,0,0,0,9,0,0.00
02958,Sales Force,0,171,198,0,0.0,0,0,18,0,0,0,0,0,0,0,0,0,0,0,0,0,0,0,0,0,9,0,0.00
02959,Assurance Qualité,184.26,174.41,192.41,0,0.0,0,0,0,0,0,0,0,0,0,0,0,0,0,0,0,0,0,0,0,0,9,0,9.00
02961,Sales Force,0,162,198,0,0.0,0,0,18,0,0,0,0,0,0,0,0,0,0,0,0,0,0,0,0,0,9,0,9.00
02968,Contrôle de Gestion,180.19,168.26,196.51,0,0.0,0,0,18,0,0,0,0,0,0,0,2,0,0,0,0,0,0,0,0,0,9,0,0.00
02969,Marketing And Sales,0,0,198,0,0.0,0,0,81,0,0,45,0,0,0,0,0,0,0,0,0,0,0,0,0,0,9,0,63.00
02971,Contrôle de Gestion,197.33,187.03,197.59,0,0.0,0,0,0,0,0,0,0,0,0,0,0,0,0,0,0,0,0,0,0,0,9,0,4.50
02975,Sales Force,0,171,198,0,0.0,0,0,18,0,0,0,0,0,0,0,0,0,0,0,0,0,0,0,0,0,9,0,0.00
02976,Systèmes D'Information,159.1,150.09,191.3,0.45,0.0,0,0,27,0,0,0,0,0,0,0,0.59,4.3,0,0,0,0,0,0,0,0,9,0,0.00
02979,Sales Force,0,171,198,0,0.0,0,0,18,0,0,0,0,0,0,0,0,0,0,0,0,0,0,0,0,0,9,0,0.00
02985,Production,188.09,186.36,195.36,0,0.0,0,0,0,0,0,0,0,0,0,0,0,0,0,0,0,0,0,0,0,0,9,0,0.00
02986,Sales Force,0,171,198,0,0.0,0,0,18,0,0,0,0,0,0,0,0,0,0,0,0,0,0,0,0,0,9,0,0.00
02988,Sales Force,0,171,198,0,0.0,0,0,18,0,0,0,0,0,0,0,0,0,0,0,0,0,0,0,0,0,9,0,0.00
02990,Sales Force,0,171,198,0,0.0,0,0,18,0,0,0,0,0,0,0,0,0,0,0,0,0,0,0,0,0,9,0,0.00
02991,Sales Force,0,171,198,0,0.0,0,0,18,0,0,0,0,0,0,0,0,0,0,0,0,0,0,0,0,0,9,0,0.00
02992,Sales Force,0,180,198,0,0.0,0,0,0,0,0,0,0,0,0,0,0,0,0,0,0,0,0,0,0,0,9,0,9.00
02993,Sales Force,0,171,198,0,0.0,0,0,18,0,0,0,0,0,0,0,0,0,0,0,0,0,0,0,0,0,9,0,0.00
02994,Sales Force,0,171,198,0,0.0,0,0,18,0,0,0,0,0,0,0,0,0,0,0,0,0,0,0,0,0,9,0,0.00
02995,Marketing And Sales,179.52,167.24,197.57,0,0.0,0,0,22.3,0,0,0,0,0,0,0,1.3,0,0,0,0,0,0,0,0,0,9,0,0.00
02996,Sales Force,0,171,198,0,0.0,0,0,18,0,0,0,0,0,0,0,0,0,0,0,0,0,0,0,0,0,9,0,0.00
03004,Contrôle Qualité,192.18,180.26,191.26,0,0.0,7.29,0,0,0,0,0,0,0,0,0,2,0,0,0,0,0,0,0,0,0,9,0,0.00
03006,Sales Force,0,171,198,0,0.0,0,0,18,0,0,0,0,0,0,0,0,0,0,0,0,0,0,0,0,0,9,0,0.00
03007,Sales Force,0,171,198,0,0.0,0,0,18,0,0,0,0,0,0,0,0,0,0,0,0,0,0,0,0,0,9,0,0.00
03020,Production,186.08,178.31,196.31,0,0.0,0,0,0,0,0,0,0,0,0,0,0,9,0,0,0,0,0,0,0,0,9,0,0.00
03022,Marketing And Sales,172.01,161.44,197.2,0,0.0,0,0,26,0,0,0,0,0,0,0,2,0,0,0,0,0,0,0,0,0,9,0,0.00
03023,Sales Force,0,171,198,0,0.0,0,0,18,0,0,0,0,0,0,0,0,0,0,0,0,0,0,0,0,0,9,0,0.00
03028,"Environnement, Hygiène et Sécurité",224.49,199.49,207.49,0,0.0,0,0,0,0,0,0,0,0,0,0,0,0,0,0,0,0,0,0,0,0,8,0,0.00
03029,"Environnement, Hygiène et Sécurité",204.45,197.53,207.53,0,0.0,0,0,0,0,0,0,0,0,0,0,2,0,0,0,0,0,0,0,0,0,8,0,0.00
03030,"Environnement, Hygiène et Sécurité",298.09,273.09,285.04,0,0.0,11.22,0,0,0,0,0,0,0,0,0,1,0,0,0,0,0,0,0,0,0,11,0,0.00
03033,"Environnement, Hygiène et Sécurité",0,0,9,130.01,14.5,0,0,0,0,0,0,0,0,0,0,0,0,0,0,0,0,0,0,0,0,9,0,0.00
03034,Production,0,0,199,0,0.0,0,0,201,0,0,0,0,0,0,0,0,0,0,0,0,0,0,0,0,0,9,0,0.00
03036,Production,188.33,187.59,196.59,0,0.0,0,0,0,0,0,0,0,0,0,0,0,0,0,0,0,0,0,0,0,0,9,0,0.00
03037,"Environnement, Hygiène et Sécurité",308.01,282.01,293.01,0,0.0,0,0,0,0,0,0,0,0,0,0,0,0,0,0,0,0,0,0,0,0,11,0,0.00
03039,Sales Force,0,171,198,0,0.0,0,0,18,0,0,0,0,0,0,0,0,0,0,0,0,0,0,0,0,0,9,0,0.00
03040,Maintenance,190.36,180.36,203.22,0,0.0,12.28,6.24,0,0,0,0,0,0,0,0,1,0,0,0,0,0,0,0,0,3.46,9,6.24,9.00
03041,Logistique,199.29,188.59,197.59,0,0.0,0,0,0,0,0,0,0,0,0,0,0,0,0,0,0,0,0,0,0,0,9,0,0.00
03043,Sales Force,0,171,198,0,0.0,0,0,18,0,0,0,0,0,0,0,0,0,0,0,0,0,0,0,0,0,9,0,0.00
03044,Production,154.34,154.08,163.58,0.35,0.0,0,0.04,0,0,0,0,0,0,0,0,1,0,0,0,0,0,0,0,0,0,9,0.04,0.00
03045,Contrôle Qualité,154.36,152.59,161.59,0,0.0,0,0,0,0,0,0,0,0,0,0,0,0,0,0,0,0,0,0,0,0,9,0,0.00
03046,Assurance Qualité,114,108,117,0,0.0,0,0,0,0,0,0,0,0,0,0,0,0,0,0,0,0,0,0,0,0,9,0,0.00
03048,Sales Force,0,63,63,0,0.0,0,0,0,0,0,0,0,0,0,0,0,0,0,0,0,0,0,0,0,0,0,0,0.00
20002,Marketing And Sales,0,180,198,0,0.0,0,0,0,0,0,0,0,0,0,0,0,0,0,0,0,0,0,0,0,0,9,0,9.00
20010,Marketing And Sales,0,189,198,0,0.0,0,0,0,0,0,0,0,0,0,0,0,0,0,0,0,0,0,0,0,0,9,0,0.00
20013,Sales Force,0,171,198,0,0.0,0,0,0,0,0,0,0,0,0,0,0,0,0,0,0,0,0,0,0,0,9,0,18.00
20025,Sales Force,0,189,198,0,0.0,0,0,0,0,0,0,0,0,0,0,0,0,0,0,0,0,0,0,0,0,9,0,0.00
20034,Sales Force,0,189,198,0,0.0,0,0,0,0,0,0,0,0,0,0,0,0,0,0,0,0,0,0,0,0,9,0,0.00
20036,Sales Force,0,189,198,0,0.0,0,0,0,0,0,0,0,0,0,0,0,0,0,0,0,0,0,0,0,0,9,0,0.00
20039,Sales Force,0,162,198,0,0.0,0,0,0,0,0,0,0,0,0,0,0,0,0,0,0,0,0,0,0,0,9,0,27.00
20042,Sales Force,0,189,198,0,0.0,0,0,0,0,0,0,0,0,0,0,0,0,0,0,0,0,0,0,0,0,9,0,0.00
20043,Sales Force,0,180,198,0,0.0,0,0,0,0,0,0,0,0,0,0,0,0,0,0,0,0,0,0,0,0,9,0,9.00
20044,Sales Force,0,171,198,0,0.0,0,0,0,0,0,0,0,0,0,0,0,0,0,0,0,0,0,0,0,0,9,0,18.00
20045,Sales Force,0,189,198,0,0.0,0,0,0,0,0,0,0,0,0,0,0,0,0,0,0,0,0,0,0,0,9,0,0.00
20047,Sales Force,0,171,198,0,0.0,0,0,18,0,0,0,0,0,0,0,0,0,0,0,0,0,0,0,0,0,9,0,0.00
20049,Sales Force,0,189,198,0,0.0,0,0,0,0,0,0,0,0,0,0,0,0,0,0,0,0,0,0,0,0,9,0,0.00
20050,Sales Force,0,189,198,0,0.0,0,0,0,0,0,0,0,0,0,0,0,0,0,0,0,0,0,0,0,0,9,0,0.00
20051,Sales Force,0,189,198,0,0.0,0,0,0,0,0,0,0,0,0,0,0,0,0,0,0,0,0,0,0,0,9,0,0.00
20053,Sales Force,0,189,198,0,0.0,0,0,0,0,0,0,0,0,0,0,0,0,0,0,0,0,0,0,0,0,9,0,0.00
20054,Sales Force,0,162,198,0,0.0,0,0,18,0,0,0,0,0,0,0,0,0,0,0,0,0,0,0,0,0,9,0,9.00
20055,Sales Force,0,153,198,0,0.0,0,0,18,0,0,0,0,0,0,0,0,0,0,0,0,0,0,0,0,0,9,0,18.00
